SessionID,DeviceType,Country,ReferralSource,Purchased,MaxStepOrder,Timestamp,furthest_step
session_0,Desktop,India,Social Media,0,0,2025-01-20 22:53:34,home
session_1,Tablet,Germany,Email,0,1,2025-02-26 12:57:10,product_page
session_10,Tablet,India,Direct,0,1,2025-05-17 22:11:37,product_page
session_100,Desktop,USA,Email,0,1,2025-04-02 11:24:36,product_page
session_1000,Mobile,France,Email,1,4,2025-08-25 09:34:15,confirmation
session_1001,Desktop,Germany,Direct,0,2,2025-03-27 20:11:23,cart
session_1002,Mobile,Canada,Direct,1,4,2025-02-11 10:53:09,confirmation
session_1003,Mobile,India,Social Media,0,1,2025-07-27 22:14:11,product_page
session_1004,Mobile,Canada,Social Media,0,0,2025-03-05 13:49:21,home
session_1005,Tablet,Germany,Google,0,1,2025-06-27 11:42:03,product_page
session_1006,Mobile,USA,Email,0,0,2025-01-03 08:21:05,home
session_1007,Mobile,France,Social Media,1,4,2025-01-20 23:48:43,confirmation
session_1008,Tablet,Canada,Social Media,0,1,2025-02-23 05:15:15,product_page
session_1009,Tablet,Australia,Social Media,0,2,2025-08-16 07:49:32,cart
session_101,Mobile,France,Direct,1,4,2025-04-14 06:47:08,confirmation
session_1010,Mobile,Canada,Social Media,0,2,2025-03-29 09:27:40,cart
session_1011,Desktop,Germany,Direct,0,1,2025-03-13 12:16:14,product_page
session_1012,Desktop,USA,Social Media,0,1,2025-04-13 01:30:35,product_page
session_1013,Mobile,France,Google,0,1,2025-02-02 15:50:12,product_page
session_1014,Desktop,Germany,Social Media,0,1,2025-03-05 17:25:17,product_page
session_1015,Mobile,Australia,Google,1,4,2025-01-19 08:34:02,confirmation
session_1016,Tablet,France,Direct,0,3,2025-07-09 17:47:10,checkout
session_1017,Tablet,Canada,Google,0,1,2025-05-09 06:39:16,product_page
session_1018,Tablet,France,Email,1,4,2025-05-12 17:24:26,confirmation
session_1019,Mobile,India,Social Media,1,4,2025-07-07 18:47:26,confirmation
session_102,Desktop,Australia,Direct,0,1,2025-02-12 23:06:34,product_page
session_1020,Mobile,Germany,Direct,0,1,2025-05-14 08:16:26,product_page
session_1021,Tablet,France,Direct,0,1,2025-07-12 19:48:40,product_page
session_1022,Tablet,USA,Social Media,1,4,2025-08-24 03:45:43,confirmation
session_1023,Desktop,France,Social Media,0,2,2025-04-29 01:28:02,cart
session_1024,Tablet,France,Google,0,1,2025-03-18 00:25:48,product_page
session_1025,Tablet,Australia,Direct,1,4,2025-01-23 17:20:14,confirmation
session_1026,Mobile,USA,Social Media,0,1,2025-02-22 18:50:18,product_page
session_1027,Mobile,France,Google,1,4,2025-04-30 22:36:42,confirmation
session_1028,Tablet,Australia,Google,1,4,2025-07-24 11:14:46,confirmation
session_1029,Desktop,France,Google,0,1,2025-06-03 23:29:35,product_page
session_103,Desktop,France,Social Media,0,1,2025-01-10 20:14:17,product_page
session_1030,Desktop,UK,Direct,0,1,2025-04-20 23:26:41,product_page
session_1031,Mobile,USA,Direct,1,4,2025-08-14 07:16:44,confirmation
session_1032,Mobile,India,Email,1,4,2025-08-06 12:57:39,confirmation
session_1033,Desktop,India,Direct,1,4,2025-04-13 11:48:04,confirmation
session_1034,Desktop,Canada,Email,0,1,2025-01-28 20:52:53,product_page
session_1035,Tablet,Australia,Google,0,1,2025-01-01 12:08:37,product_page
session_1036,Tablet,France,Social Media,0,1,2025-02-17 00:12:00,product_page
session_1037,Mobile,Germany,Email,0,1,2025-07-07 08:26:59,product_page
session_1038,Mobile,India,Social Media,1,4,2025-04-03 11:06:09,confirmation
session_1039,Desktop,Germany,Social Media,0,2,2025-03-06 23:22:43,cart
session_104,Tablet,UK,Social Media,0,1,2025-07-22 13:46:16,product_page
session_1040,Mobile,USA,Email,1,4,2025-04-19 16:51:08,confirmation
session_1041,Mobile,USA,Email,0,2,2025-05-06 23:36:39,cart
session_1042,Tablet,Australia,Social Media,0,0,2025-03-01 04:50:01,home
session_1043,Tablet,Canada,Email,0,0,2025-08-22 06:25:08,home
session_1044,Tablet,UK,Direct,0,1,2025-07-29 02:14:11,product_page
session_1045,Mobile,USA,Direct,1,4,2025-08-16 12:12:29,confirmation
session_1046,Mobile,USA,Email,0,1,2025-05-30 02:48:38,product_page
session_1047,Mobile,France,Email,0,1,2025-01-25 23:31:55,product_page
session_1048,Desktop,Canada,Direct,0,1,2025-04-09 16:49:27,product_page
session_1049,Desktop,USA,Google,1,4,2025-05-18 08:57:16,confirmation
session_105,Mobile,Canada,Social Media,0,1,2025-02-28 20:54:48,product_page
session_1050,Tablet,India,Direct,0,1,2025-04-17 04:11:10,product_page
session_1051,Mobile,UK,Direct,1,4,2025-05-17 11:05:23,confirmation
session_1052,Mobile,Australia,Email,0,3,2025-05-21 08:01:00,checkout
session_1053,Desktop,France,Google,0,2,2025-05-08 04:39:31,cart
session_1054,Desktop,Canada,Email,1,4,2025-04-11 17:57:23,confirmation
session_1055,Tablet,USA,Google,0,1,2025-01-01 05:00:01,product_page
session_1056,Mobile,India,Direct,0,1,2025-05-08 20:30:16,product_page
session_1057,Mobile,UK,Direct,0,1,2025-07-10 11:59:40,product_page
session_1058,Tablet,UK,Social Media,0,1,2025-01-04 09:16:20,product_page
session_1059,Mobile,Canada,Google,0,1,2025-03-17 12:12:56,product_page
session_106,Desktop,UK,Google,0,1,2025-01-26 20:08:51,product_page
session_1060,Tablet,USA,Direct,0,1,2025-02-11 03:56:07,product_page
session_1061,Mobile,USA,Social Media,1,4,2025-05-27 16:29:20,confirmation
session_1062,Mobile,France,Google,1,4,2025-01-06 04:50:38,confirmation
session_1063,Mobile,Germany,Social Media,0,1,2025-07-04 20:08:16,product_page
session_1064,Desktop,USA,Email,0,1,2025-08-13 14:48:20,product_page
session_1065,Tablet,France,Google,0,0,2025-03-24 07:15:53,home
session_1066,Tablet,Australia,Google,0,1,2025-01-28 20:20:57,product_page
session_1067,Mobile,Australia,Google,0,0,2025-02-04 21:52:32,home
session_1068,Tablet,Germany,Direct,0,1,2025-08-24 18:18:04,product_page
session_1069,Tablet,Germany,Direct,0,1,2025-07-23 03:18:17,product_page
session_107,Mobile,UK,Email,0,1,2025-01-02 05:30:07,product_page
session_1070,Tablet,India,Social Media,0,2,2025-04-30 14:49:17,cart
session_1071,Desktop,Germany,Social Media,0,1,2025-02-27 03:03:27,product_page
session_1072,Mobile,USA,Google,0,1,2025-07-23 17:27:43,product_page
session_1073,Mobile,UK,Google,1,4,2025-01-07 04:40:36,confirmation
session_1074,Desktop,France,Direct,1,4,2025-07-26 17:28:22,confirmation
session_1075,Desktop,Australia,Google,0,1,2025-02-13 01:15:13,product_page
session_1076,Desktop,UK,Google,0,1,2025-02-06 13:39:51,product_page
session_1077,Desktop,Australia,Google,0,0,2025-08-27 15:06:44,home
session_1078,Desktop,Germany,Email,0,0,2025-07-12 15:30:28,home
session_1079,Mobile,UK,Direct,0,1,2025-07-14 03:19:39,product_page
session_108,Mobile,Canada,Email,0,1,2025-02-21 13:57:38,product_page
session_1080,Tablet,Germany,Social Media,0,2,2025-05-31 00:16:02,cart
session_1081,Tablet,UK,Google,0,0,2025-04-21 03:29:55,home
session_1082,Mobile,Germany,Google,0,0,2025-03-31 03:00:13,home
session_1083,Tablet,USA,Direct,0,1,2025-04-07 18:13:46,product_page
session_1084,Desktop,Australia,Email,0,0,2025-05-31 04:01:09,home
session_1085,Mobile,UK,Direct,0,2,2025-01-11 04:27:52,cart
session_1086,Mobile,India,Social Media,0,0,2025-04-14 15:24:24,home
session_1087,Mobile,France,Email,0,1,2025-04-30 11:18:19,product_page
session_1088,Desktop,UK,Google,1,4,2025-04-25 07:22:41,confirmation
session_1089,Tablet,Germany,Google,0,0,2025-02-03 08:57:13,home
session_109,Mobile,Canada,Google,1,4,2025-07-30 14:11:29,confirmation
session_1090,Mobile,Australia,Google,0,1,2025-02-07 02:36:06,product_page
session_1091,Desktop,Canada,Email,0,1,2025-05-24 22:17:17,product_page
session_1092,Desktop,Germany,Email,0,1,2025-08-26 00:54:50,product_page
session_1093,Desktop,USA,Direct,0,1,2025-05-10 11:35:13,product_page
session_1094,Mobile,Germany,Google,0,0,2025-05-26 22:54:50,home
session_1095,Tablet,USA,Direct,0,1,2025-03-08 08:19:55,product_page
session_1096,Tablet,France,Email,0,1,2025-02-16 11:03:21,product_page
session_1097,Mobile,India,Direct,0,0,2025-05-24 10:50:25,home
session_1098,Tablet,USA,Google,0,1,2025-06-08 04:07:21,product_page
session_1099,Desktop,Australia,Direct,0,0,2025-08-04 21:20:58,home
session_11,Tablet,USA,Direct,0,2,2025-06-11 20:27:05,cart
session_110,Tablet,Canada,Direct,1,4,2025-01-30 08:29:05,confirmation
session_1100,Mobile,Germany,Social Media,1,4,2025-07-29 13:25:47,confirmation
session_1101,Tablet,Canada,Google,0,0,2025-08-13 21:20:28,home
session_1102,Tablet,France,Email,0,0,2025-06-04 20:23:48,home
session_1103,Desktop,India,Social Media,0,0,2025-03-26 15:15:04,home
session_1104,Desktop,India,Google,0,1,2025-05-12 16:50:58,product_page
session_1105,Mobile,UK,Google,0,1,2025-02-12 07:45:46,product_page
session_1106,Desktop,India,Google,0,1,2025-08-23 07:47:50,product_page
session_1107,Desktop,France,Direct,0,1,2025-07-22 15:28:06,product_page
session_1108,Mobile,France,Direct,1,4,2025-05-17 04:56:50,confirmation
session_1109,Tablet,India,Google,0,1,2025-07-31 16:07:04,product_page
session_111,Desktop,Germany,Email,0,1,2025-08-27 10:04:00,product_page
session_1110,Mobile,USA,Social Media,1,4,2025-01-17 20:28:51,confirmation
session_1111,Desktop,Germany,Email,1,4,2025-04-05 07:22:15,confirmation
session_1112,Desktop,France,Direct,1,4,2025-08-19 03:29:33,confirmation
session_1113,Tablet,India,Google,0,0,2025-07-08 12:44:08,home
session_1114,Desktop,UK,Google,0,1,2025-06-24 13:11:38,product_page
session_1115,Tablet,Australia,Google,1,4,2025-08-10 10:08:13,confirmation
session_1116,Desktop,Canada,Email,1,4,2025-07-22 08:03:08,confirmation
session_1117,Tablet,USA,Google,1,4,2025-05-14 17:11:31,confirmation
session_1118,Mobile,France,Direct,1,4,2025-04-27 09:22:43,confirmation
session_1119,Desktop,USA,Email,0,3,2025-03-16 05:41:47,checkout
session_112,Tablet,Canada,Social Media,0,1,2025-06-22 06:14:23,product_page
session_1120,Mobile,UK,Email,0,1,2025-08-11 13:34:39,product_page
session_1121,Mobile,Germany,Social Media,0,2,2025-01-03 17:49:27,cart
session_1122,Mobile,Germany,Direct,0,1,2025-02-02 19:04:01,product_page
session_1123,Mobile,France,Google,0,1,2025-06-03 17:05:22,product_page
session_1124,Desktop,USA,Social Media,0,1,2025-03-26 01:55:11,product_page
session_1125,Desktop,India,Direct,1,4,2025-05-21 19:51:45,confirmation
session_1126,Mobile,Canada,Direct,0,0,2025-04-23 12:45:30,home
session_1127,Desktop,France,Google,0,0,2025-06-25 23:52:10,home
session_1128,Mobile,Canada,Direct,1,4,2025-06-20 23:56:18,confirmation
session_1129,Mobile,France,Google,0,2,2025-08-03 12:11:21,cart
session_113,Tablet,UK,Email,0,1,2025-01-24 01:46:09,product_page
session_1130,Mobile,India,Email,1,4,2025-01-29 11:20:30,confirmation
session_1131,Mobile,Canada,Google,0,1,2025-01-10 03:41:06,product_page
session_1132,Desktop,India,Email,1,4,2025-03-21 10:24:51,confirmation
session_1133,Desktop,Canada,Direct,0,1,2025-04-07 14:31:07,product_page
session_1134,Mobile,France,Google,1,4,2025-04-13 08:55:03,confirmation
session_1135,Tablet,Canada,Social Media,0,1,2025-07-06 19:09:22,product_page
session_1136,Mobile,Australia,Direct,0,1,2025-08-09 09:34:17,product_page
session_1137,Mobile,France,Email,1,4,2025-07-31 07:30:50,confirmation
session_1138,Tablet,Canada,Google,0,1,2025-01-22 05:38:41,product_page
session_1139,Mobile,Germany,Google,0,2,2025-08-13 07:46:18,cart
session_114,Mobile,Germany,Email,0,1,2025-03-07 16:44:46,product_page
session_1140,Mobile,UK,Direct,0,0,2025-07-07 04:09:36,home
session_1141,Tablet,USA,Email,1,4,2025-03-30 00:02:15,confirmation
session_1142,Tablet,Canada,Email,0,1,2025-03-20 03:47:31,product_page
session_1143,Desktop,Germany,Email,0,3,2025-07-11 05:51:34,checkout
session_1144,Desktop,Australia,Email,0,1,2025-01-23 21:38:36,product_page
session_1145,Desktop,France,Email,0,3,2025-06-18 17:36:06,checkout
session_1146,Mobile,USA,Social Media,1,4,2025-06-13 17:18:34,confirmation
session_1147,Desktop,Australia,Social Media,1,4,2025-03-20 11:49:36,confirmation
session_1148,Desktop,Australia,Email,0,1,2025-06-28 03:46:20,product_page
session_1149,Tablet,Germany,Social Media,0,2,2025-07-12 02:59:48,cart
session_115,Tablet,UK,Direct,0,1,2025-04-17 22:20:10,product_page
session_1150,Tablet,India,Email,0,0,2025-06-23 19:45:50,home
session_1151,Mobile,France,Direct,1,4,2025-05-01 14:01:47,confirmation
session_1152,Tablet,UK,Social Media,0,1,2025-02-28 04:57:04,product_page
session_1153,Mobile,UK,Social Media,0,1,2025-01-29 06:47:08,product_page
session_1154,Desktop,Germany,Email,0,1,2025-05-24 03:08:44,product_page
session_1155,Desktop,UK,Social Media,1,4,2025-02-11 15:47:51,confirmation
session_1156,Mobile,France,Social Media,0,0,2025-03-12 06:36:53,home
session_1157,Mobile,France,Direct,0,1,2025-04-10 23:31:18,product_page
session_1158,Mobile,India,Google,0,1,2025-02-26 14:06:58,product_page
session_1159,Mobile,Canada,Email,0,1,2025-08-01 18:42:36,product_page
session_116,Tablet,Germany,Email,0,1,2025-08-09 08:34:48,product_page
session_1160,Desktop,India,Direct,0,1,2025-01-25 00:26:25,product_page
session_1161,Mobile,France,Google,1,4,2025-03-05 21:14:14,confirmation
session_1162,Mobile,India,Social Media,0,1,2025-06-14 00:45:10,product_page
session_1163,Tablet,Germany,Email,0,0,2025-06-08 04:40:38,home
session_1164,Mobile,India,Direct,0,2,2025-03-01 09:09:45,cart
session_1165,Desktop,USA,Direct,0,1,2025-07-23 17:04:06,product_page
session_1166,Tablet,India,Google,0,2,2025-07-04 05:26:31,cart
session_1167,Desktop,UK,Direct,0,1,2025-03-10 06:57:41,product_page
session_1168,Tablet,UK,Direct,0,3,2025-07-19 18:16:54,checkout
session_1169,Tablet,France,Email,1,4,2025-07-30 01:35:29,confirmation
session_117,Tablet,UK,Social Media,0,1,2025-05-04 20:49:01,product_page
session_1170,Tablet,Germany,Social Media,0,0,2025-07-10 15:06:49,home
session_1171,Tablet,Australia,Direct,0,1,2025-02-24 04:35:50,product_page
session_1172,Desktop,Australia,Email,1,4,2025-08-17 22:11:20,confirmation
session_1173,Desktop,UK,Social Media,0,1,2025-01-30 12:41:00,product_page
session_1174,Mobile,India,Social Media,0,1,2025-05-17 10:02:30,product_page
session_1175,Tablet,India,Google,1,4,2025-08-08 22:03:57,confirmation
session_1176,Desktop,UK,Social Media,0,1,2025-01-01 01:20:08,product_page
session_1177,Desktop,Canada,Google,0,1,2025-04-13 14:24:21,product_page
session_1178,Desktop,Canada,Google,1,4,2025-05-10 03:28:14,confirmation
session_1179,Mobile,UK,Google,0,0,2025-05-25 00:23:09,home
session_118,Mobile,USA,Direct,0,1,2025-02-10 09:54:26,product_page
session_1180,Mobile,Australia,Google,0,1,2025-07-09 02:08:47,product_page
session_1181,Tablet,Canada,Email,1,4,2025-03-26 21:15:12,confirmation
session_1182,Desktop,India,Social Media,0,1,2025-04-25 02:18:17,product_page
session_1183,Mobile,UK,Social Media,0,1,2025-02-05 03:27:09,product_page
session_1184,Desktop,Canada,Social Media,0,1,2025-08-13 13:55:25,product_page
session_1185,Mobile,Germany,Social Media,0,3,2025-03-29 23:13:01,checkout
session_1186,Mobile,Australia,Direct,0,1,2025-06-27 14:45:15,product_page
session_1187,Desktop,Germany,Email,1,4,2025-01-05 04:42:32,confirmation
session_1188,Desktop,Germany,Direct,0,1,2025-07-18 14:43:04,product_page
session_1189,Mobile,Canada,Google,0,1,2025-06-12 11:16:36,product_page
session_119,Tablet,UK,Social Media,1,4,2025-08-06 05:01:41,confirmation
session_1190,Mobile,Germany,Direct,0,1,2025-01-10 18:47:01,product_page
session_1191,Tablet,Australia,Email,0,1,2025-03-15 15:52:13,product_page
session_1192,Desktop,India,Google,0,2,2025-06-24 00:16:51,cart
session_1193,Desktop,India,Direct,0,1,2025-02-16 02:29:55,product_page
session_1194,Tablet,Germany,Direct,0,0,2025-08-31 21:10:50,home
session_1195,Desktop,USA,Google,0,1,2025-04-27 07:16:17,product_page
session_1196,Tablet,USA,Google,1,4,2025-04-28 07:28:36,confirmation
session_1197,Tablet,Australia,Google,1,4,2025-01-27 04:36:16,confirmation
session_1198,Tablet,India,Google,0,0,2025-07-17 00:47:16,home
session_1199,Mobile,UK,Direct,0,1,2025-05-03 18:49:12,product_page
session_12,Mobile,France,Email,0,2,2025-03-31 11:11:46,cart
session_120,Mobile,Germany,Social Media,1,4,2025-07-04 20:22:01,confirmation
session_1200,Tablet,USA,Google,0,2,2025-02-16 18:25:02,cart
session_1201,Desktop,UK,Google,0,3,2025-07-17 16:49:07,checkout
session_1202,Desktop,UK,Email,0,1,2025-02-02 04:53:46,product_page
session_1203,Desktop,Germany,Direct,0,1,2025-07-02 07:21:53,product_page
session_1204,Tablet,France,Email,0,1,2025-05-27 00:07:26,product_page
session_1205,Tablet,Australia,Direct,0,1,2025-01-20 09:49:13,product_page
session_1206,Desktop,France,Social Media,1,4,2025-06-19 10:29:08,confirmation
session_1207,Mobile,UK,Direct,0,0,2025-01-27 02:08:52,home
session_1208,Tablet,India,Email,0,1,2025-03-06 02:46:16,product_page
session_1209,Tablet,India,Direct,0,1,2025-08-26 22:39:00,product_page
session_121,Tablet,Germany,Email,0,2,2025-03-22 20:52:08,cart
session_1210,Desktop,UK,Google,0,1,2025-02-06 08:56:31,product_page
session_1211,Mobile,UK,Google,1,4,2025-01-26 03:41:34,confirmation
session_1212,Mobile,Canada,Social Media,0,1,2025-05-21 23:01:38,product_page
session_1213,Tablet,USA,Email,1,4,2025-03-17 22:46:26,confirmation
session_1214,Desktop,USA,Email,1,4,2025-01-09 16:59:51,confirmation
session_1215,Desktop,UK,Direct,0,0,2025-05-16 09:11:23,home
session_1216,Mobile,USA,Direct,0,0,2025-04-25 06:22:57,home
session_1217,Tablet,USA,Google,0,1,2025-02-01 13:58:46,product_page
session_1218,Mobile,Australia,Google,0,1,2025-08-03 08:27:38,product_page
session_1219,Mobile,Germany,Google,0,1,2025-03-24 21:31:13,product_page
session_122,Desktop,UK,Google,0,1,2025-04-14 17:49:42,product_page
session_1220,Tablet,Canada,Email,0,2,2025-07-02 16:54:21,cart
session_1221,Mobile,France,Google,0,0,2025-04-14 17:10:02,home
session_1222,Desktop,Germany,Direct,0,0,2025-07-26 11:40:46,home
session_1223,Tablet,Canada,Email,0,1,2025-03-15 09:16:57,product_page
session_1224,Tablet,Canada,Email,0,1,2025-03-18 15:41:08,product_page
session_1225,Tablet,UK,Direct,0,1,2025-08-24 16:02:40,product_page
session_1226,Desktop,India,Google,1,4,2025-07-29 09:41:12,confirmation
session_1227,Mobile,USA,Google,0,2,2025-04-06 19:05:50,cart
session_1228,Tablet,Australia,Google,0,0,2025-01-15 03:55:56,home
session_1229,Mobile,UK,Email,1,4,2025-06-22 06:15:35,confirmation
session_123,Mobile,Canada,Social Media,0,1,2025-05-31 18:23:17,product_page
session_1230,Mobile,UK,Direct,0,0,2025-02-22 02:53:12,home
session_1231,Tablet,France,Google,1,4,2025-03-09 21:17:05,confirmation
session_1232,Desktop,India,Email,0,0,2025-03-19 08:04:42,home
session_1233,Tablet,UK,Direct,1,4,2025-05-19 02:32:27,confirmation
session_1234,Tablet,USA,Direct,0,0,2025-03-14 21:22:07,home
session_1235,Mobile,Canada,Google,0,0,2025-01-28 14:39:57,home
session_1236,Mobile,Germany,Social Media,0,1,2025-01-30 18:47:51,product_page
session_1237,Mobile,Germany,Email,0,1,2025-08-10 06:22:11,product_page
session_1238,Mobile,USA,Google,0,1,2025-05-01 08:19:55,product_page
session_1239,Desktop,Germany,Email,0,1,2025-07-06 05:35:55,product_page
session_124,Desktop,Germany,Social Media,1,4,2025-07-10 12:27:01,confirmation
session_1240,Tablet,Australia,Google,0,0,2025-03-12 16:16:50,home
session_1241,Tablet,Germany,Social Media,0,3,2025-02-02 03:56:14,checkout
session_1242,Tablet,Australia,Email,0,1,2025-05-03 14:45:17,product_page
session_1243,Mobile,UK,Social Media,1,4,2025-04-26 15:23:24,confirmation
session_1244,Desktop,Australia,Direct,0,0,2025-01-12 05:53:17,home
session_1245,Mobile,Canada,Email,0,0,2025-08-27 16:07:59,home
session_1246,Desktop,India,Direct,0,0,2025-05-01 22:28:24,home
session_1247,Tablet,France,Google,1,4,2025-03-31 09:42:46,confirmation
session_1248,Tablet,France,Google,0,1,2025-06-05 10:52:48,product_page
session_1249,Desktop,UK,Google,0,1,2025-04-11 14:42:06,product_page
session_125,Tablet,India,Email,0,1,2025-04-16 21:41:55,product_page
session_1250,Tablet,UK,Email,0,1,2025-06-18 11:29:18,product_page
session_1251,Tablet,Germany,Email,0,1,2025-02-22 03:51:38,product_page
session_1252,Tablet,Germany,Direct,0,0,2025-07-28 16:43:38,home
session_1253,Mobile,USA,Direct,1,4,2025-01-09 13:09:05,confirmation
session_1254,Mobile,Germany,Email,0,3,2025-06-16 22:36:12,checkout
session_1255,Tablet,Canada,Direct,0,2,2025-03-25 10:22:55,cart
session_1256,Mobile,UK,Google,0,1,2025-06-16 10:16:11,product_page
session_1257,Desktop,Australia,Email,1,4,2025-02-08 08:04:07,confirmation
session_1258,Mobile,USA,Social Media,0,1,2025-04-07 18:56:08,product_page
session_1259,Tablet,France,Social Media,0,3,2025-01-29 22:20:32,checkout
session_126,Mobile,USA,Direct,0,0,2025-04-04 21:24:43,home
session_1260,Mobile,Australia,Google,0,3,2025-07-12 14:24:09,checkout
session_1261,Mobile,France,Social Media,0,1,2025-06-07 18:28:47,product_page
session_1262,Desktop,India,Google,1,4,2025-03-28 07:37:43,confirmation
session_1263,Mobile,UK,Direct,0,1,2025-07-07 11:43:02,product_page
session_1264,Tablet,Australia,Email,0,1,2025-06-12 02:03:32,product_page
session_1265,Mobile,Australia,Email,1,4,2025-02-01 01:42:31,confirmation
session_1266,Mobile,USA,Social Media,1,4,2025-07-03 00:20:28,confirmation
session_1267,Mobile,Australia,Google,0,1,2025-02-08 11:45:40,product_page
session_1268,Desktop,UK,Social Media,0,1,2025-05-07 06:43:23,product_page
session_1269,Mobile,France,Email,0,0,2025-01-26 08:51:12,home
session_127,Tablet,India,Email,0,2,2025-07-02 12:04:14,cart
session_1270,Tablet,India,Direct,0,1,2025-07-10 10:03:21,product_page
session_1271,Tablet,Canada,Direct,0,1,2025-08-10 19:07:38,product_page
session_1272,Mobile,France,Email,1,4,2025-07-09 07:36:11,confirmation
session_1273,Tablet,UK,Direct,1,4,2025-04-26 16:31:28,confirmation
session_1274,Tablet,India,Email,0,0,2025-02-17 07:03:08,home
session_1275,Tablet,Canada,Google,0,0,2025-08-20 09:24:59,home
session_1276,Mobile,Canada,Google,0,2,2025-04-03 23:09:28,cart
session_1277,Tablet,Canada,Google,0,1,2025-08-10 22:16:49,product_page
session_1278,Mobile,Australia,Email,0,1,2025-07-15 18:42:34,product_page
session_1279,Mobile,Australia,Social Media,1,4,2025-06-27 11:06:39,confirmation
session_128,Desktop,UK,Direct,1,4,2025-06-09 20:30:32,confirmation
session_1280,Tablet,Australia,Direct,0,2,2025-08-28 22:40:19,cart
session_1281,Desktop,Canada,Social Media,0,0,2025-05-19 14:09:54,home
session_1282,Tablet,Canada,Direct,0,2,2025-03-03 18:44:20,cart
session_1283,Tablet,Germany,Email,0,0,2025-08-16 16:09:20,home
session_1284,Desktop,Germany,Google,1,4,2025-02-16 18:32:21,confirmation
session_1285,Mobile,Germany,Direct,1,4,2025-06-15 13:01:29,confirmation
session_1286,Desktop,India,Direct,0,1,2025-01-02 00:02:16,product_page
session_1287,Desktop,Germany,Social Media,0,1,2025-02-09 21:52:43,product_page
session_1288,Desktop,India,Direct,0,1,2025-03-26 12:28:57,product_page
session_1289,Mobile,USA,Direct,0,1,2025-01-29 10:14:01,product_page
session_129,Desktop,UK,Direct,0,1,2025-04-11 17:04:06,product_page
session_1290,Mobile,Australia,Google,0,2,2025-06-20 07:43:31,cart
session_1291,Tablet,France,Google,1,4,2025-03-08 18:45:26,confirmation
session_1292,Tablet,France,Google,1,4,2025-05-23 08:09:13,confirmation
session_1293,Tablet,India,Email,1,4,2025-07-10 14:38:24,confirmation
session_1294,Mobile,Canada,Social Media,0,1,2025-03-16 03:16:11,product_page
session_1295,Tablet,UK,Email,0,1,2025-02-14 09:15:12,product_page
session_1296,Mobile,Germany,Email,0,0,2025-02-15 01:12:42,home
session_1297,Desktop,France,Email,0,1,2025-07-09 07:59:32,product_page
session_1298,Mobile,Germany,Google,1,4,2025-03-03 09:36:50,confirmation
session_1299,Tablet,India,Social Media,0,1,2025-07-12 14:02:17,product_page
session_13,Tablet,USA,Direct,0,2,2025-08-01 19:45:33,cart
session_130,Desktop,Germany,Social Media,1,4,2025-03-24 20:29:41,confirmation
session_1300,Tablet,India,Email,0,0,2025-06-07 17:01:04,home
session_1301,Mobile,Canada,Google,0,3,2025-01-27 15:59:22,checkout
session_1302,Tablet,Germany,Google,0,0,2025-04-07 10:07:26,home
session_1303,Desktop,USA,Direct,0,1,2025-07-04 16:56:33,product_page
session_1304,Desktop,USA,Direct,0,1,2025-06-06 02:08:40,product_page
session_1305,Mobile,Canada,Email,0,1,2025-07-03 21:03:26,product_page
session_1306,Mobile,UK,Direct,0,1,2025-04-05 20:14:10,product_page
session_1307,Tablet,Germany,Social Media,0,1,2025-02-10 07:24:45,product_page
session_1308,Tablet,Canada,Email,0,1,2025-05-31 09:08:19,product_page
session_1309,Tablet,Canada,Google,0,1,2025-04-11 06:37:42,product_page
session_131,Tablet,France,Social Media,0,1,2025-03-03 18:27:07,product_page
session_1310,Tablet,USA,Google,0,2,2025-06-23 07:07:59,cart
session_1311,Tablet,France,Direct,1,4,2025-05-12 07:12:45,confirmation
session_1312,Mobile,UK,Social Media,1,4,2025-08-21 00:49:24,confirmation
session_1313,Tablet,Canada,Direct,0,0,2025-01-22 17:49:15,home
session_1314,Desktop,India,Direct,0,1,2025-04-19 04:35:00,product_page
session_1315,Tablet,Germany,Direct,0,0,2025-07-29 09:01:13,home
session_1316,Mobile,Germany,Email,0,1,2025-03-20 04:55:34,product_page
session_1317,Tablet,UK,Direct,0,1,2025-06-21 16:12:57,product_page
session_1318,Desktop,UK,Social Media,0,1,2025-03-16 05:50:16,product_page
session_1319,Desktop,Canada,Direct,1,4,2025-04-12 00:19:41,confirmation
session_132,Mobile,Canada,Direct,0,0,2025-03-06 23:58:12,home
session_1320,Tablet,France,Social Media,0,1,2025-07-19 02:06:09,product_page
session_1321,Mobile,Australia,Social Media,1,4,2025-03-02 21:06:45,confirmation
session_1322,Mobile,UK,Social Media,1,4,2025-03-19 00:18:09,confirmation
session_1323,Mobile,USA,Direct,0,0,2025-03-06 08:17:07,home
session_1324,Desktop,Germany,Email,0,1,2025-04-01 10:37:11,product_page
session_1325,Tablet,USA,Email,0,1,2025-02-10 12:59:31,product_page
session_1326,Mobile,Germany,Email,0,0,2025-08-13 01:13:28,home
session_1327,Tablet,India,Social Media,0,0,2025-07-30 19:02:52,home
session_1328,Tablet,UK,Google,0,0,2025-04-20 01:18:03,home
session_1329,Desktop,India,Direct,0,0,2025-01-02 09:03:16,home
session_133,Tablet,UK,Email,0,1,2025-04-11 04:38:11,product_page
session_1330,Mobile,Canada,Social Media,0,0,2025-03-31 22:02:04,home
session_1331,Tablet,France,Social Media,1,4,2025-06-15 10:01:40,confirmation
session_1332,Desktop,Germany,Email,0,1,2025-01-17 16:15:30,product_page
session_1333,Desktop,USA,Email,1,4,2025-07-16 23:12:31,confirmation
session_1334,Mobile,Australia,Social Media,1,4,2025-07-31 09:07:55,confirmation
session_1335,Desktop,USA,Email,1,4,2025-05-03 14:19:28,confirmation
session_1336,Desktop,India,Email,0,1,2025-04-17 07:00:17,product_page
session_1337,Mobile,Canada,Google,0,0,2025-03-23 00:39:30,home
session_1338,Desktop,UK,Social Media,0,3,2025-05-03 06:08:28,checkout
session_1339,Mobile,France,Google,0,2,2025-07-23 23:45:45,cart
session_134,Tablet,France,Email,0,1,2025-03-18 14:12:14,product_page
session_1340,Tablet,USA,Social Media,1,4,2025-03-11 19:55:02,confirmation
session_1341,Mobile,USA,Google,0,2,2025-02-19 05:43:19,cart
session_1342,Desktop,Australia,Direct,1,4,2025-01-27 14:01:49,confirmation
session_1343,Mobile,France,Direct,0,1,2025-01-26 20:42:42,product_page
session_1344,Tablet,Australia,Email,1,4,2025-03-11 14:03:32,confirmation
session_1345,Tablet,France,Social Media,0,1,2025-02-11 03:55:31,product_page
session_1346,Tablet,Canada,Social Media,0,1,2025-06-03 09:18:50,product_page
session_1347,Mobile,USA,Direct,0,1,2025-08-24 12:15:38,product_page
session_1348,Tablet,India,Direct,0,0,2025-02-11 15:04:37,home
session_1349,Tablet,USA,Google,0,1,2025-07-19 16:50:09,product_page
session_135,Mobile,India,Google,0,3,2025-04-08 05:48:29,checkout
session_1350,Tablet,USA,Social Media,1,4,2025-07-28 04:16:10,confirmation
session_1351,Mobile,Canada,Email,0,1,2025-01-10 12:41:59,product_page
session_1352,Tablet,Canada,Google,0,1,2025-05-05 05:14:12,product_page
session_1353,Desktop,UK,Email,0,1,2025-02-23 08:32:05,product_page
session_1354,Desktop,India,Google,0,1,2025-03-07 12:37:27,product_page
session_1355,Mobile,Canada,Social Media,0,0,2025-07-11 22:07:56,home
session_1356,Desktop,France,Email,0,0,2025-04-07 06:05:11,home
session_1357,Tablet,Canada,Google,0,1,2025-05-27 23:12:39,product_page
session_1358,Mobile,France,Direct,0,1,2025-01-16 13:38:27,product_page
session_1359,Tablet,India,Direct,0,1,2025-04-08 05:57:38,product_page
session_136,Mobile,Canada,Social Media,0,1,2025-03-15 10:09:41,product_page
session_1360,Mobile,India,Email,0,1,2025-05-20 11:52:19,product_page
session_1361,Desktop,India,Email,0,0,2025-05-26 21:13:48,home
session_1362,Tablet,USA,Direct,0,1,2025-08-09 12:51:06,product_page
session_1363,Mobile,UK,Direct,0,1,2025-04-27 15:13:16,product_page
session_1364,Mobile,UK,Email,0,1,2025-08-05 05:36:08,product_page
session_1365,Desktop,Canada,Social Media,0,1,2025-07-23 04:07:42,product_page
session_1366,Tablet,France,Direct,0,1,2025-08-12 20:14:47,product_page
session_1367,Mobile,USA,Direct,0,1,2025-07-26 06:13:12,product_page
session_1368,Tablet,USA,Email,0,0,2025-06-17 08:23:01,home
session_1369,Tablet,Australia,Email,1,4,2025-07-11 14:51:53,confirmation
session_137,Tablet,India,Social Media,0,1,2025-03-31 15:09:39,product_page
session_1370,Tablet,UK,Direct,0,1,2025-07-09 22:20:01,product_page
session_1371,Tablet,USA,Email,0,1,2025-08-13 09:50:20,product_page
session_1372,Mobile,Canada,Social Media,0,0,2025-04-27 20:24:00,home
session_1373,Tablet,Germany,Social Media,0,1,2025-05-28 18:30:28,product_page
session_1374,Mobile,Australia,Google,0,0,2025-05-07 14:49:17,home
session_1375,Desktop,Canada,Social Media,1,4,2025-06-22 03:48:44,confirmation
session_1376,Tablet,UK,Social Media,0,0,2025-04-13 14:12:45,home
session_1377,Tablet,USA,Social Media,0,1,2025-03-10 12:14:14,product_page
session_1378,Desktop,Australia,Google,0,1,2025-06-06 05:49:28,product_page
session_1379,Mobile,Australia,Email,0,2,2025-02-17 03:19:21,cart
session_138,Tablet,USA,Google,1,4,2025-07-19 22:50:50,confirmation
session_1380,Tablet,Germany,Google,0,1,2025-01-10 19:22:06,product_page
session_1381,Desktop,Canada,Social Media,0,1,2025-06-14 17:30:28,product_page
session_1382,Tablet,India,Google,0,1,2025-01-31 08:56:53,product_page
session_1383,Desktop,UK,Google,0,1,2025-02-15 23:10:00,product_page
session_1384,Desktop,USA,Social Media,0,1,2025-05-03 18:00:33,product_page
session_1385,Tablet,UK,Google,0,0,2025-06-24 02:06:49,home
session_1386,Mobile,Canada,Social Media,0,2,2025-05-17 06:41:46,cart
session_1387,Desktop,Canada,Google,0,1,2025-06-25 23:05:35,product_page
session_1388,Mobile,India,Direct,0,1,2025-07-21 17:43:16,product_page
session_1389,Tablet,India,Social Media,1,4,2025-02-13 23:54:39,confirmation
session_139,Mobile,Canada,Email,0,1,2025-03-15 14:00:00,product_page
session_1390,Desktop,USA,Social Media,0,0,2025-08-09 15:08:36,home
session_1391,Mobile,India,Direct,0,1,2025-08-14 12:31:34,product_page
session_1392,Desktop,India,Direct,0,1,2025-06-11 10:44:40,product_page
session_1393,Desktop,UK,Google,1,4,2025-08-14 12:19:04,confirmation
session_1394,Desktop,USA,Social Media,0,1,2025-06-04 11:21:41,product_page
session_1395,Mobile,UK,Google,0,1,2025-04-24 16:36:44,product_page
session_1396,Desktop,UK,Social Media,0,1,2025-01-24 11:58:29,product_page
session_1397,Mobile,Germany,Social Media,0,1,2025-05-20 06:52:44,product_page
session_1398,Mobile,India,Google,0,2,2025-06-24 17:33:14,cart
session_1399,Desktop,France,Google,0,1,2025-02-01 20:49:41,product_page
session_14,Mobile,Australia,Email,0,1,2025-04-14 13:14:53,product_page
session_140,Desktop,Canada,Google,0,2,2025-04-17 17:37:40,cart
session_1400,Mobile,Germany,Google,0,1,2025-02-23 15:35:23,product_page
session_1401,Desktop,Germany,Direct,0,0,2025-08-29 01:13:02,home
session_1402,Tablet,Australia,Email,0,1,2025-06-09 01:11:20,product_page
session_1403,Mobile,Canada,Google,0,1,2025-02-19 06:57:48,product_page
session_1404,Tablet,France,Social Media,0,1,2025-01-26 11:22:52,product_page
session_1405,Desktop,France,Direct,0,2,2025-04-26 05:52:55,cart
session_1406,Tablet,Canada,Social Media,1,4,2025-04-21 17:05:00,confirmation
session_1407,Tablet,France,Email,0,1,2025-08-22 00:23:06,product_page
session_1408,Tablet,Germany,Social Media,0,1,2025-01-26 10:09:14,product_page
session_1409,Desktop,UK,Email,0,1,2025-03-22 10:24:27,product_page
session_141,Mobile,Australia,Email,0,1,2025-06-09 06:55:12,product_page
session_1410,Tablet,Canada,Social Media,0,0,2025-07-27 20:04:08,home
session_1411,Mobile,USA,Google,0,0,2025-01-21 16:14:20,home
session_1412,Desktop,Germany,Google,0,1,2025-01-15 20:45:17,product_page
session_1413,Mobile,Canada,Email,0,1,2025-07-27 11:42:07,product_page
session_1414,Tablet,Canada,Google,0,1,2025-04-25 05:26:53,product_page
session_1415,Tablet,USA,Email,1,4,2025-05-15 02:02:10,confirmation
session_1416,Desktop,France,Email,0,1,2025-01-14 14:53:38,product_page
session_1417,Mobile,India,Direct,0,3,2025-08-25 20:57:50,checkout
session_1418,Desktop,USA,Direct,0,1,2025-04-26 08:12:26,product_page
session_1419,Tablet,Germany,Email,0,1,2025-06-04 06:56:13,product_page
session_142,Desktop,UK,Google,0,1,2025-05-03 06:26:48,product_page
session_1420,Desktop,UK,Google,0,1,2025-02-05 08:27:39,product_page
session_1421,Mobile,India,Direct,0,2,2025-08-22 06:06:40,cart
session_1422,Tablet,Australia,Direct,0,1,2025-08-20 10:41:52,product_page
session_1423,Mobile,France,Google,0,1,2025-08-01 07:58:05,product_page
session_1424,Desktop,USA,Google,1,4,2025-07-19 20:48:34,confirmation
session_1425,Desktop,USA,Google,0,0,2025-03-02 18:24:21,home
session_1426,Desktop,UK,Email,0,1,2025-01-09 10:15:17,product_page
session_1427,Tablet,France,Social Media,0,0,2025-05-14 15:05:19,home
session_1428,Desktop,UK,Social Media,0,2,2025-01-07 14:34:36,cart
session_1429,Desktop,India,Direct,0,0,2025-01-31 14:46:37,home
session_143,Mobile,France,Direct,0,1,2025-07-22 22:17:32,product_page
session_1430,Desktop,India,Social Media,0,3,2025-03-15 08:09:17,checkout
session_1431,Tablet,Germany,Direct,0,1,2025-04-22 16:25:03,product_page
session_1432,Desktop,USA,Direct,0,1,2025-02-28 13:19:22,product_page
session_1433,Tablet,UK,Direct,1,4,2025-06-10 21:25:03,confirmation
session_1434,Mobile,UK,Email,0,2,2025-03-16 12:15:44,cart
session_1435,Tablet,France,Direct,0,1,2025-01-08 14:41:19,product_page
session_1436,Tablet,India,Google,0,1,2025-06-21 11:47:57,product_page
session_1437,Desktop,USA,Direct,0,3,2025-06-11 07:04:03,checkout
session_1438,Desktop,USA,Google,0,1,2025-03-15 14:50:07,product_page
session_1439,Mobile,USA,Email,0,0,2025-03-06 03:24:38,home
session_144,Tablet,USA,Direct,0,1,2025-03-25 18:38:49,product_page
session_1440,Mobile,Canada,Direct,0,0,2025-05-02 19:32:53,home
session_1441,Desktop,USA,Google,0,0,2025-08-06 14:39:19,home
session_1442,Tablet,USA,Direct,1,4,2025-04-12 20:04:28,confirmation
session_1443,Desktop,Germany,Google,0,1,2025-05-31 19:17:10,product_page
session_1444,Tablet,UK,Social Media,0,0,2025-01-28 03:40:23,home
session_1445,Desktop,UK,Social Media,0,1,2025-03-23 11:07:28,product_page
session_1446,Mobile,Germany,Email,0,1,2025-06-19 15:42:51,product_page
session_1447,Mobile,Germany,Direct,0,2,2025-02-12 20:03:29,cart
session_1448,Desktop,UK,Social Media,0,1,2025-07-07 17:37:04,product_page
session_1449,Tablet,India,Direct,0,3,2025-05-19 14:54:52,checkout
session_145,Desktop,USA,Direct,1,4,2025-08-04 13:59:38,confirmation
session_1450,Tablet,Canada,Google,1,4,2025-04-22 23:38:33,confirmation
session_1451,Mobile,UK,Email,0,2,2025-05-31 06:31:15,cart
session_1452,Tablet,France,Email,0,1,2025-05-30 07:11:55,product_page
session_1453,Mobile,France,Email,0,1,2025-05-31 11:45:21,product_page
session_1454,Mobile,Canada,Google,0,1,2025-01-26 02:21:29,product_page
session_1455,Desktop,France,Email,0,2,2025-06-15 14:08:36,cart
session_1456,Tablet,UK,Google,0,1,2025-01-23 02:13:18,product_page
session_1457,Tablet,Australia,Email,1,4,2025-07-21 05:13:31,confirmation
session_1458,Desktop,France,Email,0,1,2025-07-17 12:42:47,product_page
session_1459,Tablet,Germany,Google,1,4,2025-07-05 17:59:38,confirmation
session_146,Tablet,USA,Google,0,1,2025-02-09 13:19:12,product_page
session_1460,Mobile,India,Social Media,0,1,2025-06-14 19:56:38,product_page
session_1461,Tablet,Canada,Email,0,0,2025-05-05 19:55:09,home
session_1462,Tablet,USA,Email,0,1,2025-01-14 23:53:49,product_page
session_1463,Desktop,USA,Google,1,4,2025-03-19 09:27:42,confirmation
session_1464,Mobile,France,Social Media,0,0,2025-06-14 17:26:46,home
session_1465,Desktop,UK,Google,0,1,2025-04-23 00:40:57,product_page
session_1466,Tablet,Germany,Email,0,2,2025-01-29 17:56:06,cart
session_1467,Tablet,UK,Google,0,1,2025-06-11 14:22:13,product_page
session_1468,Tablet,Germany,Email,0,2,2025-08-10 08:30:30,cart
session_1469,Desktop,India,Email,0,1,2025-04-18 18:39:04,product_page
session_147,Mobile,Australia,Google,1,4,2025-08-11 06:00:33,confirmation
session_1470,Mobile,USA,Direct,0,0,2025-04-05 11:15:33,home
session_1471,Tablet,India,Social Media,1,4,2025-02-25 05:13:27,confirmation
session_1472,Mobile,USA,Social Media,0,0,2025-08-01 17:47:35,home
session_1473,Tablet,UK,Google,1,4,2025-01-10 06:09:53,confirmation
session_1474,Mobile,UK,Direct,0,0,2025-02-08 05:43:42,home
session_1475,Tablet,Germany,Google,0,0,2025-01-25 21:55:00,home
session_1476,Tablet,UK,Direct,1,4,2025-07-09 12:14:52,confirmation
session_1477,Desktop,UK,Email,0,0,2025-05-02 18:48:31,home
session_1478,Tablet,USA,Direct,0,2,2025-05-21 09:40:39,cart
session_1479,Tablet,Canada,Direct,0,1,2025-08-15 03:05:28,product_page
session_148,Tablet,France,Email,1,4,2025-05-09 12:32:45,confirmation
session_1480,Desktop,Germany,Google,0,0,2025-02-16 16:58:27,home
session_1481,Desktop,India,Email,0,1,2025-07-22 04:36:47,product_page
session_1482,Mobile,Germany,Email,1,4,2025-07-14 20:13:23,confirmation
session_1483,Tablet,France,Social Media,0,1,2025-05-10 04:24:23,product_page
session_1484,Mobile,Germany,Social Media,0,1,2025-02-09 17:45:30,product_page
session_1485,Tablet,Canada,Google,0,1,2025-06-20 14:15:57,product_page
session_1486,Desktop,Germany,Direct,1,4,2025-05-10 06:31:59,confirmation
session_1487,Desktop,Australia,Direct,1,4,2025-01-14 11:53:59,confirmation
session_1488,Mobile,Canada,Social Media,0,2,2025-01-12 14:12:28,cart
session_1489,Desktop,USA,Direct,0,1,2025-05-31 01:34:14,product_page
session_149,Mobile,Germany,Direct,0,0,2025-03-14 16:27:55,home
session_1490,Tablet,Australia,Google,0,0,2025-03-11 23:23:56,home
session_1491,Desktop,France,Social Media,1,4,2025-06-03 23:29:17,confirmation
session_1492,Tablet,USA,Direct,0,1,2025-04-15 07:36:46,product_page
session_1493,Mobile,USA,Email,0,0,2025-08-17 12:12:12,home
session_1494,Mobile,France,Google,0,2,2025-06-12 15:52:15,cart
session_1495,Desktop,Germany,Social Media,0,1,2025-06-01 04:08:19,product_page
session_1496,Tablet,Australia,Social Media,0,1,2025-02-28 09:26:45,product_page
session_1497,Mobile,UK,Direct,0,0,2025-06-18 04:16:21,home
session_1498,Mobile,Canada,Direct,0,2,2025-01-12 14:25:58,cart
session_1499,Mobile,Canada,Social Media,0,2,2025-06-26 17:52:41,cart
session_15,Mobile,Australia,Email,0,2,2025-05-04 18:51:40,cart
session_150,Tablet,India,Email,0,0,2025-03-13 04:31:52,home
session_1500,Tablet,Australia,Direct,0,1,2025-07-21 05:39:40,product_page
session_1501,Tablet,Canada,Google,0,1,2025-01-08 02:42:13,product_page
session_1502,Mobile,India,Google,0,1,2025-05-06 00:49:39,product_page
session_1503,Desktop,UK,Direct,0,0,2025-02-16 06:05:11,home
session_1504,Tablet,USA,Social Media,0,1,2025-04-06 11:27:26,product_page
session_1505,Desktop,Germany,Google,0,0,2025-06-20 05:03:29,home
session_1506,Mobile,UK,Email,0,0,2025-05-19 16:18:15,home
session_1507,Mobile,India,Email,0,1,2025-08-27 11:14:20,product_page
session_1508,Desktop,Australia,Email,1,4,2025-05-06 03:19:47,confirmation
session_1509,Tablet,UK,Direct,0,1,2025-06-25 23:27:44,product_page
session_151,Mobile,India,Email,0,3,2025-02-04 18:21:30,checkout
session_1510,Desktop,USA,Direct,1,4,2025-05-03 02:23:34,confirmation
session_1511,Mobile,Germany,Google,0,1,2025-08-25 11:03:27,product_page
session_1512,Tablet,India,Google,0,1,2025-07-12 17:57:24,product_page
session_1513,Mobile,France,Social Media,0,1,2025-08-29 04:09:14,product_page
session_1514,Tablet,Germany,Email,0,1,2025-05-16 13:35:47,product_page
session_1515,Mobile,India,Social Media,1,4,2025-02-17 11:03:36,confirmation
session_1516,Tablet,Australia,Google,1,4,2025-08-10 23:34:05,confirmation
session_1517,Mobile,Canada,Email,0,2,2025-08-14 08:12:21,cart
session_1518,Mobile,India,Direct,0,2,2025-06-03 04:23:36,cart
session_1519,Mobile,France,Social Media,0,1,2025-07-01 14:58:48,product_page
session_152,Tablet,Germany,Email,0,1,2025-08-15 21:26:35,product_page
session_1520,Mobile,Germany,Direct,0,2,2025-05-06 12:46:19,cart
session_1521,Mobile,Canada,Direct,0,1,2025-02-17 16:38:38,product_page
session_1522,Mobile,USA,Google,0,1,2025-06-14 22:06:49,product_page
session_1523,Tablet,USA,Social Media,0,1,2025-01-05 12:05:14,product_page
session_1524,Mobile,Canada,Google,1,4,2025-04-15 04:40:41,confirmation
session_1525,Mobile,Canada,Google,0,1,2025-08-09 15:14:03,product_page
session_1526,Desktop,India,Google,0,1,2025-05-12 10:30:00,product_page
session_1527,Desktop,Canada,Email,0,1,2025-06-28 01:21:30,product_page
session_1528,Mobile,USA,Social Media,0,1,2025-01-31 22:02:50,product_page
session_1529,Tablet,Australia,Google,0,0,2025-06-25 09:09:07,home
session_153,Desktop,France,Google,0,1,2025-07-23 09:50:33,product_page
session_1530,Tablet,UK,Direct,0,1,2025-05-10 12:46:21,product_page
session_1531,Mobile,France,Email,0,1,2025-04-27 17:59:27,product_page
session_1532,Tablet,Australia,Social Media,0,1,2025-03-05 23:41:29,product_page
session_1533,Tablet,Australia,Social Media,0,0,2025-04-25 22:13:34,home
session_1534,Mobile,UK,Social Media,0,1,2025-06-26 17:14:55,product_page
session_1535,Mobile,USA,Social Media,1,4,2025-08-03 08:51:59,confirmation
session_1536,Tablet,France,Social Media,0,1,2025-01-23 17:07:03,product_page
session_1537,Tablet,UK,Direct,0,0,2025-02-15 19:43:45,home
session_1538,Mobile,USA,Direct,0,0,2025-02-06 18:26:36,home
session_1539,Tablet,Australia,Direct,0,0,2025-05-02 04:47:30,home
session_154,Desktop,UK,Email,0,0,2025-03-24 20:31:29,home
session_1540,Tablet,UK,Direct,0,1,2025-06-02 05:50:01,product_page
session_1541,Desktop,France,Email,0,1,2025-04-21 18:03:19,product_page
session_1542,Tablet,Canada,Email,0,1,2025-04-20 09:43:02,product_page
session_1543,Tablet,Canada,Direct,0,0,2025-01-18 14:55:45,home
session_1544,Mobile,Germany,Social Media,0,2,2025-06-20 20:59:59,cart
session_1545,Tablet,UK,Google,0,1,2025-05-19 07:45:01,product_page
session_1546,Mobile,Australia,Social Media,0,1,2025-04-13 20:45:47,product_page
session_1547,Mobile,Germany,Email,1,4,2025-08-27 13:57:57,confirmation
session_1548,Mobile,Australia,Google,0,0,2025-08-17 23:53:36,home
session_1549,Desktop,India,Social Media,0,2,2025-04-21 21:13:57,cart
session_155,Desktop,Canada,Email,0,2,2025-05-02 23:51:52,cart
session_1550,Mobile,India,Social Media,0,1,2025-07-25 04:21:11,product_page
session_1551,Desktop,USA,Google,0,0,2025-05-01 09:11:43,home
session_1552,Tablet,Germany,Google,0,3,2025-01-15 06:43:37,checkout
session_1553,Mobile,India,Direct,1,4,2025-02-04 10:04:52,confirmation
session_1554,Tablet,UK,Google,0,2,2025-05-27 17:43:24,cart
session_1555,Mobile,Canada,Direct,0,1,2025-07-21 10:22:02,product_page
session_1556,Desktop,Canada,Email,0,0,2025-07-28 14:20:27,home
session_1557,Tablet,France,Google,0,1,2025-01-29 13:55:30,product_page
session_1558,Mobile,France,Email,0,2,2025-04-13 05:00:01,cart
session_1559,Mobile,UK,Google,0,2,2025-03-27 06:46:17,cart
session_156,Mobile,France,Google,1,4,2025-06-18 02:09:46,confirmation
session_1560,Tablet,France,Email,0,2,2025-01-06 16:18:21,cart
session_1561,Tablet,India,Social Media,0,2,2025-08-23 14:18:53,cart
session_1562,Desktop,France,Direct,0,0,2025-05-11 03:37:43,home
session_1563,Mobile,UK,Google,1,4,2025-03-25 01:57:07,confirmation
session_1564,Desktop,Australia,Google,1,4,2025-01-07 16:11:47,confirmation
session_1565,Tablet,France,Social Media,0,0,2025-04-17 00:29:02,home
session_1566,Mobile,India,Google,1,4,2025-06-16 22:29:33,confirmation
session_1567,Desktop,Australia,Social Media,0,1,2025-04-03 15:57:13,product_page
session_1568,Desktop,Australia,Direct,0,1,2025-08-12 12:57:02,product_page
session_1569,Tablet,India,Email,1,4,2025-06-10 10:33:51,confirmation
session_157,Mobile,France,Direct,0,1,2025-03-24 09:24:46,product_page
session_1570,Desktop,France,Direct,0,0,2025-03-20 19:38:30,home
session_1571,Mobile,France,Social Media,0,1,2025-06-24 23:16:08,product_page
session_1572,Tablet,Germany,Google,1,4,2025-03-29 22:03:02,confirmation
session_1573,Mobile,UK,Email,1,4,2025-06-09 06:17:17,confirmation
session_1574,Mobile,USA,Google,0,1,2025-06-17 09:29:58,product_page
session_1575,Mobile,France,Social Media,0,0,2025-02-22 21:59:37,home
session_1576,Tablet,Germany,Social Media,1,4,2025-06-24 00:17:16,confirmation
session_1577,Mobile,Germany,Email,0,3,2025-04-15 08:18:50,checkout
session_1578,Mobile,Canada,Google,0,0,2025-01-06 01:41:40,home
session_1579,Tablet,UK,Email,0,1,2025-06-10 21:25:35,product_page
session_158,Desktop,UK,Direct,0,2,2025-07-10 07:31:11,cart
session_1580,Desktop,Germany,Email,0,1,2025-02-22 05:38:32,product_page
session_1581,Desktop,USA,Direct,0,1,2025-06-04 09:28:38,product_page
session_1582,Desktop,Germany,Email,0,0,2025-04-02 10:03:53,home
session_1583,Mobile,India,Google,0,0,2025-05-16 07:35:44,home
session_1584,Tablet,USA,Direct,1,4,2025-02-13 04:15:32,confirmation
session_1585,Tablet,Australia,Email,0,0,2025-08-15 21:21:36,home
session_1586,Desktop,USA,Google,0,0,2025-08-20 04:38:25,home
session_1587,Desktop,India,Email,0,1,2025-02-07 07:47:37,product_page
session_1588,Tablet,Canada,Email,0,1,2025-04-27 23:09:41,product_page
session_1589,Mobile,USA,Email,0,1,2025-07-02 04:40:55,product_page
session_159,Desktop,Australia,Direct,0,0,2025-07-23 21:07:05,home
session_1590,Desktop,Canada,Google,0,0,2025-04-21 09:27:51,home
session_1591,Mobile,Australia,Google,0,0,2025-01-01 14:01:28,home
session_1592,Mobile,Germany,Email,1,4,2025-07-01 00:20:01,confirmation
session_1593,Tablet,UK,Email,1,4,2025-04-08 20:43:36,confirmation
session_1594,Tablet,UK,Email,0,1,2025-07-08 02:34:18,product_page
session_1595,Desktop,France,Direct,1,4,2025-04-23 12:13:03,confirmation
session_1596,Mobile,France,Google,0,1,2025-07-16 12:19:59,product_page
session_1597,Desktop,France,Email,0,3,2025-06-13 23:56:39,checkout
session_1598,Mobile,India,Direct,1,4,2025-03-19 01:40:34,confirmation
session_1599,Desktop,Australia,Email,0,0,2025-06-29 15:35:32,home
session_16,Mobile,USA,Email,0,0,2025-07-01 07:57:56,home
session_160,Mobile,France,Email,0,3,2025-06-09 21:48:37,checkout
session_1600,Desktop,Canada,Social Media,0,1,2025-01-20 21:42:17,product_page
session_1601,Tablet,India,Direct,0,1,2025-08-05 10:06:57,product_page
session_1602,Desktop,India,Google,0,1,2025-01-10 21:25:16,product_page
session_1603,Desktop,USA,Social Media,1,4,2025-01-20 18:42:14,confirmation
session_1604,Desktop,Germany,Direct,0,1,2025-06-15 15:32:03,product_page
session_1605,Desktop,India,Google,1,4,2025-06-16 13:37:35,confirmation
session_1606,Tablet,USA,Social Media,0,1,2025-05-24 17:54:17,product_page
session_1607,Tablet,UK,Email,0,0,2025-02-12 01:44:58,home
session_1608,Desktop,India,Social Media,0,0,2025-07-23 15:54:54,home
session_1609,Mobile,USA,Social Media,0,1,2025-03-27 08:38:51,product_page
session_161,Mobile,UK,Social Media,0,1,2025-08-20 21:44:47,product_page
session_1610,Desktop,India,Email,0,2,2025-04-09 02:37:25,cart
session_1611,Mobile,Australia,Direct,1,4,2025-04-26 03:48:45,confirmation
session_1612,Mobile,UK,Social Media,0,1,2025-03-21 17:45:52,product_page
session_1613,Desktop,UK,Google,0,1,2025-02-25 14:20:21,product_page
session_1614,Mobile,Australia,Email,0,1,2025-07-10 05:48:25,product_page
session_1615,Desktop,France,Direct,0,1,2025-01-22 17:11:07,product_page
session_1616,Desktop,UK,Google,1,4,2025-07-16 08:33:56,confirmation
session_1617,Desktop,France,Direct,0,0,2025-04-06 15:18:36,home
session_1618,Tablet,Germany,Direct,1,4,2025-04-18 04:15:40,confirmation
session_1619,Desktop,UK,Email,0,1,2025-02-25 17:05:41,product_page
session_162,Tablet,Australia,Email,1,4,2025-08-30 23:26:35,confirmation
session_1620,Mobile,UK,Google,0,1,2025-07-12 00:28:34,product_page
session_1621,Desktop,India,Direct,1,4,2025-03-19 22:05:18,confirmation
session_1622,Mobile,Canada,Email,0,1,2025-08-14 21:58:04,product_page
session_1623,Desktop,France,Social Media,0,1,2025-02-26 17:38:37,product_page
session_1624,Desktop,UK,Email,1,4,2025-04-18 13:06:56,confirmation
session_1625,Desktop,India,Google,0,0,2025-08-21 20:20:28,home
session_1626,Mobile,Canada,Email,0,1,2025-08-15 11:50:44,product_page
session_1627,Desktop,UK,Google,0,1,2025-05-12 04:48:22,product_page
session_1628,Desktop,Canada,Direct,0,1,2025-04-07 02:28:41,product_page
session_1629,Mobile,Germany,Email,0,1,2025-01-09 06:22:07,product_page
session_163,Mobile,France,Google,1,4,2025-02-23 19:38:10,confirmation
session_1630,Desktop,Canada,Direct,1,4,2025-04-12 16:02:51,confirmation
session_1631,Mobile,Australia,Email,0,1,2025-07-08 04:36:04,product_page
session_1632,Tablet,UK,Email,0,2,2025-07-20 12:15:06,cart
session_1633,Desktop,France,Email,0,1,2025-08-09 23:49:34,product_page
session_1634,Mobile,Germany,Email,0,0,2025-01-06 12:56:39,home
session_1635,Tablet,Australia,Email,0,2,2025-06-06 08:56:52,cart
session_1636,Desktop,USA,Email,1,4,2025-03-07 06:08:42,confirmation
session_1637,Tablet,Australia,Social Media,0,1,2025-07-08 02:44:38,product_page
session_1638,Desktop,Canada,Direct,0,1,2025-01-16 22:33:50,product_page
session_1639,Desktop,UK,Google,1,4,2025-03-09 15:45:16,confirmation
session_164,Tablet,Canada,Google,0,2,2025-05-16 18:38:23,cart
session_1640,Desktop,India,Direct,1,4,2025-04-20 03:17:42,confirmation
session_1641,Desktop,UK,Social Media,0,1,2025-03-31 04:15:25,product_page
session_1642,Tablet,France,Email,0,1,2025-07-11 22:33:41,product_page
session_1643,Mobile,UK,Direct,0,1,2025-03-22 01:37:40,product_page
session_1644,Tablet,Australia,Social Media,0,1,2025-06-05 03:49:40,product_page
session_1645,Desktop,France,Email,1,4,2025-02-02 17:35:53,confirmation
session_1646,Tablet,USA,Email,0,0,2025-05-19 18:38:52,home
session_1647,Mobile,Canada,Google,0,1,2025-01-21 15:50:03,product_page
session_1648,Desktop,France,Direct,0,1,2025-01-09 22:21:30,product_page
session_1649,Desktop,France,Direct,0,1,2025-03-16 00:33:43,product_page
session_165,Mobile,France,Google,0,1,2025-01-27 08:53:51,product_page
session_1650,Mobile,India,Direct,0,2,2025-08-19 10:18:10,cart
session_1651,Tablet,India,Google,0,1,2025-01-02 15:53:28,product_page
session_1652,Tablet,France,Direct,1,4,2025-03-15 16:20:43,confirmation
session_1653,Desktop,Germany,Direct,1,4,2025-05-02 17:48:38,confirmation
session_1654,Tablet,USA,Google,0,2,2025-05-10 06:43:57,cart
session_1655,Tablet,UK,Email,0,1,2025-02-07 15:53:27,product_page
session_1656,Mobile,Germany,Google,0,1,2025-08-25 03:42:34,product_page
session_1657,Tablet,USA,Email,0,1,2025-05-09 09:31:54,product_page
session_1658,Desktop,USA,Email,0,1,2025-02-07 02:48:14,product_page
session_1659,Tablet,UK,Social Media,0,0,2025-01-21 00:45:50,home
session_166,Tablet,France,Direct,0,1,2025-07-31 13:30:11,product_page
session_1660,Mobile,India,Social Media,0,2,2025-01-10 19:51:15,cart
session_1661,Mobile,Canada,Google,0,2,2025-01-04 06:05:11,cart
session_1662,Mobile,Germany,Direct,0,1,2025-06-26 00:05:10,product_page
session_1663,Tablet,Germany,Direct,0,0,2025-08-24 16:02:03,home
session_1664,Mobile,USA,Email,0,0,2025-05-30 04:53:02,home
session_1665,Desktop,UK,Google,0,1,2025-02-24 08:52:58,product_page
session_1666,Tablet,Canada,Google,0,3,2025-08-02 22:24:03,checkout
session_1667,Tablet,Germany,Google,0,0,2025-01-02 16:22:12,home
session_1668,Tablet,USA,Google,0,2,2025-08-19 00:14:00,cart
session_1669,Mobile,Germany,Google,0,2,2025-07-14 14:25:44,cart
session_167,Tablet,France,Email,0,1,2025-02-27 23:29:10,product_page
session_1670,Tablet,France,Google,0,1,2025-04-11 07:28:04,product_page
session_1671,Mobile,France,Google,0,1,2025-07-11 12:35:39,product_page
session_1672,Desktop,Canada,Google,0,0,2025-08-24 17:31:16,home
session_1673,Mobile,UK,Google,0,2,2025-03-17 00:55:50,cart
session_1674,Tablet,Germany,Google,0,0,2025-04-30 18:08:25,home
session_1675,Tablet,Australia,Google,0,0,2025-01-13 22:44:14,home
session_1676,Desktop,India,Direct,0,0,2025-01-09 23:37:56,home
session_1677,Desktop,France,Google,0,2,2025-07-04 05:55:53,cart
session_1678,Tablet,Australia,Social Media,0,1,2025-04-20 17:49:28,product_page
session_1679,Tablet,Germany,Google,0,0,2025-02-07 23:03:24,home
session_168,Desktop,Germany,Direct,1,4,2025-02-16 02:42:06,confirmation
session_1680,Mobile,India,Direct,1,4,2025-02-10 01:52:00,confirmation
session_1681,Mobile,France,Google,1,4,2025-06-20 21:51:16,confirmation
session_1682,Tablet,UK,Direct,1,4,2025-06-12 11:49:01,confirmation
session_1683,Desktop,USA,Google,0,1,2025-06-01 10:09:35,product_page
session_1684,Mobile,Germany,Direct,0,1,2025-01-20 21:40:03,product_page
session_1685,Tablet,France,Email,0,0,2025-01-04 11:09:54,home
session_1686,Desktop,France,Direct,0,0,2025-05-19 09:52:03,home
session_1687,Mobile,India,Email,0,1,2025-02-23 00:27:38,product_page
session_1688,Mobile,Australia,Social Media,0,0,2025-07-09 15:44:14,home
session_1689,Tablet,USA,Social Media,0,1,2025-04-11 07:19:09,product_page
session_169,Desktop,Germany,Google,0,2,2025-08-02 10:09:12,cart
session_1690,Tablet,Germany,Social Media,0,1,2025-06-14 12:36:11,product_page
session_1691,Tablet,Australia,Google,0,0,2025-04-21 08:19:40,home
session_1692,Desktop,USA,Direct,1,4,2025-04-29 03:40:26,confirmation
session_1693,Desktop,Germany,Google,0,1,2025-03-17 01:24:46,product_page
session_1694,Tablet,Canada,Email,1,4,2025-07-14 04:03:39,confirmation
session_1695,Mobile,UK,Google,0,2,2025-05-04 01:05:52,cart
session_1696,Mobile,USA,Social Media,0,1,2025-06-16 04:35:59,product_page
session_1697,Tablet,Canada,Google,0,1,2025-01-27 14:18:15,product_page
session_1698,Tablet,Canada,Direct,1,4,2025-08-16 18:00:38,confirmation
session_1699,Tablet,France,Direct,0,0,2025-08-13 19:18:29,home
session_17,Mobile,USA,Social Media,0,2,2025-06-02 13:09:58,cart
session_170,Mobile,USA,Direct,0,2,2025-05-21 09:07:02,cart
session_1700,Tablet,Germany,Direct,0,1,2025-08-27 06:05:29,product_page
session_1701,Desktop,France,Social Media,0,0,2025-07-24 11:11:03,home
session_1702,Tablet,Germany,Google,0,1,2025-06-25 04:34:10,product_page
session_1703,Desktop,Canada,Google,0,1,2025-08-27 07:18:27,product_page
session_1704,Mobile,France,Social Media,0,2,2025-07-24 17:05:45,cart
session_1705,Mobile,India,Google,0,0,2025-02-04 10:05:08,home
session_1706,Desktop,Canada,Google,0,2,2025-05-21 13:22:22,cart
session_1707,Mobile,USA,Google,0,0,2025-04-01 11:38:24,home
session_1708,Tablet,France,Email,0,1,2025-02-28 07:03:13,product_page
session_1709,Mobile,Canada,Social Media,0,0,2025-08-10 21:25:45,home
session_171,Desktop,USA,Email,0,1,2025-03-18 19:36:04,product_page
session_1710,Mobile,India,Social Media,0,0,2025-06-12 14:09:42,home
session_1711,Tablet,USA,Google,0,1,2025-03-14 19:56:44,product_page
session_1712,Desktop,UK,Social Media,0,1,2025-07-30 21:09:38,product_page
session_1713,Mobile,Germany,Google,0,1,2025-02-20 00:12:59,product_page
session_1714,Desktop,Canada,Direct,1,4,2025-04-08 12:42:50,confirmation
session_1715,Mobile,Canada,Direct,1,4,2025-07-26 04:32:55,confirmation
session_1716,Mobile,Canada,Email,0,1,2025-04-06 21:14:14,product_page
session_1717,Desktop,Canada,Social Media,0,1,2025-07-23 14:00:17,product_page
session_1718,Mobile,Australia,Google,0,2,2025-07-14 22:35:12,cart
session_1719,Mobile,Germany,Direct,0,0,2025-08-10 10:19:52,home
session_172,Desktop,Australia,Direct,0,1,2025-08-31 18:34:39,product_page
session_1720,Desktop,UK,Direct,0,0,2025-04-23 22:53:35,home
session_1721,Mobile,Germany,Email,0,1,2025-02-05 21:23:31,product_page
session_1722,Desktop,UK,Google,0,1,2025-06-30 00:48:20,product_page
session_1723,Desktop,France,Email,0,0,2025-03-11 06:12:46,home
session_1724,Tablet,Australia,Email,0,0,2025-04-20 23:02:48,home
session_1725,Mobile,France,Email,1,4,2025-07-25 09:21:56,confirmation
session_1726,Desktop,India,Direct,1,4,2025-07-25 19:12:15,confirmation
session_1727,Desktop,Germany,Email,0,1,2025-07-20 16:54:55,product_page
session_1728,Tablet,UK,Google,0,1,2025-03-26 12:13:17,product_page
session_1729,Tablet,USA,Email,0,1,2025-08-03 18:44:41,product_page
session_173,Desktop,USA,Email,0,1,2025-04-27 22:10:33,product_page
session_1730,Desktop,UK,Email,0,1,2025-08-19 04:13:17,product_page
session_1731,Tablet,Australia,Email,0,1,2025-06-24 21:10:53,product_page
session_1732,Mobile,India,Google,1,4,2025-05-27 15:09:11,confirmation
session_1733,Tablet,Australia,Direct,0,0,2025-01-27 04:05:30,home
session_1734,Mobile,India,Google,0,1,2025-01-16 12:37:43,product_page
session_1735,Tablet,Germany,Email,0,0,2025-08-11 06:16:37,home
session_1736,Mobile,USA,Social Media,0,1,2025-05-08 00:01:23,product_page
session_1737,Mobile,UK,Direct,0,0,2025-05-02 21:37:45,home
session_1738,Desktop,Australia,Direct,1,4,2025-04-15 08:08:51,confirmation
session_1739,Mobile,Australia,Social Media,0,1,2025-05-01 03:12:02,product_page
session_174,Desktop,France,Direct,0,1,2025-02-11 08:30:31,product_page
session_1740,Desktop,UK,Social Media,0,1,2025-03-19 02:32:18,product_page
session_1741,Tablet,France,Social Media,0,0,2025-04-05 21:25:35,home
session_1742,Desktop,France,Email,1,4,2025-01-01 18:16:31,confirmation
session_1743,Desktop,Germany,Google,0,1,2025-05-07 19:43:13,product_page
session_1744,Desktop,India,Social Media,0,1,2025-01-20 06:35:11,product_page
session_1745,Desktop,Canada,Email,0,1,2025-07-22 15:33:59,product_page
session_1746,Mobile,India,Social Media,0,2,2025-05-04 12:37:42,cart
session_1747,Tablet,France,Direct,1,4,2025-05-05 15:15:08,confirmation
session_1748,Tablet,Australia,Google,0,0,2025-07-17 19:51:25,home
session_1749,Mobile,UK,Social Media,1,4,2025-06-28 11:58:41,confirmation
session_175,Desktop,Germany,Direct,0,0,2025-03-09 20:26:56,home
session_1750,Mobile,Germany,Direct,1,4,2025-03-06 22:29:00,confirmation
session_1751,Tablet,UK,Social Media,0,1,2025-02-20 05:03:08,product_page
session_1752,Desktop,UK,Social Media,0,0,2025-07-23 23:43:11,home
session_1753,Mobile,Canada,Google,0,1,2025-08-25 17:06:26,product_page
session_1754,Mobile,India,Email,0,1,2025-02-23 00:42:36,product_page
session_1755,Desktop,UK,Google,0,1,2025-02-17 21:45:12,product_page
session_1756,Mobile,Australia,Email,0,1,2025-02-16 10:09:26,product_page
session_1757,Mobile,UK,Email,0,1,2025-02-23 00:07:46,product_page
session_1758,Desktop,USA,Social Media,0,1,2025-01-07 18:22:06,product_page
session_1759,Mobile,Germany,Email,0,1,2025-01-19 08:38:03,product_page
session_176,Desktop,France,Email,0,0,2025-08-19 16:43:10,home
session_1760,Desktop,India,Email,0,0,2025-01-05 08:03:49,home
session_1761,Mobile,India,Social Media,0,1,2025-05-26 18:32:49,product_page
session_1762,Mobile,India,Social Media,0,1,2025-04-23 12:36:02,product_page
session_1763,Mobile,India,Email,0,1,2025-02-02 04:22:34,product_page
session_1764,Tablet,France,Social Media,0,0,2025-01-15 10:35:53,home
session_1765,Mobile,Germany,Google,0,2,2025-03-15 07:44:49,cart
session_1766,Desktop,USA,Email,0,1,2025-08-18 02:44:35,product_page
session_1767,Tablet,India,Social Media,0,0,2025-07-16 09:11:10,home
session_1768,Tablet,France,Social Media,1,4,2025-07-19 17:16:04,confirmation
session_1769,Desktop,India,Email,1,4,2025-07-10 12:57:41,confirmation
session_177,Desktop,Canada,Google,0,0,2025-07-27 21:49:41,home
session_1770,Mobile,USA,Google,0,1,2025-06-24 08:34:32,product_page
session_1771,Mobile,Germany,Google,0,1,2025-04-07 10:31:38,product_page
session_1772,Desktop,USA,Social Media,0,1,2025-03-02 23:17:08,product_page
session_1773,Mobile,Australia,Social Media,0,1,2025-06-11 13:57:15,product_page
session_1774,Tablet,Canada,Social Media,0,1,2025-01-01 14:03:33,product_page
session_1775,Mobile,India,Email,0,1,2025-02-05 08:13:25,product_page
session_1776,Tablet,France,Social Media,1,4,2025-04-05 05:21:59,confirmation
session_1777,Tablet,India,Google,0,1,2025-04-11 12:15:17,product_page
session_1778,Desktop,Germany,Email,0,1,2025-03-31 20:50:50,product_page
session_1779,Mobile,Germany,Direct,0,1,2025-05-12 08:37:07,product_page
session_178,Tablet,UK,Direct,1,4,2025-07-03 14:55:04,confirmation
session_1780,Desktop,USA,Social Media,0,1,2025-07-29 00:37:38,product_page
session_1781,Tablet,France,Direct,0,1,2025-04-06 13:16:06,product_page
session_1782,Desktop,Germany,Google,0,1,2025-04-11 22:49:55,product_page
session_1783,Desktop,Canada,Email,0,2,2025-06-05 19:17:00,cart
session_1784,Desktop,Australia,Social Media,0,1,2025-08-01 13:53:33,product_page
session_1785,Mobile,France,Google,0,1,2025-02-22 16:41:27,product_page
session_1786,Tablet,India,Direct,1,4,2025-04-25 09:39:20,confirmation
session_1787,Tablet,Canada,Direct,0,0,2025-01-03 23:45:37,home
session_1788,Tablet,France,Google,1,4,2025-07-22 14:35:18,confirmation
session_1789,Tablet,Canada,Email,0,1,2025-06-02 15:31:38,product_page
session_179,Mobile,Australia,Google,0,1,2025-08-22 08:20:48,product_page
session_1790,Mobile,UK,Email,0,1,2025-03-07 04:13:36,product_page
session_1791,Desktop,Australia,Google,0,0,2025-02-09 04:38:15,home
session_1792,Desktop,Australia,Social Media,0,3,2025-05-12 06:59:55,checkout
session_1793,Tablet,USA,Email,1,4,2025-04-29 20:23:06,confirmation
session_1794,Tablet,Australia,Social Media,0,1,2025-03-07 00:41:49,product_page
session_1795,Mobile,UK,Email,1,4,2025-01-03 18:49:34,confirmation
session_1796,Mobile,Australia,Email,0,1,2025-06-09 09:54:10,product_page
session_1797,Mobile,Canada,Direct,0,1,2025-07-27 18:39:08,product_page
session_1798,Tablet,Canada,Direct,0,1,2025-07-02 14:59:17,product_page
session_1799,Desktop,USA,Google,0,2,2025-02-24 05:52:42,cart
session_18,Mobile,USA,Email,1,4,2025-05-11 10:48:00,confirmation
session_180,Desktop,UK,Email,0,2,2025-07-06 05:57:25,cart
session_1800,Desktop,Germany,Social Media,0,0,2025-07-07 00:59:04,home
session_1801,Desktop,France,Direct,0,1,2025-07-21 03:59:47,product_page
session_1802,Desktop,Australia,Google,0,1,2025-02-18 08:59:46,product_page
session_1803,Tablet,Canada,Google,0,1,2025-01-28 10:36:34,product_page
session_1804,Desktop,France,Social Media,1,4,2025-08-26 11:34:46,confirmation
session_1805,Mobile,France,Social Media,1,4,2025-08-20 10:14:17,confirmation
session_1806,Mobile,USA,Google,1,4,2025-04-27 18:04:26,confirmation
session_1807,Tablet,India,Direct,0,2,2025-02-10 18:22:39,cart
session_1808,Desktop,Australia,Social Media,1,4,2025-02-09 06:07:19,confirmation
session_1809,Tablet,UK,Email,0,2,2025-02-06 08:59:35,cart
session_181,Tablet,UK,Google,0,1,2025-04-15 07:30:46,product_page
session_1810,Tablet,France,Google,1,4,2025-08-31 22:42:38,confirmation
session_1811,Desktop,France,Google,0,1,2025-06-24 18:46:41,product_page
session_1812,Mobile,Canada,Direct,0,0,2025-08-20 18:15:48,home
session_1813,Desktop,Canada,Email,0,1,2025-02-15 14:36:31,product_page
session_1814,Tablet,UK,Social Media,0,1,2025-05-31 05:07:56,product_page
session_1815,Tablet,Canada,Google,0,1,2025-08-13 07:12:24,product_page
session_1816,Tablet,Germany,Google,0,0,2025-03-17 03:03:36,home
session_1817,Tablet,UK,Google,1,4,2025-05-11 19:46:56,confirmation
session_1818,Tablet,Australia,Direct,0,1,2025-02-04 23:22:53,product_page
session_1819,Desktop,Germany,Google,0,0,2025-06-18 21:23:51,home
session_182,Desktop,India,Social Media,0,0,2025-03-06 05:06:40,home
session_1820,Desktop,Germany,Social Media,0,1,2025-01-21 04:42:38,product_page
session_1821,Desktop,Australia,Social Media,0,0,2025-04-19 10:57:14,home
session_1822,Tablet,France,Direct,1,4,2025-01-24 18:13:35,confirmation
session_1823,Tablet,France,Google,0,2,2025-07-07 11:14:03,cart
session_1824,Mobile,India,Email,0,1,2025-05-04 16:12:51,product_page
session_1825,Desktop,Canada,Direct,0,1,2025-05-17 08:31:11,product_page
session_1826,Desktop,Australia,Email,0,1,2025-07-11 04:06:26,product_page
session_1827,Desktop,India,Social Media,0,1,2025-05-15 15:26:46,product_page
session_1828,Tablet,UK,Direct,0,1,2025-06-17 04:23:04,product_page
session_1829,Desktop,France,Social Media,0,1,2025-05-22 05:15:27,product_page
session_183,Desktop,India,Google,0,1,2025-03-07 01:57:51,product_page
session_1830,Mobile,France,Google,1,4,2025-04-14 19:11:58,confirmation
session_1831,Tablet,Canada,Email,0,2,2025-08-16 10:40:07,cart
session_1832,Mobile,UK,Email,0,2,2025-07-04 02:55:51,cart
session_1833,Desktop,India,Google,1,4,2025-03-28 17:05:23,confirmation
session_1834,Tablet,USA,Direct,0,1,2025-07-14 19:43:32,product_page
session_1835,Desktop,UK,Google,0,1,2025-06-13 21:43:47,product_page
session_1836,Tablet,France,Google,0,0,2025-03-11 21:29:39,home
session_1837,Tablet,USA,Social Media,0,0,2025-05-06 18:08:26,home
session_1838,Tablet,Germany,Email,0,0,2025-04-27 15:20:01,home
session_1839,Desktop,Australia,Direct,0,1,2025-05-23 20:55:16,product_page
session_184,Tablet,USA,Email,0,0,2025-05-22 10:59:23,home
session_1840,Desktop,France,Email,0,1,2025-08-07 12:44:48,product_page
session_1841,Mobile,Canada,Email,0,1,2025-02-26 06:12:07,product_page
session_1842,Desktop,India,Email,0,1,2025-03-10 15:25:31,product_page
session_1843,Mobile,India,Social Media,0,1,2025-05-29 13:33:25,product_page
session_1844,Tablet,Australia,Google,1,4,2025-04-03 06:16:06,confirmation
session_1845,Desktop,France,Direct,0,1,2025-03-10 19:50:32,product_page
session_1846,Desktop,Canada,Social Media,1,4,2025-08-01 19:36:23,confirmation
session_1847,Mobile,USA,Google,0,0,2025-06-10 04:29:04,home
session_1848,Tablet,Germany,Direct,0,1,2025-08-11 19:38:13,product_page
session_1849,Mobile,UK,Email,0,1,2025-06-19 03:05:30,product_page
session_185,Tablet,UK,Direct,0,0,2025-08-05 20:29:27,home
session_1850,Desktop,Germany,Google,1,4,2025-05-13 20:23:40,confirmation
session_1851,Tablet,India,Email,0,1,2025-07-14 09:41:35,product_page
session_1852,Mobile,India,Google,0,1,2025-08-10 06:38:10,product_page
session_1853,Mobile,UK,Social Media,0,0,2025-05-14 22:37:03,home
session_1854,Mobile,UK,Google,0,1,2025-02-27 14:02:28,product_page
session_1855,Tablet,Canada,Direct,0,1,2025-03-09 21:49:19,product_page
session_1856,Tablet,Australia,Social Media,0,1,2025-04-03 06:44:04,product_page
session_1857,Desktop,Australia,Google,1,4,2025-04-22 23:54:49,confirmation
session_1858,Tablet,USA,Direct,1,4,2025-06-01 16:39:45,confirmation
session_1859,Mobile,UK,Direct,0,0,2025-06-08 19:19:14,home
session_186,Tablet,Canada,Email,0,1,2025-03-26 22:42:00,product_page
session_1860,Desktop,Canada,Google,0,0,2025-04-21 17:47:03,home
session_1861,Mobile,Australia,Google,0,2,2025-03-02 18:42:08,cart
session_1862,Mobile,Germany,Google,0,1,2025-07-17 07:41:41,product_page
session_1863,Mobile,France,Social Media,0,1,2025-03-24 16:17:27,product_page
session_1864,Tablet,USA,Email,0,0,2025-06-02 13:12:18,home
session_1865,Desktop,Germany,Social Media,0,0,2025-08-23 11:23:51,home
session_1866,Mobile,France,Social Media,0,1,2025-03-18 22:29:13,product_page
session_1867,Tablet,Australia,Social Media,0,1,2025-04-05 18:52:50,product_page
session_1868,Desktop,France,Social Media,0,1,2025-01-24 02:46:17,product_page
session_1869,Desktop,India,Direct,0,1,2025-08-13 08:41:51,product_page
session_187,Tablet,Australia,Email,0,1,2025-07-06 01:21:13,product_page
session_1870,Tablet,France,Social Media,0,1,2025-06-07 07:51:00,product_page
session_1871,Desktop,India,Google,0,0,2025-03-05 15:04:09,home
session_1872,Mobile,USA,Google,0,1,2025-04-26 17:00:50,product_page
session_1873,Desktop,Canada,Social Media,0,1,2025-01-12 14:54:55,product_page
session_1874,Desktop,Canada,Email,0,1,2025-06-13 19:58:48,product_page
session_1875,Mobile,France,Social Media,1,4,2025-01-11 17:04:26,confirmation
session_1876,Desktop,USA,Direct,0,1,2025-05-01 23:02:49,product_page
session_1877,Tablet,USA,Email,0,1,2025-06-05 20:24:23,product_page
session_1878,Desktop,UK,Social Media,0,1,2025-06-06 11:07:49,product_page
session_1879,Tablet,France,Social Media,0,1,2025-03-21 06:28:37,product_page
session_188,Mobile,Canada,Direct,1,4,2025-06-24 10:26:57,confirmation
session_1880,Mobile,India,Google,0,0,2025-06-24 05:22:38,home
session_1881,Desktop,Canada,Email,1,4,2025-03-30 15:08:54,confirmation
session_1882,Mobile,USA,Email,0,0,2025-03-31 18:44:39,home
session_1883,Tablet,UK,Direct,0,2,2025-01-21 09:54:49,cart
session_1884,Tablet,Germany,Email,0,0,2025-07-23 23:23:58,home
session_1885,Mobile,France,Google,0,1,2025-01-27 12:37:45,product_page
session_1886,Desktop,France,Google,0,1,2025-06-22 04:59:19,product_page
session_1887,Tablet,USA,Social Media,1,4,2025-01-10 15:45:56,confirmation
session_1888,Desktop,France,Email,0,1,2025-03-30 01:39:10,product_page
session_1889,Mobile,Canada,Google,0,0,2025-07-10 06:45:45,home
session_189,Mobile,India,Social Media,1,4,2025-07-13 06:34:25,confirmation
session_1890,Mobile,Canada,Google,1,4,2025-02-23 08:59:06,confirmation
session_1891,Desktop,Australia,Email,0,1,2025-01-18 08:43:56,product_page
session_1892,Mobile,USA,Direct,0,1,2025-08-21 00:38:31,product_page
session_1893,Desktop,India,Email,0,0,2025-05-04 01:41:24,home
session_1894,Mobile,Canada,Google,1,4,2025-02-17 20:14:46,confirmation
session_1895,Tablet,UK,Social Media,0,1,2025-04-24 18:37:27,product_page
session_1896,Desktop,India,Social Media,0,1,2025-02-13 18:59:34,product_page
session_1897,Mobile,France,Direct,0,0,2025-07-04 22:44:15,home
session_1898,Tablet,Canada,Email,0,0,2025-04-01 16:39:15,home
session_1899,Tablet,Australia,Direct,1,4,2025-03-16 00:34:57,confirmation
session_19,Tablet,USA,Email,0,1,2025-04-15 22:13:33,product_page
session_190,Desktop,UK,Direct,0,0,2025-05-31 10:27:31,home
session_1900,Tablet,USA,Google,0,2,2025-04-12 05:12:45,cart
session_1901,Desktop,France,Direct,1,4,2025-03-07 14:23:25,confirmation
session_1902,Mobile,France,Social Media,0,0,2025-05-13 04:31:35,home
session_1903,Desktop,Canada,Social Media,0,1,2025-05-09 21:47:56,product_page
session_1904,Tablet,UK,Email,0,1,2025-01-04 20:47:10,product_page
session_1905,Tablet,UK,Social Media,1,4,2025-08-21 03:41:55,confirmation
session_1906,Desktop,Canada,Google,0,2,2025-07-25 07:28:37,cart
session_1907,Tablet,Germany,Social Media,0,0,2025-06-01 21:20:48,home
session_1908,Desktop,France,Google,0,1,2025-06-05 04:19:49,product_page
session_1909,Desktop,France,Social Media,0,1,2025-04-19 05:17:05,product_page
session_191,Mobile,USA,Social Media,0,1,2025-02-07 21:14:28,product_page
session_1910,Desktop,UK,Email,0,1,2025-03-18 00:36:51,product_page
session_1911,Mobile,Canada,Email,0,3,2025-01-12 22:43:03,checkout
session_1912,Mobile,USA,Google,0,2,2025-03-26 14:10:44,cart
session_1913,Desktop,Germany,Google,1,4,2025-07-22 12:46:15,confirmation
session_1914,Tablet,France,Email,0,0,2025-01-21 11:57:30,home
session_1915,Mobile,Canada,Google,0,1,2025-02-25 13:32:38,product_page
session_1916,Mobile,Germany,Google,1,4,2025-01-05 20:17:20,confirmation
session_1917,Tablet,India,Social Media,0,1,2025-01-02 03:35:25,product_page
session_1918,Desktop,Australia,Direct,0,1,2025-01-11 03:17:07,product_page
session_1919,Tablet,India,Email,1,4,2025-08-10 08:49:24,confirmation
session_192,Tablet,France,Google,0,1,2025-05-29 02:00:37,product_page
session_1920,Desktop,India,Direct,0,0,2025-04-10 08:12:28,home
session_1921,Tablet,France,Direct,0,0,2025-08-22 16:53:18,home
session_1922,Mobile,India,Google,1,4,2025-03-21 15:40:18,confirmation
session_1923,Mobile,Germany,Social Media,0,1,2025-08-22 00:16:30,product_page
session_1924,Tablet,USA,Google,0,1,2025-01-08 04:08:17,product_page
session_1925,Mobile,Australia,Direct,0,0,2025-07-22 22:42:43,home
session_1926,Mobile,Australia,Google,0,0,2025-03-02 03:24:01,home
session_1927,Mobile,France,Email,0,1,2025-08-01 08:17:00,product_page
session_1928,Desktop,Canada,Google,1,4,2025-08-22 23:25:21,confirmation
session_1929,Mobile,France,Google,1,4,2025-08-10 17:21:12,confirmation
session_193,Mobile,India,Email,0,1,2025-04-27 20:55:20,product_page
session_1930,Desktop,USA,Social Media,0,0,2025-01-20 18:44:54,home
session_1931,Desktop,USA,Social Media,0,1,2025-05-04 19:24:32,product_page
session_1932,Mobile,Canada,Email,0,1,2025-03-17 13:13:50,product_page
session_1933,Tablet,India,Google,0,0,2025-08-25 22:41:02,home
session_1934,Tablet,Germany,Google,1,4,2025-08-27 04:00:30,confirmation
session_1935,Desktop,USA,Social Media,0,1,2025-07-25 07:58:10,product_page
session_1936,Tablet,USA,Email,1,4,2025-08-17 00:31:30,confirmation
session_1937,Tablet,Germany,Direct,0,1,2025-03-08 18:50:47,product_page
session_1938,Tablet,UK,Direct,0,2,2025-07-21 22:18:03,cart
session_1939,Mobile,Australia,Direct,1,4,2025-01-18 13:51:25,confirmation
session_194,Mobile,Australia,Social Media,0,0,2025-05-27 14:04:02,home
session_1940,Desktop,Canada,Email,1,4,2025-04-20 04:01:37,confirmation
session_1941,Desktop,USA,Email,0,1,2025-02-17 06:58:43,product_page
session_1942,Desktop,UK,Google,0,1,2025-03-18 00:18:15,product_page
session_1943,Desktop,USA,Email,0,1,2025-02-02 00:04:58,product_page
session_1944,Desktop,India,Social Media,1,4,2025-07-22 14:41:00,confirmation
session_1945,Desktop,USA,Social Media,0,1,2025-06-14 05:18:48,product_page
session_1946,Mobile,Australia,Google,1,4,2025-07-12 02:30:06,confirmation
session_1947,Desktop,Canada,Email,1,4,2025-03-03 11:19:43,confirmation
session_1948,Mobile,USA,Social Media,1,4,2025-07-20 01:53:01,confirmation
session_1949,Mobile,Australia,Email,0,0,2025-01-07 10:47:20,home
session_195,Desktop,Germany,Social Media,0,1,2025-05-24 11:16:58,product_page
session_1950,Mobile,Germany,Social Media,1,4,2025-04-06 10:25:16,confirmation
session_1951,Desktop,UK,Google,0,1,2025-07-31 08:35:56,product_page
session_1952,Mobile,Canada,Email,0,3,2025-02-23 05:01:54,checkout
session_1953,Tablet,Germany,Direct,0,0,2025-06-28 11:06:11,home
session_1954,Desktop,UK,Social Media,0,1,2025-07-14 08:27:12,product_page
session_1955,Desktop,Canada,Social Media,1,4,2025-04-30 05:25:42,confirmation
session_1956,Mobile,Canada,Google,0,0,2025-02-04 07:01:16,home
session_1957,Mobile,Germany,Direct,0,1,2025-07-02 12:49:20,product_page
session_1958,Tablet,Canada,Social Media,0,1,2025-01-28 13:15:56,product_page
session_1959,Tablet,Germany,Email,0,1,2025-04-13 20:10:16,product_page
session_196,Tablet,USA,Direct,0,1,2025-08-09 18:41:48,product_page
session_1960,Tablet,Canada,Social Media,0,1,2025-02-08 12:23:00,product_page
session_1961,Tablet,Canada,Email,1,4,2025-02-17 04:03:23,confirmation
session_1962,Desktop,Australia,Social Media,0,1,2025-01-28 03:04:55,product_page
session_1963,Mobile,UK,Social Media,0,0,2025-02-19 20:55:24,home
session_1964,Mobile,France,Email,1,4,2025-01-08 19:23:57,confirmation
session_1965,Desktop,Australia,Direct,0,2,2025-08-25 17:06:26,cart
session_1966,Tablet,Canada,Email,0,0,2025-08-16 22:06:11,home
session_1967,Mobile,Australia,Google,0,1,2025-07-22 18:42:07,product_page
session_1968,Mobile,Australia,Social Media,0,1,2025-07-26 16:52:44,product_page
session_1969,Mobile,Canada,Direct,0,1,2025-07-08 19:43:50,product_page
session_197,Mobile,UK,Social Media,0,1,2025-04-07 23:24:28,product_page
session_1970,Desktop,Canada,Direct,1,4,2025-03-11 09:50:43,confirmation
session_1971,Mobile,France,Direct,0,1,2025-01-10 23:14:36,product_page
session_1972,Desktop,France,Social Media,0,1,2025-01-16 08:18:28,product_page
session_1973,Mobile,Canada,Direct,0,1,2025-04-09 13:33:27,product_page
session_1974,Mobile,Australia,Email,0,0,2025-06-18 06:21:21,home
session_1975,Tablet,Australia,Email,0,0,2025-06-14 00:00:33,home
session_1976,Desktop,Germany,Email,0,1,2025-02-13 01:36:25,product_page
session_1977,Mobile,Australia,Direct,1,4,2025-07-06 02:20:41,confirmation
session_1978,Mobile,India,Email,0,0,2025-03-04 10:43:08,home
session_1979,Tablet,Germany,Email,1,4,2025-04-17 09:49:13,confirmation
session_198,Tablet,Germany,Email,0,2,2025-05-11 22:02:11,cart
session_1980,Mobile,Germany,Google,1,4,2025-08-21 13:09:03,confirmation
session_1981,Tablet,France,Email,0,0,2025-04-16 18:42:27,home
session_1982,Mobile,Australia,Email,1,4,2025-06-23 10:01:45,confirmation
session_1983,Mobile,Canada,Email,0,1,2025-05-24 20:55:01,product_page
session_1984,Tablet,USA,Social Media,0,0,2025-04-23 03:13:57,home
session_1985,Desktop,Germany,Direct,0,0,2025-08-01 08:13:00,home
session_1986,Tablet,UK,Email,1,4,2025-06-04 05:20:57,confirmation
session_1987,Tablet,India,Google,0,2,2025-02-23 03:42:29,cart
session_1988,Desktop,USA,Email,0,3,2025-01-13 08:13:24,checkout
session_1989,Mobile,UK,Email,0,1,2025-05-12 02:20:22,product_page
session_199,Tablet,Australia,Google,0,1,2025-01-09 19:56:59,product_page
session_1990,Mobile,France,Social Media,0,3,2025-06-27 15:57:04,checkout
session_1991,Mobile,Germany,Email,0,1,2025-04-04 21:38:45,product_page
session_1992,Desktop,UK,Direct,0,0,2025-03-06 06:10:32,home
session_1993,Desktop,UK,Email,1,4,2025-05-26 00:29:45,confirmation
session_1994,Mobile,USA,Email,1,4,2025-05-21 05:23:31,confirmation
session_1995,Tablet,Germany,Social Media,1,4,2025-07-19 15:13:27,confirmation
session_1996,Tablet,UK,Google,0,1,2025-08-25 21:44:03,product_page
session_1997,Tablet,France,Google,0,1,2025-05-15 17:31:06,product_page
session_1998,Mobile,Australia,Google,0,2,2025-05-16 06:09:44,cart
session_1999,Mobile,USA,Social Media,0,1,2025-03-08 15:32:14,product_page
session_2,Mobile,India,Google,0,0,2025-06-24 15:40:46,home
session_20,Desktop,Canada,Direct,0,1,2025-03-18 04:06:06,product_page
session_200,Desktop,France,Email,1,4,2025-03-29 12:58:29,confirmation
session_2000,Tablet,France,Email,0,1,2025-07-12 16:02:29,product_page
session_2001,Desktop,Germany,Direct,0,2,2025-07-13 15:23:22,cart
session_2002,Desktop,India,Email,0,0,2025-04-02 23:04:42,home
session_2003,Desktop,India,Email,0,1,2025-02-06 04:16:11,product_page
session_2004,Mobile,France,Email,0,1,2025-06-14 18:22:50,product_page
session_2005,Desktop,India,Social Media,1,4,2025-05-09 03:15:17,confirmation
session_2006,Tablet,India,Social Media,0,0,2025-03-20 17:33:54,home
session_2007,Desktop,India,Email,0,1,2025-04-02 16:37:33,product_page
session_2008,Desktop,UK,Direct,0,0,2025-07-14 06:13:01,home
session_2009,Tablet,Australia,Social Media,0,0,2025-07-11 11:35:56,home
session_201,Desktop,USA,Google,1,4,2025-08-05 16:07:49,confirmation
session_2010,Tablet,UK,Email,1,4,2025-07-25 11:26:38,confirmation
session_2011,Mobile,India,Social Media,0,1,2025-06-26 14:02:57,product_page
session_2012,Tablet,UK,Direct,0,1,2025-04-05 08:33:14,product_page
session_2013,Desktop,Australia,Social Media,0,1,2025-04-24 09:11:43,product_page
session_2014,Mobile,France,Social Media,0,1,2025-07-11 03:26:29,product_page
session_2015,Mobile,France,Direct,0,1,2025-07-17 04:34:19,product_page
session_2016,Tablet,Germany,Google,0,0,2025-03-21 09:57:03,home
session_2017,Tablet,India,Google,0,1,2025-05-13 05:46:03,product_page
session_2018,Mobile,India,Google,1,4,2025-06-06 00:26:42,confirmation
session_2019,Desktop,UK,Google,0,0,2025-04-26 01:25:41,home
session_202,Tablet,India,Google,1,4,2025-01-20 15:40:21,confirmation
session_2020,Mobile,Germany,Direct,0,0,2025-05-01 16:18:09,home
session_2021,Mobile,Canada,Email,0,0,2025-08-06 13:25:55,home
session_2022,Tablet,India,Email,0,1,2025-08-21 20:10:43,product_page
session_2023,Tablet,India,Email,0,0,2025-04-30 17:02:22,home
session_2024,Desktop,Germany,Email,0,1,2025-01-04 20:50:37,product_page
session_2025,Desktop,Germany,Email,0,1,2025-02-19 00:07:02,product_page
session_2026,Tablet,UK,Direct,0,1,2025-05-04 01:51:32,product_page
session_2027,Tablet,India,Direct,0,1,2025-01-16 05:25:36,product_page
session_2028,Tablet,Canada,Social Media,0,2,2025-08-14 06:07:06,cart
session_2029,Tablet,Australia,Email,0,0,2025-06-11 11:48:47,home
session_203,Mobile,Canada,Social Media,0,2,2025-07-24 16:52:43,cart
session_2030,Tablet,India,Email,0,1,2025-06-17 14:57:08,product_page
session_2031,Desktop,Canada,Direct,0,1,2025-08-21 06:20:17,product_page
session_2032,Desktop,Germany,Social Media,0,0,2025-04-13 07:12:53,home
session_2033,Tablet,Canada,Direct,0,0,2025-04-03 02:26:59,home
session_2034,Desktop,USA,Email,1,4,2025-08-17 11:15:18,confirmation
session_2035,Desktop,India,Social Media,0,1,2025-07-23 19:01:52,product_page
session_2036,Mobile,Canada,Google,0,0,2025-01-26 10:01:22,home
session_2037,Desktop,Australia,Direct,0,0,2025-07-15 06:39:57,home
session_2038,Tablet,France,Social Media,0,1,2025-05-07 04:35:01,product_page
session_2039,Mobile,USA,Email,0,2,2025-06-19 00:10:00,cart
session_204,Mobile,Australia,Google,1,4,2025-03-29 00:36:13,confirmation
session_2040,Tablet,Germany,Direct,0,1,2025-06-30 23:59:49,product_page
session_2041,Tablet,UK,Email,1,4,2025-06-25 00:31:00,confirmation
session_2042,Tablet,Canada,Social Media,1,4,2025-08-13 11:50:45,confirmation
session_2043,Tablet,UK,Direct,0,1,2025-02-12 18:46:13,product_page
session_2044,Desktop,France,Direct,0,1,2025-08-01 18:21:48,product_page
session_2045,Tablet,Canada,Direct,0,1,2025-01-15 15:04:02,product_page
session_2046,Tablet,Canada,Email,0,0,2025-02-26 06:32:24,home
session_2047,Mobile,USA,Social Media,0,2,2025-08-13 19:38:17,cart
session_2048,Mobile,France,Direct,0,0,2025-02-09 07:50:35,home
session_2049,Mobile,France,Direct,0,1,2025-02-23 12:22:09,product_page
session_205,Mobile,France,Social Media,1,4,2025-06-18 22:04:46,confirmation
session_2050,Mobile,Australia,Direct,0,2,2025-08-28 19:42:26,cart
session_2051,Mobile,Australia,Direct,0,0,2025-02-19 14:37:38,home
session_2052,Tablet,Germany,Email,0,1,2025-07-27 14:35:14,product_page
session_2053,Desktop,Australia,Email,1,4,2025-01-25 03:22:33,confirmation
session_2054,Tablet,India,Google,0,1,2025-04-28 17:04:27,product_page
session_2055,Desktop,USA,Google,0,0,2025-07-18 18:59:28,home
session_2056,Tablet,Australia,Direct,0,0,2025-08-23 00:38:18,home
session_2057,Desktop,USA,Google,0,1,2025-07-17 14:42:51,product_page
session_2058,Tablet,Australia,Direct,0,1,2025-06-05 17:51:18,product_page
session_2059,Desktop,Germany,Direct,0,0,2025-07-09 10:10:29,home
session_206,Mobile,Canada,Email,0,2,2025-07-12 05:15:38,cart
session_2060,Desktop,USA,Email,0,1,2025-03-09 11:58:46,product_page
session_2061,Desktop,India,Google,0,1,2025-01-29 22:47:08,product_page
session_2062,Mobile,India,Google,0,1,2025-02-19 04:00:16,product_page
session_2063,Mobile,India,Direct,1,4,2025-01-10 02:23:40,confirmation
session_2064,Mobile,Germany,Social Media,1,4,2025-01-28 14:00:58,confirmation
session_2065,Desktop,UK,Social Media,0,0,2025-01-10 13:48:41,home
session_2066,Tablet,Canada,Google,0,0,2025-04-07 13:14:25,home
session_2067,Tablet,UK,Social Media,1,4,2025-07-22 22:12:07,confirmation
session_2068,Tablet,Australia,Google,1,4,2025-02-21 13:05:40,confirmation
session_2069,Desktop,Australia,Google,0,0,2025-06-14 02:04:52,home
session_207,Tablet,India,Google,0,1,2025-03-31 03:17:45,product_page
session_2070,Desktop,USA,Google,1,4,2025-01-24 20:27:34,confirmation
session_2071,Desktop,France,Direct,0,0,2025-06-21 15:49:17,home
session_2072,Tablet,France,Direct,0,1,2025-04-05 20:44:42,product_page
session_2073,Mobile,Germany,Google,0,1,2025-08-20 17:44:37,product_page
session_2074,Tablet,Canada,Direct,0,0,2025-01-09 15:51:12,home
session_2075,Tablet,USA,Direct,0,1,2025-02-09 20:06:16,product_page
session_2076,Mobile,Germany,Social Media,0,1,2025-02-03 23:08:20,product_page
session_2077,Tablet,Canada,Social Media,0,1,2025-05-15 10:14:30,product_page
session_2078,Tablet,France,Email,0,1,2025-06-30 04:09:11,product_page
session_2079,Desktop,France,Email,0,1,2025-02-18 18:38:36,product_page
session_208,Tablet,UK,Social Media,0,1,2025-03-26 21:22:38,product_page
session_2080,Tablet,Germany,Social Media,0,1,2025-04-24 17:38:29,product_page
session_2081,Mobile,Australia,Social Media,0,1,2025-02-27 06:11:06,product_page
session_2082,Mobile,UK,Social Media,0,1,2025-06-11 20:34:05,product_page
session_2083,Mobile,Australia,Direct,0,0,2025-04-09 17:05:57,home
session_2084,Mobile,France,Google,1,4,2025-07-27 07:21:44,confirmation
session_2085,Tablet,India,Social Media,0,1,2025-07-09 17:51:01,product_page
session_2086,Tablet,France,Email,0,1,2025-03-27 21:56:05,product_page
session_2087,Tablet,Canada,Social Media,0,1,2025-08-27 11:18:46,product_page
session_2088,Desktop,Canada,Social Media,0,1,2025-06-12 15:50:39,product_page
session_2089,Tablet,France,Social Media,0,1,2025-03-15 08:54:45,product_page
session_209,Desktop,Canada,Email,1,4,2025-07-23 17:29:09,confirmation
session_2090,Mobile,USA,Email,0,1,2025-06-17 07:35:43,product_page
session_2091,Desktop,India,Direct,0,1,2025-01-30 06:36:30,product_page
session_2092,Mobile,Canada,Google,0,0,2025-08-02 10:32:09,home
session_2093,Desktop,Canada,Social Media,0,1,2025-08-08 07:31:42,product_page
session_2094,Tablet,Australia,Social Media,0,1,2025-08-07 01:03:00,product_page
session_2095,Tablet,UK,Direct,0,0,2025-07-04 17:02:36,home
session_2096,Desktop,Germany,Email,0,2,2025-04-07 14:32:31,cart
session_2097,Mobile,India,Direct,0,0,2025-01-04 04:10:30,home
session_2098,Desktop,Canada,Email,0,1,2025-02-03 05:00:51,product_page
session_2099,Mobile,Australia,Google,0,0,2025-08-31 06:55:35,home
session_21,Tablet,Australia,Google,0,1,2025-02-14 06:39:24,product_page
session_210,Mobile,USA,Google,1,4,2025-01-04 10:20:09,confirmation
session_2100,Tablet,Canada,Email,0,2,2025-05-14 15:24:55,cart
session_2101,Desktop,UK,Email,1,4,2025-08-08 04:11:37,confirmation
session_2102,Desktop,Australia,Google,0,1,2025-07-17 01:03:06,product_page
session_2103,Tablet,Germany,Social Media,0,1,2025-02-12 01:18:24,product_page
session_2104,Tablet,USA,Direct,0,1,2025-03-16 05:00:31,product_page
session_2105,Mobile,Germany,Google,0,1,2025-06-23 08:13:29,product_page
session_2106,Tablet,India,Direct,0,1,2025-05-16 20:40:10,product_page
session_2107,Desktop,USA,Social Media,0,1,2025-08-14 05:10:26,product_page
session_2108,Tablet,France,Direct,1,4,2025-01-01 00:35:15,confirmation
session_2109,Mobile,UK,Google,0,0,2025-05-08 20:53:00,home
session_211,Mobile,India,Direct,0,1,2025-01-25 23:20:02,product_page
session_2110,Desktop,Australia,Email,0,1,2025-08-15 12:03:15,product_page
session_2111,Desktop,UK,Social Media,0,0,2025-06-19 04:00:58,home
session_2112,Tablet,Germany,Direct,0,1,2025-08-02 19:58:13,product_page
session_2113,Mobile,France,Social Media,0,0,2025-07-15 20:28:51,home
session_2114,Tablet,Canada,Direct,0,1,2025-05-18 02:26:36,product_page
session_2115,Mobile,USA,Google,0,1,2025-08-11 14:22:25,product_page
session_2116,Mobile,Germany,Google,1,4,2025-02-01 18:34:01,confirmation
session_2117,Tablet,UK,Direct,0,1,2025-03-20 13:20:18,product_page
session_2118,Tablet,Germany,Social Media,1,4,2025-06-10 07:24:03,confirmation
session_2119,Mobile,USA,Google,1,4,2025-08-19 03:12:02,confirmation
session_212,Desktop,UK,Social Media,0,3,2025-08-03 11:36:16,checkout
session_2120,Mobile,Australia,Direct,0,0,2025-06-13 15:13:21,home
session_2121,Mobile,France,Google,1,4,2025-07-14 09:25:47,confirmation
session_2122,Mobile,Germany,Social Media,1,4,2025-02-08 22:58:17,confirmation
session_2123,Tablet,Australia,Direct,1,4,2025-02-19 14:09:46,confirmation
session_2124,Mobile,India,Direct,0,0,2025-08-15 15:08:25,home
session_2125,Desktop,UK,Email,0,2,2025-08-25 21:08:50,cart
session_2126,Tablet,UK,Google,0,0,2025-03-26 14:56:44,home
session_2127,Desktop,USA,Email,0,0,2025-04-01 21:48:40,home
session_2128,Desktop,Australia,Social Media,0,1,2025-08-14 14:22:52,product_page
session_2129,Desktop,Germany,Direct,0,1,2025-08-27 09:55:22,product_page
session_213,Mobile,India,Social Media,0,1,2025-01-16 10:53:01,product_page
session_2130,Desktop,Germany,Direct,0,1,2025-02-11 01:00:14,product_page
session_2131,Tablet,Germany,Direct,1,4,2025-04-29 03:11:17,confirmation
session_2132,Mobile,Canada,Google,0,1,2025-02-23 07:04:15,product_page
session_2133,Mobile,Australia,Direct,0,1,2025-01-27 14:11:04,product_page
session_2134,Tablet,Germany,Direct,0,1,2025-08-14 17:19:45,product_page
session_2135,Mobile,India,Social Media,0,1,2025-05-27 21:08:12,product_page
session_2136,Tablet,France,Google,0,0,2025-02-19 08:04:11,home
session_2137,Tablet,UK,Social Media,0,1,2025-07-09 18:43:50,product_page
session_2138,Desktop,France,Direct,0,1,2025-05-28 04:09:19,product_page
session_2139,Mobile,India,Email,1,4,2025-04-04 05:05:14,confirmation
session_214,Mobile,UK,Email,0,0,2025-04-03 03:52:49,home
session_2140,Desktop,Australia,Direct,1,4,2025-03-21 14:24:48,confirmation
session_2141,Desktop,USA,Email,0,1,2025-01-05 06:51:38,product_page
session_2142,Desktop,Australia,Google,0,1,2025-06-08 03:42:21,product_page
session_2143,Mobile,UK,Email,1,4,2025-07-15 21:14:31,confirmation
session_2144,Desktop,Germany,Direct,0,1,2025-08-18 10:22:42,product_page
session_2145,Mobile,UK,Google,0,1,2025-08-10 16:54:32,product_page
session_2146,Desktop,Australia,Social Media,0,0,2025-06-03 09:42:53,home
session_2147,Tablet,Germany,Social Media,0,0,2025-03-24 21:06:27,home
session_2148,Desktop,India,Google,0,1,2025-08-08 13:29:43,product_page
session_2149,Mobile,USA,Direct,0,2,2025-06-01 11:06:40,cart
session_215,Tablet,Canada,Google,0,2,2025-04-05 08:07:57,cart
session_2150,Desktop,Canada,Social Media,0,2,2025-03-01 13:20:23,cart
session_2151,Mobile,Germany,Direct,0,1,2025-07-17 15:06:21,product_page
session_2152,Mobile,Germany,Direct,0,0,2025-08-06 01:25:22,home
session_2153,Tablet,India,Social Media,1,4,2025-08-09 11:15:17,confirmation
session_2154,Desktop,France,Email,0,3,2025-07-05 22:39:26,checkout
session_2155,Mobile,Germany,Email,0,1,2025-01-15 23:56:10,product_page
session_2156,Mobile,Australia,Direct,0,1,2025-07-17 09:45:51,product_page
session_2157,Tablet,France,Social Media,0,1,2025-04-15 04:14:00,product_page
session_2158,Mobile,India,Google,0,1,2025-06-02 08:34:51,product_page
session_2159,Mobile,UK,Direct,0,1,2025-03-07 00:35:54,product_page
session_216,Tablet,France,Google,1,4,2025-04-19 06:21:53,confirmation
session_2160,Desktop,Germany,Direct,0,0,2025-01-25 09:17:47,home
session_2161,Desktop,Australia,Direct,0,0,2025-07-09 21:28:29,home
session_2162,Desktop,USA,Direct,1,4,2025-03-01 23:12:41,confirmation
session_2163,Tablet,Germany,Direct,0,1,2025-01-12 19:12:30,product_page
session_2164,Tablet,Australia,Direct,0,0,2025-01-28 07:42:06,home
session_2165,Mobile,USA,Google,0,0,2025-04-09 19:31:15,home
session_2166,Tablet,France,Google,0,1,2025-05-16 14:33:23,product_page
session_2167,Desktop,Australia,Direct,0,0,2025-04-16 13:05:53,home
session_2168,Mobile,UK,Google,0,1,2025-06-21 05:44:19,product_page
session_2169,Mobile,Canada,Email,1,4,2025-08-10 10:25:37,confirmation
session_217,Tablet,France,Email,1,4,2025-01-28 08:39:38,confirmation
session_2170,Mobile,UK,Direct,1,4,2025-04-03 13:20:11,confirmation
session_2171,Desktop,USA,Social Media,0,1,2025-03-18 19:21:32,product_page
session_2172,Tablet,USA,Email,0,1,2025-02-20 05:53:26,product_page
session_2173,Tablet,Canada,Direct,0,1,2025-06-22 01:13:58,product_page
session_2174,Mobile,UK,Social Media,0,2,2025-03-14 10:14:14,cart
session_2175,Mobile,Germany,Direct,0,2,2025-05-26 11:10:01,cart
session_2176,Mobile,UK,Email,0,0,2025-03-09 09:24:55,home
session_2177,Desktop,Canada,Google,0,1,2025-06-15 21:31:33,product_page
session_2178,Mobile,USA,Direct,0,0,2025-08-31 05:45:15,home
session_2179,Tablet,Germany,Social Media,0,0,2025-05-09 23:59:27,home
session_218,Mobile,UK,Email,0,1,2025-05-22 20:41:14,product_page
session_2180,Desktop,India,Direct,0,0,2025-06-30 11:28:57,home
session_2181,Mobile,UK,Google,0,1,2025-03-19 01:09:15,product_page
session_2182,Tablet,UK,Direct,0,1,2025-08-11 21:52:27,product_page
session_2183,Desktop,Germany,Email,1,4,2025-02-05 19:03:11,confirmation
session_2184,Mobile,Australia,Google,0,1,2025-02-14 10:06:40,product_page
session_2185,Desktop,France,Direct,1,4,2025-05-13 11:50:43,confirmation
session_2186,Mobile,UK,Email,0,1,2025-07-03 10:48:42,product_page
session_2187,Tablet,Australia,Social Media,0,2,2025-05-09 04:03:13,cart
session_2188,Tablet,Canada,Social Media,0,1,2025-05-02 08:44:37,product_page
session_2189,Desktop,France,Direct,0,0,2025-03-16 01:50:57,home
session_219,Desktop,Germany,Email,0,1,2025-02-24 23:10:13,product_page
session_2190,Tablet,Canada,Direct,1,4,2025-03-04 19:33:09,confirmation
session_2191,Desktop,Australia,Google,0,1,2025-02-14 08:23:10,product_page
session_2192,Tablet,France,Google,0,2,2025-07-08 12:33:49,cart
session_2193,Desktop,France,Direct,0,1,2025-01-11 04:04:09,product_page
session_2194,Mobile,Canada,Google,0,1,2025-08-31 15:48:33,product_page
session_2195,Desktop,UK,Direct,0,1,2025-02-17 19:39:00,product_page
session_2196,Mobile,Australia,Google,0,1,2025-01-15 07:40:44,product_page
session_2197,Desktop,Germany,Social Media,0,1,2025-08-07 09:11:04,product_page
session_2198,Mobile,France,Direct,0,1,2025-08-24 12:05:36,product_page
session_2199,Desktop,France,Social Media,0,0,2025-01-24 00:51:01,home
session_22,Desktop,UK,Social Media,0,0,2025-02-24 18:32:54,home
session_220,Mobile,UK,Social Media,0,1,2025-06-08 08:39:33,product_page
session_2200,Tablet,Australia,Email,0,1,2025-02-02 20:18:22,product_page
session_2201,Mobile,UK,Google,0,1,2025-01-31 03:57:06,product_page
session_2202,Desktop,UK,Google,0,0,2025-07-27 19:14:11,home
session_2203,Desktop,France,Direct,0,2,2025-05-13 13:05:35,cart
session_2204,Tablet,France,Email,1,4,2025-04-12 09:12:19,confirmation
session_2205,Tablet,Australia,Google,0,1,2025-01-10 22:05:07,product_page
session_2206,Tablet,Germany,Email,0,1,2025-04-07 16:51:59,product_page
session_2207,Mobile,USA,Google,0,1,2025-05-02 03:27:35,product_page
session_2208,Desktop,Australia,Google,1,4,2025-04-22 16:36:09,confirmation
session_2209,Tablet,France,Google,0,0,2025-05-03 23:24:51,home
session_221,Desktop,Canada,Google,0,1,2025-08-04 00:07:40,product_page
session_2210,Desktop,Germany,Direct,0,0,2025-04-14 17:43:24,home
session_2211,Tablet,USA,Email,0,1,2025-06-15 19:30:54,product_page
session_2212,Desktop,France,Social Media,1,4,2025-06-30 09:02:51,confirmation
session_2213,Tablet,UK,Email,0,1,2025-06-19 19:15:06,product_page
session_2214,Mobile,Canada,Google,0,1,2025-03-25 12:21:51,product_page
session_2215,Mobile,Canada,Social Media,0,2,2025-03-16 06:00:58,cart
session_2216,Desktop,Canada,Direct,1,4,2025-08-21 18:21:39,confirmation
session_2217,Desktop,India,Social Media,1,4,2025-05-03 07:34:32,confirmation
session_2218,Desktop,Australia,Social Media,0,0,2025-03-02 07:21:44,home
session_2219,Desktop,Australia,Direct,1,4,2025-06-02 21:09:52,confirmation
session_222,Mobile,France,Email,0,0,2025-01-06 06:48:30,home
session_2220,Desktop,Germany,Direct,0,1,2025-07-24 05:58:25,product_page
session_2221,Mobile,India,Direct,0,1,2025-05-24 19:35:19,product_page
session_2222,Tablet,France,Google,1,4,2025-07-25 11:44:31,confirmation
session_2223,Mobile,France,Google,1,4,2025-07-18 21:29:30,confirmation
session_2224,Mobile,Australia,Social Media,0,0,2025-02-08 23:30:45,home
session_2225,Tablet,UK,Google,0,1,2025-07-06 20:49:30,product_page
session_2226,Tablet,USA,Email,0,1,2025-03-21 19:16:42,product_page
session_2227,Desktop,Canada,Direct,1,4,2025-03-27 07:22:20,confirmation
session_2228,Desktop,UK,Email,0,2,2025-04-25 14:24:59,cart
session_2229,Tablet,Canada,Google,1,4,2025-06-04 18:50:45,confirmation
session_223,Desktop,UK,Google,0,0,2025-03-13 12:58:59,home
session_2230,Mobile,Australia,Direct,0,2,2025-07-30 04:40:42,cart
session_2231,Mobile,France,Google,0,1,2025-06-24 08:06:25,product_page
session_2232,Mobile,USA,Google,0,0,2025-05-14 01:05:32,home
session_2233,Mobile,Canada,Email,0,1,2025-07-13 21:05:05,product_page
session_2234,Tablet,UK,Email,0,0,2025-07-18 11:06:37,home
session_2235,Tablet,Australia,Google,0,1,2025-05-02 03:55:32,product_page
session_2236,Tablet,Canada,Social Media,0,1,2025-05-21 18:56:26,product_page
session_2237,Desktop,India,Email,0,1,2025-05-14 05:44:22,product_page
session_2238,Tablet,Canada,Google,0,1,2025-05-05 20:05:45,product_page
session_2239,Tablet,UK,Social Media,0,0,2025-05-29 05:24:59,home
session_224,Desktop,Australia,Social Media,0,0,2025-07-18 21:53:18,home
session_2240,Desktop,Australia,Email,1,4,2025-05-11 16:34:53,confirmation
session_2241,Tablet,Canada,Google,1,4,2025-07-04 02:05:26,confirmation
session_2242,Mobile,France,Direct,0,1,2025-08-31 03:43:42,product_page
session_2243,Mobile,UK,Email,1,4,2025-05-12 01:31:59,confirmation
session_2244,Tablet,Australia,Direct,0,1,2025-01-12 17:02:33,product_page
session_2245,Tablet,Australia,Google,0,2,2025-08-22 03:31:14,cart
session_2246,Desktop,Australia,Google,0,1,2025-08-23 12:00:55,product_page
session_2247,Mobile,India,Social Media,0,1,2025-06-02 22:06:13,product_page
session_2248,Tablet,Canada,Email,1,4,2025-04-29 16:04:57,confirmation
session_2249,Tablet,India,Email,0,0,2025-07-03 06:04:44,home
session_225,Desktop,Australia,Direct,1,4,2025-06-29 18:34:51,confirmation
session_2250,Mobile,Canada,Social Media,0,1,2025-06-27 15:07:19,product_page
session_2251,Desktop,Canada,Direct,1,4,2025-04-13 17:01:35,confirmation
session_2252,Desktop,Germany,Direct,1,4,2025-07-21 05:51:37,confirmation
session_2253,Desktop,USA,Direct,0,0,2025-06-07 13:39:54,home
session_2254,Tablet,France,Direct,0,1,2025-03-16 10:17:00,product_page
session_2255,Desktop,Germany,Direct,0,1,2025-07-13 20:02:56,product_page
session_2256,Tablet,USA,Google,0,0,2025-02-07 17:07:20,home
session_2257,Desktop,Germany,Email,0,1,2025-02-27 00:40:48,product_page
session_2258,Desktop,UK,Direct,1,4,2025-02-16 20:23:13,confirmation
session_2259,Desktop,France,Direct,0,0,2025-08-31 00:25:27,home
session_226,Tablet,India,Social Media,0,1,2025-06-11 17:50:19,product_page
session_2260,Desktop,UK,Google,0,1,2025-02-26 14:34:40,product_page
session_2261,Tablet,France,Direct,0,1,2025-03-02 09:37:05,product_page
session_2262,Mobile,France,Direct,1,4,2025-02-21 11:23:16,confirmation
session_2263,Tablet,USA,Email,0,0,2025-01-30 04:52:32,home
session_2264,Desktop,Canada,Direct,0,1,2025-01-03 00:44:52,product_page
session_2265,Desktop,UK,Email,0,0,2025-01-29 02:40:11,home
session_2266,Mobile,Australia,Google,1,4,2025-07-27 08:29:47,confirmation
session_2267,Mobile,France,Direct,0,1,2025-01-10 14:47:54,product_page
session_2268,Mobile,Australia,Email,0,1,2025-06-06 15:15:34,product_page
session_2269,Mobile,Australia,Social Media,1,4,2025-02-04 12:22:44,confirmation
session_227,Mobile,USA,Direct,0,1,2025-01-05 18:20:29,product_page
session_2270,Tablet,France,Email,0,1,2025-02-04 22:58:03,product_page
session_2271,Mobile,Germany,Social Media,0,0,2025-04-08 03:05:47,home
session_2272,Desktop,Germany,Email,1,4,2025-05-04 00:05:57,confirmation
session_2273,Desktop,France,Email,0,1,2025-01-03 06:48:33,product_page
session_2274,Desktop,UK,Google,1,4,2025-04-06 16:41:58,confirmation
session_2275,Tablet,Australia,Social Media,1,4,2025-08-16 15:51:37,confirmation
session_2276,Tablet,Germany,Email,0,1,2025-07-14 10:41:46,product_page
session_2277,Desktop,France,Direct,1,4,2025-03-06 07:12:50,confirmation
session_2278,Tablet,USA,Google,0,1,2025-03-28 04:55:28,product_page
session_2279,Desktop,Germany,Direct,1,4,2025-02-04 05:27:35,confirmation
session_228,Desktop,UK,Google,0,1,2025-01-29 03:50:53,product_page
session_2280,Desktop,France,Direct,0,1,2025-03-31 07:02:23,product_page
session_2281,Desktop,Australia,Google,0,1,2025-03-03 18:19:49,product_page
session_2282,Desktop,France,Direct,0,0,2025-07-08 06:38:32,home
session_2283,Mobile,India,Direct,0,1,2025-03-09 04:02:21,product_page
session_2284,Mobile,USA,Social Media,0,2,2025-02-27 21:40:56,cart
session_2285,Tablet,India,Google,0,1,2025-04-30 03:10:16,product_page
session_2286,Desktop,USA,Social Media,1,4,2025-03-13 14:38:02,confirmation
session_2287,Tablet,Australia,Google,0,0,2025-05-19 17:23:46,home
session_2288,Tablet,Australia,Google,1,4,2025-02-10 21:17:14,confirmation
session_2289,Tablet,Germany,Email,0,0,2025-03-17 02:35:49,home
session_229,Mobile,UK,Social Media,0,0,2025-01-23 18:49:00,home
session_2290,Mobile,France,Social Media,0,1,2025-05-12 11:51:07,product_page
session_2291,Desktop,UK,Social Media,0,2,2025-07-07 00:05:48,cart
session_2292,Mobile,UK,Social Media,1,4,2025-08-16 01:23:15,confirmation
session_2293,Mobile,Canada,Social Media,0,1,2025-05-25 15:47:37,product_page
session_2294,Desktop,UK,Google,0,1,2025-06-29 10:35:27,product_page
session_2295,Tablet,Canada,Email,0,2,2025-01-16 20:47:24,cart
session_2296,Mobile,France,Google,1,4,2025-08-17 18:12:01,confirmation
session_2297,Desktop,Australia,Social Media,0,1,2025-06-17 16:19:44,product_page
session_2298,Mobile,India,Google,0,1,2025-08-22 23:49:34,product_page
session_2299,Mobile,France,Direct,0,0,2025-05-02 18:38:17,home
session_23,Tablet,France,Direct,1,4,2025-04-18 05:34:24,confirmation
session_230,Mobile,France,Direct,1,4,2025-06-20 22:08:41,confirmation
session_2300,Mobile,UK,Social Media,0,0,2025-08-02 04:24:34,home
session_2301,Mobile,India,Email,1,4,2025-03-19 10:30:02,confirmation
session_2302,Desktop,UK,Direct,0,1,2025-06-09 09:40:53,product_page
session_2303,Desktop,France,Google,0,1,2025-07-23 20:07:41,product_page
session_2304,Tablet,France,Google,1,4,2025-04-11 16:49:23,confirmation
session_2305,Tablet,USA,Email,0,1,2025-08-14 18:32:03,product_page
session_2306,Mobile,USA,Email,0,1,2025-01-16 03:24:35,product_page
session_2307,Mobile,UK,Social Media,0,0,2025-08-22 20:17:29,home
session_2308,Tablet,France,Direct,0,0,2025-04-05 20:31:27,home
session_2309,Tablet,Germany,Google,0,1,2025-02-07 21:03:59,product_page
session_231,Mobile,Germany,Direct,0,0,2025-06-30 01:49:21,home
session_2310,Mobile,Australia,Social Media,0,1,2025-04-08 10:20:34,product_page
session_2311,Tablet,Germany,Social Media,1,4,2025-07-06 10:09:20,confirmation
session_2312,Desktop,Canada,Email,0,1,2025-07-28 20:39:23,product_page
session_2313,Mobile,Australia,Google,0,1,2025-07-08 10:06:35,product_page
session_2314,Mobile,Canada,Social Media,1,4,2025-02-19 00:28:56,confirmation
session_2315,Desktop,UK,Email,0,2,2025-06-27 11:44:15,cart
session_2316,Tablet,Australia,Direct,0,1,2025-07-29 00:02:49,product_page
session_2317,Mobile,India,Email,1,4,2025-02-12 23:58:15,confirmation
session_2318,Desktop,France,Google,0,1,2025-03-29 01:37:30,product_page
session_2319,Desktop,Germany,Google,1,4,2025-01-19 09:21:19,confirmation
session_232,Mobile,Australia,Email,0,0,2025-06-05 05:14:21,home
session_2320,Tablet,USA,Google,1,4,2025-08-25 10:44:05,confirmation
session_2321,Desktop,India,Email,0,1,2025-05-09 01:40:06,product_page
session_2322,Tablet,USA,Social Media,1,4,2025-06-19 22:38:21,confirmation
session_2323,Tablet,UK,Google,0,1,2025-05-07 12:13:50,product_page
session_2324,Tablet,France,Email,1,4,2025-06-07 09:03:33,confirmation
session_2325,Tablet,UK,Google,1,4,2025-07-12 22:28:30,confirmation
session_2326,Tablet,France,Direct,0,0,2025-04-16 01:02:00,home
session_2327,Desktop,Germany,Email,0,2,2025-01-13 20:17:12,cart
session_2328,Mobile,Canada,Social Media,0,1,2025-05-29 17:54:29,product_page
session_2329,Mobile,France,Email,0,1,2025-02-07 05:38:51,product_page
session_233,Desktop,Germany,Google,0,0,2025-04-01 00:40:21,home
session_2330,Tablet,Canada,Email,0,1,2025-02-25 01:34:40,product_page
session_2331,Mobile,Canada,Direct,0,1,2025-03-23 16:53:26,product_page
session_2332,Mobile,Australia,Social Media,0,0,2025-05-26 03:07:50,home
session_2333,Tablet,USA,Google,0,1,2025-02-03 22:29:35,product_page
session_2334,Desktop,India,Social Media,1,4,2025-03-26 09:14:13,confirmation
session_2335,Mobile,USA,Email,0,1,2025-02-16 21:09:48,product_page
session_2336,Mobile,France,Email,0,1,2025-04-29 07:48:38,product_page
session_2337,Mobile,India,Social Media,1,4,2025-08-14 16:50:02,confirmation
session_2338,Tablet,UK,Social Media,0,1,2025-06-10 08:34:41,product_page
session_2339,Desktop,Canada,Direct,0,2,2025-06-02 19:42:12,cart
session_234,Tablet,UK,Direct,0,0,2025-06-22 19:08:26,home
session_2340,Tablet,Canada,Google,0,2,2025-06-24 18:20:39,cart
session_2341,Desktop,USA,Social Media,0,1,2025-02-24 13:30:33,product_page
session_2342,Tablet,Germany,Direct,0,0,2025-03-28 19:58:18,home
session_2343,Tablet,Germany,Direct,0,1,2025-06-30 08:52:58,product_page
session_2344,Mobile,USA,Social Media,0,0,2025-07-14 23:45:59,home
session_2345,Mobile,Canada,Email,0,1,2025-06-07 07:05:34,product_page
session_2346,Desktop,USA,Social Media,0,1,2025-01-16 09:56:40,product_page
session_2347,Mobile,India,Google,0,1,2025-04-30 00:13:48,product_page
session_2348,Desktop,Australia,Direct,1,4,2025-02-27 05:56:40,confirmation
session_2349,Desktop,UK,Email,0,1,2025-08-26 14:41:41,product_page
session_235,Tablet,India,Social Media,0,1,2025-07-10 13:40:25,product_page
session_2350,Mobile,India,Email,0,1,2025-01-22 23:32:58,product_page
session_2351,Tablet,Canada,Google,1,4,2025-05-06 05:13:22,confirmation
session_2352,Tablet,Canada,Direct,0,1,2025-07-29 05:30:42,product_page
session_2353,Mobile,Canada,Email,0,0,2025-07-02 13:25:29,home
session_2354,Desktop,France,Email,0,1,2025-08-18 12:00:49,product_page
session_2355,Desktop,France,Direct,0,1,2025-05-06 18:32:38,product_page
session_2356,Desktop,India,Direct,0,0,2025-08-21 21:23:12,home
session_2357,Desktop,India,Social Media,0,1,2025-03-05 17:00:32,product_page
session_2358,Tablet,Canada,Social Media,0,1,2025-04-26 07:38:33,product_page
session_2359,Desktop,India,Google,0,1,2025-06-09 23:11:34,product_page
session_236,Mobile,USA,Google,0,1,2025-03-14 01:35:41,product_page
session_2360,Desktop,USA,Email,0,1,2025-05-21 21:51:15,product_page
session_2361,Mobile,Canada,Direct,0,1,2025-05-04 01:38:42,product_page
session_2362,Mobile,Canada,Direct,0,1,2025-05-26 06:33:02,product_page
session_2363,Mobile,UK,Google,0,1,2025-05-27 01:43:48,product_page
session_2364,Tablet,France,Direct,0,1,2025-01-06 15:02:43,product_page
session_2365,Mobile,India,Email,1,4,2025-02-26 20:27:32,confirmation
session_2366,Desktop,Australia,Google,0,2,2025-08-09 10:22:55,cart
session_2367,Tablet,France,Google,0,1,2025-03-27 01:04:09,product_page
session_2368,Mobile,Germany,Google,0,0,2025-02-04 18:06:55,home
session_2369,Tablet,USA,Direct,0,1,2025-05-27 04:30:36,product_page
session_237,Tablet,UK,Google,0,1,2025-04-03 10:18:02,product_page
session_2370,Desktop,Germany,Email,0,1,2025-06-08 16:45:09,product_page
session_2371,Tablet,Australia,Email,0,2,2025-03-07 14:07:50,cart
session_2372,Desktop,Germany,Email,1,4,2025-06-21 21:35:55,confirmation
session_2373,Desktop,India,Social Media,0,0,2025-07-19 07:54:17,home
session_2374,Desktop,Australia,Email,0,1,2025-03-31 06:39:27,product_page
session_2375,Desktop,Germany,Social Media,1,4,2025-01-25 03:36:51,confirmation
session_2376,Tablet,India,Google,0,1,2025-02-24 03:51:24,product_page
session_2377,Mobile,France,Email,0,1,2025-06-02 23:17:04,product_page
session_2378,Tablet,USA,Social Media,0,1,2025-05-09 17:43:11,product_page
session_2379,Desktop,USA,Social Media,0,0,2025-01-18 00:51:59,home
session_238,Tablet,Germany,Social Media,0,2,2025-05-10 02:16:37,cart
session_2380,Tablet,Australia,Email,0,1,2025-01-16 18:17:31,product_page
session_2381,Tablet,USA,Email,1,4,2025-01-17 19:23:48,confirmation
session_2382,Tablet,Australia,Social Media,1,4,2025-06-06 22:32:46,confirmation
session_2383,Mobile,USA,Direct,0,0,2025-04-25 03:07:22,home
session_2384,Desktop,Canada,Email,0,1,2025-07-30 21:21:06,product_page
session_2385,Mobile,UK,Social Media,0,1,2025-04-02 16:04:48,product_page
session_2386,Desktop,France,Google,0,1,2025-03-01 13:32:20,product_page
session_2387,Mobile,Germany,Google,0,1,2025-02-19 23:47:47,product_page
session_2388,Mobile,UK,Direct,1,4,2025-05-27 11:14:22,confirmation
session_2389,Tablet,Canada,Direct,0,2,2025-01-29 14:12:31,cart
session_239,Mobile,UK,Social Media,0,0,2025-08-04 10:46:29,home
session_2390,Tablet,Canada,Email,0,1,2025-06-15 16:40:55,product_page
session_2391,Mobile,Canada,Social Media,0,1,2025-05-29 18:08:34,product_page
session_2392,Mobile,UK,Email,0,1,2025-06-27 06:02:21,product_page
session_2393,Mobile,Australia,Social Media,0,0,2025-03-28 17:54:19,home
session_2394,Mobile,Australia,Email,1,4,2025-06-13 11:27:36,confirmation
session_2395,Tablet,Germany,Social Media,1,4,2025-04-20 15:40:20,confirmation
session_2396,Desktop,India,Social Media,0,0,2025-01-12 01:35:19,home
session_2397,Desktop,Germany,Google,0,0,2025-06-13 06:10:00,home
session_2398,Tablet,USA,Social Media,0,1,2025-07-20 18:43:44,product_page
session_2399,Mobile,Germany,Google,0,2,2025-08-04 03:10:20,cart
session_24,Desktop,France,Google,0,1,2025-05-29 02:09:07,product_page
session_240,Mobile,India,Google,0,1,2025-06-10 16:22:48,product_page
session_2400,Desktop,Germany,Direct,0,0,2025-02-16 22:38:40,home
session_2401,Tablet,USA,Google,1,4,2025-04-17 03:41:20,confirmation
session_2402,Tablet,Canada,Social Media,0,1,2025-03-03 13:02:20,product_page
session_2403,Mobile,Germany,Direct,0,0,2025-02-04 20:52:46,home
session_2404,Desktop,Canada,Direct,0,1,2025-04-29 04:07:33,product_page
session_2405,Mobile,Germany,Email,0,1,2025-08-16 10:00:33,product_page
session_2406,Mobile,Canada,Email,0,1,2025-05-16 12:22:23,product_page
session_2407,Desktop,India,Direct,1,4,2025-02-25 20:04:47,confirmation
session_2408,Mobile,Canada,Social Media,1,4,2025-06-05 11:27:50,confirmation
session_2409,Tablet,Canada,Email,0,0,2025-04-25 15:47:13,home
session_241,Tablet,UK,Google,0,1,2025-01-29 14:01:14,product_page
session_2410,Tablet,France,Google,1,4,2025-04-20 00:41:48,confirmation
session_2411,Desktop,France,Social Media,0,1,2025-03-04 11:16:22,product_page
session_2412,Desktop,Australia,Direct,0,1,2025-08-26 21:18:39,product_page
session_2413,Desktop,USA,Email,1,4,2025-07-20 07:36:28,confirmation
session_2414,Desktop,India,Email,1,4,2025-01-01 17:01:33,confirmation
session_2415,Tablet,India,Google,0,0,2025-01-12 02:13:57,home
session_2416,Mobile,India,Google,1,4,2025-04-10 20:35:16,confirmation
session_2417,Tablet,France,Social Media,1,4,2025-01-30 12:45:06,confirmation
session_2418,Mobile,USA,Direct,0,1,2025-08-19 05:05:24,product_page
session_2419,Desktop,USA,Social Media,0,0,2025-06-25 04:02:55,home
session_242,Desktop,UK,Email,1,4,2025-02-03 11:14:30,confirmation
session_2420,Desktop,Canada,Email,1,4,2025-01-01 05:21:25,confirmation
session_2421,Mobile,India,Social Media,0,1,2025-06-23 04:18:28,product_page
session_2422,Mobile,India,Google,0,1,2025-05-30 04:03:48,product_page
session_2423,Tablet,USA,Google,0,1,2025-03-06 17:08:54,product_page
session_2424,Desktop,USA,Direct,1,4,2025-05-24 03:12:27,confirmation
session_2425,Desktop,UK,Google,0,2,2025-03-28 02:52:11,cart
session_2426,Tablet,Australia,Google,0,0,2025-08-09 11:55:58,home
session_2427,Mobile,Germany,Email,1,4,2025-01-29 00:53:06,confirmation
session_2428,Mobile,Australia,Social Media,0,2,2025-04-08 21:22:33,cart
session_2429,Tablet,USA,Google,0,1,2025-01-22 08:26:08,product_page
session_243,Desktop,Germany,Social Media,0,1,2025-06-07 17:28:28,product_page
session_2430,Tablet,Canada,Direct,0,1,2025-05-28 17:48:15,product_page
session_2431,Desktop,Canada,Email,0,1,2025-02-26 19:48:05,product_page
session_2432,Mobile,USA,Social Media,0,1,2025-07-08 22:03:40,product_page
session_2433,Mobile,USA,Social Media,0,2,2025-05-04 08:27:13,cart
session_2434,Tablet,Germany,Google,0,0,2025-02-18 15:58:39,home
session_2435,Mobile,Australia,Social Media,0,0,2025-06-15 21:16:58,home
session_2436,Mobile,France,Social Media,0,0,2025-01-22 19:19:09,home
session_2437,Tablet,India,Direct,0,2,2025-02-03 19:36:14,cart
session_2438,Tablet,France,Email,0,0,2025-05-12 11:50:05,home
session_2439,Desktop,USA,Google,0,0,2025-03-25 02:05:46,home
session_244,Desktop,USA,Direct,0,1,2025-04-21 06:48:53,product_page
session_2440,Mobile,Australia,Google,0,1,2025-06-04 04:47:01,product_page
session_2441,Mobile,France,Email,0,2,2025-06-07 17:20:43,cart
session_2442,Mobile,Germany,Direct,0,1,2025-03-06 06:09:39,product_page
session_2443,Mobile,Canada,Email,0,0,2025-04-13 04:13:42,home
session_2444,Tablet,Canada,Email,0,0,2025-08-09 01:11:57,home
session_2445,Tablet,UK,Social Media,0,0,2025-01-18 00:40:55,home
session_2446,Tablet,France,Direct,0,0,2025-04-29 15:08:16,home
session_2447,Mobile,UK,Google,0,0,2025-04-20 00:41:22,home
session_2448,Desktop,India,Direct,0,1,2025-02-12 13:47:31,product_page
session_2449,Mobile,Canada,Email,0,2,2025-08-09 20:40:46,cart
session_245,Tablet,France,Google,0,1,2025-07-03 06:53:53,product_page
session_2450,Tablet,Australia,Direct,0,3,2025-02-19 08:45:11,checkout
session_2451,Mobile,Germany,Direct,0,3,2025-04-03 14:01:54,checkout
session_2452,Mobile,Australia,Email,1,4,2025-02-11 09:33:26,confirmation
session_2453,Mobile,USA,Direct,0,0,2025-02-15 14:32:11,home
session_2454,Mobile,Germany,Direct,0,1,2025-07-25 04:58:26,product_page
session_2455,Desktop,UK,Social Media,0,1,2025-01-11 09:00:02,product_page
session_2456,Tablet,UK,Google,1,4,2025-01-13 19:42:05,confirmation
session_2457,Desktop,Australia,Email,0,1,2025-01-23 15:12:44,product_page
session_2458,Desktop,Canada,Direct,0,0,2025-07-19 03:30:35,home
session_2459,Desktop,India,Direct,0,1,2025-06-02 05:16:11,product_page
session_246,Tablet,Germany,Email,0,1,2025-01-17 04:22:09,product_page
session_2460,Tablet,UK,Email,0,1,2025-05-28 15:35:33,product_page
session_2461,Desktop,India,Direct,0,0,2025-07-27 16:49:12,home
session_2462,Desktop,Germany,Google,0,1,2025-01-23 19:01:00,product_page
session_2463,Tablet,Australia,Social Media,0,1,2025-05-10 00:48:40,product_page
session_2464,Desktop,UK,Direct,0,0,2025-04-02 07:44:48,home
session_2465,Tablet,UK,Google,0,1,2025-08-17 05:50:53,product_page
session_2466,Mobile,UK,Social Media,0,0,2025-07-14 13:46:55,home
session_2467,Desktop,USA,Google,0,1,2025-01-17 04:53:31,product_page
session_2468,Desktop,Canada,Email,1,4,2025-06-07 04:15:16,confirmation
session_2469,Tablet,Canada,Direct,0,1,2025-02-26 05:38:30,product_page
session_247,Tablet,Canada,Social Media,0,2,2025-05-10 18:11:39,cart
session_2470,Tablet,UK,Direct,1,4,2025-08-28 00:48:58,confirmation
session_2471,Tablet,India,Social Media,0,1,2025-01-19 03:58:49,product_page
session_2472,Mobile,UK,Google,1,4,2025-07-24 12:48:34,confirmation
session_2473,Desktop,Australia,Google,1,4,2025-02-16 03:16:06,confirmation
session_2474,Desktop,UK,Direct,0,1,2025-01-12 20:18:03,product_page
session_2475,Mobile,India,Social Media,0,1,2025-04-12 18:19:10,product_page
session_2476,Desktop,UK,Google,0,1,2025-02-03 07:54:22,product_page
session_2477,Tablet,UK,Email,1,4,2025-02-23 20:57:29,confirmation
session_2478,Tablet,India,Google,0,0,2025-07-18 17:42:08,home
session_2479,Tablet,Australia,Direct,0,1,2025-01-31 07:35:40,product_page
session_248,Mobile,Canada,Direct,0,0,2025-05-01 10:57:02,home
session_2480,Tablet,India,Email,0,1,2025-02-07 09:43:19,product_page
session_2481,Mobile,Australia,Email,0,1,2025-03-23 14:34:35,product_page
session_2482,Tablet,India,Email,0,1,2025-07-22 01:15:30,product_page
session_2483,Mobile,UK,Google,0,1,2025-05-25 08:27:59,product_page
session_2484,Tablet,Canada,Social Media,0,1,2025-08-28 13:19:16,product_page
session_2485,Mobile,Germany,Email,0,0,2025-07-18 09:55:00,home
session_2486,Tablet,Canada,Social Media,0,1,2025-07-01 06:27:01,product_page
session_2487,Desktop,Canada,Social Media,0,2,2025-04-26 17:19:58,cart
session_2488,Tablet,UK,Direct,1,4,2025-08-14 00:19:55,confirmation
session_2489,Mobile,UK,Social Media,1,4,2025-05-22 04:10:53,confirmation
session_249,Mobile,UK,Direct,0,1,2025-01-26 18:55:19,product_page
session_2490,Desktop,Canada,Google,0,1,2025-06-30 20:44:47,product_page
session_2491,Tablet,Germany,Social Media,0,1,2025-03-26 07:25:54,product_page
session_2492,Desktop,France,Social Media,0,2,2025-03-01 21:45:23,cart
session_2493,Desktop,UK,Direct,0,2,2025-01-13 15:48:24,cart
session_2494,Desktop,USA,Direct,0,2,2025-08-03 06:57:23,cart
session_2495,Desktop,UK,Google,0,0,2025-07-02 13:25:35,home
session_2496,Tablet,India,Email,1,4,2025-01-19 21:51:07,confirmation
session_2497,Desktop,Australia,Direct,0,1,2025-06-15 10:49:17,product_page
session_2498,Mobile,Canada,Google,1,4,2025-07-07 11:08:15,confirmation
session_2499,Tablet,Canada,Google,0,1,2025-05-21 21:59:02,product_page
session_25,Tablet,USA,Google,0,1,2025-05-06 03:32:59,product_page
session_250,Desktop,France,Social Media,1,4,2025-05-25 12:05:49,confirmation
session_2500,Tablet,Canada,Social Media,0,1,2025-01-28 20:32:14,product_page
session_2501,Mobile,USA,Google,0,3,2025-07-02 18:45:21,checkout
session_2502,Desktop,USA,Email,0,1,2025-07-20 07:39:36,product_page
session_2503,Desktop,USA,Email,0,2,2025-06-07 11:32:24,cart
session_2504,Mobile,Germany,Direct,0,0,2025-02-10 04:35:37,home
session_2505,Tablet,UK,Google,0,1,2025-07-15 07:49:43,product_page
session_2506,Desktop,Germany,Social Media,1,4,2025-03-17 14:30:00,confirmation
session_2507,Tablet,Germany,Email,0,0,2025-02-17 08:34:07,home
session_2508,Desktop,Australia,Google,0,0,2025-08-06 06:25:42,home
session_2509,Tablet,Germany,Social Media,0,0,2025-04-04 01:18:59,home
session_251,Desktop,Australia,Direct,0,0,2025-02-16 14:10:59,home
session_2510,Tablet,Germany,Google,1,4,2025-07-11 19:53:48,confirmation
session_2511,Desktop,India,Direct,0,1,2025-02-22 16:15:21,product_page
session_2512,Mobile,India,Direct,0,0,2025-02-26 02:57:21,home
session_2513,Mobile,India,Social Media,1,4,2025-02-06 11:36:28,confirmation
session_2514,Mobile,Germany,Google,1,4,2025-03-08 18:02:31,confirmation
session_2515,Desktop,Canada,Email,0,1,2025-03-16 07:00:46,product_page
session_2516,Tablet,Australia,Google,0,0,2025-08-17 20:50:25,home
session_2517,Mobile,Canada,Direct,0,0,2025-06-27 00:40:36,home
session_2518,Tablet,UK,Direct,0,2,2025-06-07 02:12:53,cart
session_2519,Mobile,Canada,Email,0,1,2025-04-24 21:37:14,product_page
session_252,Mobile,Canada,Google,1,4,2025-07-26 01:21:50,confirmation
session_2520,Desktop,Germany,Direct,0,1,2025-08-09 13:17:39,product_page
session_2521,Mobile,Germany,Social Media,0,2,2025-04-19 07:08:10,cart
session_2522,Tablet,Canada,Google,1,4,2025-01-26 23:27:38,confirmation
session_2523,Desktop,India,Google,0,0,2025-08-15 11:47:01,home
session_2524,Tablet,UK,Email,0,0,2025-05-23 01:10:10,home
session_2525,Desktop,USA,Google,0,1,2025-04-24 17:47:28,product_page
session_2526,Mobile,Germany,Google,0,0,2025-04-06 11:46:28,home
session_2527,Mobile,India,Social Media,0,1,2025-04-22 14:04:30,product_page
session_2528,Desktop,Germany,Google,0,1,2025-01-30 03:55:35,product_page
session_2529,Desktop,India,Social Media,0,0,2025-05-11 14:13:05,home
session_253,Mobile,India,Email,0,1,2025-08-26 16:28:39,product_page
session_2530,Tablet,India,Direct,1,4,2025-04-05 15:30:40,confirmation
session_2531,Tablet,USA,Direct,1,4,2025-06-08 15:41:21,confirmation
session_2532,Tablet,Canada,Social Media,0,1,2025-02-19 20:39:00,product_page
session_2533,Tablet,Germany,Social Media,0,0,2025-01-25 17:49:07,home
session_2534,Tablet,USA,Google,0,1,2025-08-08 06:52:50,product_page
session_2535,Tablet,USA,Social Media,0,3,2025-05-12 19:53:34,checkout
session_2536,Mobile,Canada,Email,1,4,2025-05-30 04:04:22,confirmation
session_2537,Desktop,Germany,Direct,0,1,2025-03-30 06:00:32,product_page
session_2538,Tablet,Australia,Email,0,2,2025-07-17 22:18:41,cart
session_2539,Tablet,USA,Social Media,0,1,2025-06-17 12:30:38,product_page
session_254,Tablet,India,Social Media,0,1,2025-08-09 05:19:32,product_page
session_2540,Desktop,UK,Email,0,2,2025-08-02 11:00:40,cart
session_2541,Tablet,Canada,Social Media,0,2,2025-04-08 10:26:01,cart
session_2542,Desktop,India,Email,0,1,2025-08-06 14:33:36,product_page
session_2543,Tablet,Germany,Direct,0,3,2025-05-27 16:43:53,checkout
session_2544,Mobile,Canada,Email,0,1,2025-05-08 23:04:17,product_page
session_2545,Tablet,UK,Direct,0,1,2025-05-09 16:01:52,product_page
session_2546,Mobile,Canada,Email,1,4,2025-01-05 15:07:54,confirmation
session_2547,Mobile,Canada,Email,0,1,2025-03-29 06:58:47,product_page
session_2548,Tablet,UK,Direct,0,0,2025-05-15 12:17:02,home
session_2549,Desktop,UK,Email,0,1,2025-01-04 08:19:27,product_page
session_255,Tablet,France,Google,0,2,2025-07-19 11:38:29,cart
session_2550,Tablet,Australia,Email,0,1,2025-02-17 06:47:29,product_page
session_2551,Mobile,USA,Google,0,1,2025-08-08 20:56:15,product_page
session_2552,Mobile,India,Direct,0,0,2025-01-11 20:21:33,home
session_2553,Desktop,USA,Direct,0,0,2025-03-27 07:30:05,home
session_2554,Mobile,USA,Email,0,1,2025-05-19 21:48:07,product_page
session_2555,Desktop,USA,Email,1,4,2025-08-22 19:48:41,confirmation
session_2556,Mobile,France,Google,0,1,2025-08-25 22:15:06,product_page
session_2557,Desktop,UK,Email,0,1,2025-05-28 09:14:29,product_page
session_2558,Tablet,France,Email,0,2,2025-08-16 16:58:21,cart
session_2559,Desktop,Australia,Google,0,2,2025-05-25 23:38:38,cart
session_256,Desktop,Canada,Social Media,0,0,2025-02-11 16:02:59,home
session_2560,Tablet,Australia,Email,0,1,2025-08-21 10:53:16,product_page
session_2561,Desktop,Germany,Email,0,1,2025-04-01 10:06:07,product_page
session_2562,Tablet,UK,Direct,1,4,2025-01-11 15:26:25,confirmation
session_2563,Mobile,Australia,Social Media,1,4,2025-03-29 07:15:02,confirmation
session_2564,Mobile,India,Email,1,4,2025-02-28 20:54:12,confirmation
session_2565,Desktop,Australia,Direct,0,2,2025-05-13 01:34:11,cart
session_2566,Desktop,Canada,Email,1,4,2025-07-16 12:25:01,confirmation
session_2567,Tablet,Australia,Direct,0,0,2025-06-29 18:54:24,home
session_2568,Desktop,UK,Direct,1,4,2025-07-04 03:34:04,confirmation
session_2569,Desktop,France,Google,0,0,2025-03-28 07:21:55,home
session_257,Mobile,UK,Social Media,0,1,2025-06-21 18:56:28,product_page
session_2570,Tablet,France,Google,0,1,2025-03-14 19:43:39,product_page
session_2571,Mobile,Australia,Google,1,4,2025-03-02 14:46:24,confirmation
session_2572,Desktop,Australia,Email,1,4,2025-05-12 10:34:07,confirmation
session_2573,Desktop,USA,Google,1,4,2025-01-15 11:22:54,confirmation
session_2574,Desktop,India,Google,1,4,2025-01-13 00:11:52,confirmation
session_2575,Mobile,France,Email,0,1,2025-06-01 03:23:50,product_page
session_2576,Desktop,USA,Direct,0,1,2025-02-17 19:45:55,product_page
session_2577,Mobile,Canada,Social Media,0,0,2025-02-06 05:52:46,home
session_2578,Mobile,Canada,Direct,0,2,2025-02-13 21:13:53,cart
session_2579,Mobile,UK,Email,0,1,2025-02-20 14:30:41,product_page
session_258,Desktop,UK,Direct,0,1,2025-08-25 01:11:15,product_page
session_2580,Mobile,France,Social Media,0,1,2025-07-04 01:50:51,product_page
session_2581,Mobile,USA,Social Media,0,1,2025-05-24 14:24:54,product_page
session_2582,Tablet,France,Direct,0,0,2025-05-24 02:11:06,home
session_2583,Desktop,Australia,Google,0,1,2025-06-03 23:05:04,product_page
session_2584,Desktop,UK,Social Media,0,0,2025-07-21 18:20:50,home
session_2585,Desktop,Germany,Social Media,0,1,2025-08-06 08:05:29,product_page
session_2586,Tablet,Canada,Social Media,1,4,2025-03-05 12:15:28,confirmation
session_2587,Desktop,Canada,Direct,0,1,2025-02-14 11:17:18,product_page
session_2588,Mobile,USA,Email,1,4,2025-06-29 10:16:50,confirmation
session_2589,Tablet,Germany,Direct,1,4,2025-07-01 16:30:15,confirmation
session_259,Desktop,USA,Google,0,1,2025-06-23 14:09:59,product_page
session_2590,Tablet,USA,Direct,0,0,2025-07-21 01:15:07,home
session_2591,Tablet,France,Direct,0,2,2025-05-24 11:38:21,cart
session_2592,Tablet,India,Google,0,1,2025-03-14 19:24:58,product_page
session_2593,Desktop,UK,Google,0,1,2025-04-11 10:41:41,product_page
session_2594,Mobile,USA,Direct,1,4,2025-04-28 05:24:04,confirmation
session_2595,Mobile,Australia,Social Media,0,1,2025-07-26 14:02:16,product_page
session_2596,Desktop,UK,Email,1,4,2025-02-17 00:27:58,confirmation
session_2597,Desktop,USA,Direct,0,0,2025-01-18 21:12:36,home
session_2598,Tablet,USA,Direct,0,0,2025-02-20 11:11:20,home
session_2599,Desktop,India,Direct,1,4,2025-03-13 04:52:10,confirmation
session_26,Desktop,France,Social Media,0,1,2025-05-09 15:42:12,product_page
session_260,Tablet,Australia,Direct,0,2,2025-06-11 03:14:29,cart
session_2600,Desktop,France,Google,0,0,2025-06-23 11:15:16,home
session_2601,Tablet,India,Social Media,0,2,2025-05-02 03:03:36,cart
session_2602,Tablet,France,Direct,1,4,2025-06-07 09:49:33,confirmation
session_2603,Desktop,USA,Social Media,1,4,2025-03-10 22:01:11,confirmation
session_2604,Mobile,France,Direct,1,4,2025-07-28 11:57:38,confirmation
session_2605,Mobile,India,Email,1,4,2025-07-26 01:55:27,confirmation
session_2606,Tablet,Australia,Email,1,4,2025-05-27 18:55:46,confirmation
session_2607,Tablet,Germany,Email,0,1,2025-07-06 20:23:03,product_page
session_2608,Mobile,Canada,Google,0,3,2025-02-09 11:07:44,checkout
session_2609,Mobile,Germany,Social Media,0,1,2025-03-21 02:49:23,product_page
session_261,Mobile,Canada,Email,0,0,2025-04-13 05:03:55,home
session_2610,Mobile,India,Social Media,0,1,2025-04-22 07:58:23,product_page
session_2611,Mobile,Canada,Direct,0,3,2025-02-04 21:41:14,checkout
session_2612,Tablet,USA,Direct,0,1,2025-06-18 18:24:47,product_page
session_2613,Tablet,India,Google,0,1,2025-07-23 08:23:58,product_page
session_2614,Tablet,India,Direct,0,3,2025-06-23 00:11:21,checkout
session_2615,Mobile,USA,Social Media,1,4,2025-02-07 14:14:26,confirmation
session_2616,Mobile,Australia,Direct,1,4,2025-03-13 20:30:32,confirmation
session_2617,Desktop,USA,Email,0,1,2025-01-04 10:00:59,product_page
session_2618,Mobile,France,Email,0,1,2025-04-29 12:36:29,product_page
session_2619,Mobile,Germany,Direct,0,1,2025-03-31 04:15:09,product_page
session_262,Desktop,Australia,Social Media,0,1,2025-08-31 23:50:49,product_page
session_2620,Mobile,USA,Google,0,0,2025-06-26 16:33:55,home
session_2621,Desktop,India,Direct,1,4,2025-03-05 11:25:57,confirmation
session_2622,Tablet,India,Social Media,0,0,2025-02-02 07:10:06,home
session_2623,Tablet,Australia,Direct,0,3,2025-04-05 17:03:32,checkout
session_2624,Tablet,India,Google,0,1,2025-06-30 16:36:33,product_page
session_2625,Mobile,France,Email,1,4,2025-02-08 00:55:33,confirmation
session_2626,Mobile,UK,Email,1,4,2025-01-10 03:02:41,confirmation
session_2627,Mobile,Canada,Email,0,1,2025-06-15 11:23:07,product_page
session_2628,Tablet,Germany,Google,0,1,2025-06-25 20:01:31,product_page
session_2629,Tablet,France,Google,0,0,2025-06-17 17:35:23,home
session_263,Tablet,UK,Social Media,0,0,2025-04-02 17:41:42,home
session_2630,Tablet,India,Social Media,0,2,2025-03-15 06:34:44,cart
session_2631,Tablet,USA,Google,0,0,2025-02-05 14:06:00,home
session_2632,Mobile,France,Email,0,1,2025-06-29 02:08:05,product_page
session_2633,Tablet,France,Social Media,0,2,2025-04-01 02:03:27,cart
session_2634,Tablet,Australia,Social Media,0,1,2025-05-07 07:31:22,product_page
session_2635,Desktop,Germany,Social Media,1,4,2025-04-14 04:12:49,confirmation
session_2636,Tablet,France,Direct,0,1,2025-05-25 01:58:49,product_page
session_2637,Tablet,Germany,Direct,1,4,2025-01-18 10:30:11,confirmation
session_2638,Desktop,Canada,Social Media,1,4,2025-04-07 14:14:10,confirmation
session_2639,Desktop,UK,Google,0,1,2025-05-31 13:48:41,product_page
session_264,Desktop,France,Google,0,2,2025-04-10 18:17:03,cart
session_2640,Desktop,France,Social Media,0,1,2025-08-24 07:52:41,product_page
session_2641,Desktop,France,Email,0,1,2025-08-29 00:42:38,product_page
session_2642,Tablet,India,Social Media,0,1,2025-06-25 00:02:26,product_page
session_2643,Mobile,USA,Social Media,1,4,2025-05-12 07:53:02,confirmation
session_2644,Mobile,Australia,Social Media,0,0,2025-06-08 08:15:21,home
session_2645,Desktop,France,Google,0,1,2025-02-07 22:44:45,product_page
session_2646,Tablet,Germany,Social Media,0,0,2025-03-31 08:06:53,home
session_2647,Mobile,France,Social Media,0,1,2025-02-19 08:50:27,product_page
session_2648,Tablet,UK,Google,0,0,2025-06-19 07:59:59,home
session_2649,Desktop,Canada,Direct,1,4,2025-03-18 05:12:54,confirmation
session_265,Desktop,France,Social Media,0,2,2025-04-01 06:24:56,cart
session_2650,Mobile,France,Social Media,1,4,2025-05-17 05:53:15,confirmation
session_2651,Mobile,Canada,Google,1,4,2025-03-25 14:02:13,confirmation
session_2652,Tablet,UK,Google,1,4,2025-02-24 02:19:38,confirmation
session_2653,Mobile,Germany,Google,0,1,2025-01-06 20:44:26,product_page
session_2654,Desktop,UK,Social Media,1,4,2025-01-05 23:23:50,confirmation
session_2655,Mobile,India,Email,0,1,2025-04-09 00:37:08,product_page
session_2656,Tablet,Australia,Email,1,4,2025-07-19 05:41:03,confirmation
session_2657,Mobile,UK,Email,0,0,2025-02-22 20:08:38,home
session_2658,Desktop,France,Google,0,1,2025-07-30 16:26:37,product_page
session_2659,Tablet,Germany,Direct,0,2,2025-04-15 07:17:21,cart
session_266,Desktop,USA,Social Media,0,1,2025-02-01 18:52:10,product_page
session_2660,Desktop,France,Google,1,4,2025-01-15 15:51:24,confirmation
session_2661,Tablet,France,Google,0,0,2025-03-07 06:41:45,home
session_2662,Desktop,Australia,Google,0,1,2025-06-03 19:43:12,product_page
session_2663,Desktop,UK,Social Media,0,1,2025-08-20 22:11:48,product_page
session_2664,Mobile,Germany,Email,0,0,2025-04-12 20:18:32,home
session_2665,Tablet,France,Social Media,0,1,2025-05-07 18:04:25,product_page
session_2666,Mobile,USA,Email,0,1,2025-02-01 12:34:57,product_page
session_2667,Tablet,Canada,Email,0,1,2025-04-27 13:16:12,product_page
session_2668,Tablet,Canada,Social Media,0,0,2025-02-14 21:11:29,home
session_2669,Desktop,USA,Social Media,0,1,2025-03-11 09:45:05,product_page
session_267,Desktop,Canada,Email,0,1,2025-04-10 05:39:20,product_page
session_2670,Desktop,Germany,Email,0,3,2025-01-06 07:28:31,checkout
session_2671,Mobile,France,Google,0,0,2025-06-28 02:12:06,home
session_2672,Tablet,Germany,Email,0,3,2025-06-04 02:22:32,checkout
session_2673,Desktop,Germany,Google,0,0,2025-07-22 01:11:11,home
session_2674,Tablet,India,Social Media,0,1,2025-01-25 15:27:54,product_page
session_2675,Desktop,Australia,Social Media,1,4,2025-04-11 21:53:01,confirmation
session_2676,Tablet,Canada,Direct,0,1,2025-02-01 08:46:53,product_page
session_2677,Tablet,Germany,Email,1,4,2025-07-17 10:33:36,confirmation
session_2678,Mobile,France,Google,0,0,2025-07-17 21:58:57,home
session_2679,Mobile,UK,Direct,0,1,2025-03-22 21:15:15,product_page
session_268,Tablet,France,Google,0,1,2025-08-03 09:21:10,product_page
session_2680,Mobile,Canada,Email,0,1,2025-06-06 11:50:56,product_page
session_2681,Tablet,France,Email,0,0,2025-06-12 09:58:38,home
session_2682,Desktop,USA,Direct,0,1,2025-06-30 13:15:21,product_page
session_2683,Desktop,UK,Google,0,1,2025-01-18 22:46:03,product_page
session_2684,Desktop,Australia,Google,0,0,2025-01-17 00:51:06,home
session_2685,Tablet,USA,Google,0,1,2025-07-17 12:07:07,product_page
session_2686,Mobile,UK,Google,0,1,2025-07-31 22:27:03,product_page
session_2687,Mobile,Canada,Social Media,0,1,2025-08-13 03:25:00,product_page
session_2688,Tablet,UK,Social Media,0,1,2025-05-01 17:05:47,product_page
session_2689,Tablet,India,Direct,0,1,2025-05-05 17:55:15,product_page
session_269,Desktop,Germany,Google,0,1,2025-06-25 06:23:00,product_page
session_2690,Tablet,Germany,Social Media,0,3,2025-06-13 20:21:21,checkout
session_2691,Tablet,France,Google,0,1,2025-06-24 07:44:00,product_page
session_2692,Desktop,India,Google,0,1,2025-05-06 20:57:57,product_page
session_2693,Mobile,India,Direct,0,1,2025-04-13 05:43:56,product_page
session_2694,Tablet,India,Direct,0,1,2025-02-26 17:38:42,product_page
session_2695,Desktop,Germany,Direct,1,4,2025-06-17 09:24:31,confirmation
session_2696,Mobile,France,Google,1,4,2025-01-21 09:21:58,confirmation
session_2697,Tablet,India,Direct,0,1,2025-06-27 09:04:50,product_page
session_2698,Tablet,Canada,Social Media,1,4,2025-07-20 03:36:16,confirmation
session_2699,Tablet,Australia,Direct,0,1,2025-05-21 11:34:56,product_page
session_27,Mobile,Australia,Email,0,0,2025-03-19 23:40:45,home
session_270,Desktop,Australia,Google,0,1,2025-06-18 12:01:22,product_page
session_2700,Mobile,UK,Direct,0,0,2025-08-01 01:03:51,home
session_2701,Desktop,UK,Direct,0,1,2025-04-10 01:26:58,product_page
session_2702,Mobile,India,Direct,0,1,2025-07-24 07:20:58,product_page
session_2703,Mobile,Germany,Email,0,2,2025-02-03 14:06:44,cart
session_2704,Mobile,Canada,Email,0,0,2025-03-10 04:21:43,home
session_2705,Mobile,France,Social Media,0,2,2025-01-28 23:44:21,cart
session_2706,Mobile,UK,Email,0,1,2025-01-08 01:51:44,product_page
session_2707,Tablet,Germany,Direct,0,2,2025-04-03 17:13:58,cart
session_2708,Desktop,USA,Direct,0,1,2025-06-22 10:24:09,product_page
session_2709,Mobile,Canada,Google,0,1,2025-08-12 08:58:00,product_page
session_271,Tablet,Germany,Social Media,0,2,2025-05-31 09:31:27,cart
session_2710,Tablet,USA,Social Media,0,1,2025-03-03 01:49:43,product_page
session_2711,Mobile,USA,Social Media,0,1,2025-08-10 13:28:50,product_page
session_2712,Mobile,India,Email,0,1,2025-05-13 23:38:26,product_page
session_2713,Desktop,France,Email,0,0,2025-06-05 06:15:49,home
session_2714,Mobile,Germany,Social Media,0,1,2025-03-04 01:51:03,product_page
session_2715,Mobile,UK,Email,0,0,2025-01-07 15:56:58,home
session_2716,Tablet,India,Social Media,0,1,2025-01-14 03:51:05,product_page
session_2717,Desktop,Canada,Direct,0,0,2025-06-13 02:26:02,home
session_2718,Mobile,UK,Social Media,0,1,2025-08-29 05:35:12,product_page
session_2719,Mobile,Germany,Email,0,0,2025-03-23 16:57:15,home
session_272,Mobile,USA,Social Media,0,1,2025-03-16 01:04:22,product_page
session_2720,Tablet,India,Direct,1,4,2025-05-06 04:06:49,confirmation
session_2721,Desktop,Australia,Social Media,0,1,2025-06-22 23:48:44,product_page
session_2722,Tablet,Germany,Direct,1,4,2025-05-11 02:21:00,confirmation
session_2723,Mobile,Canada,Direct,0,0,2025-04-27 10:37:24,home
session_2724,Tablet,France,Google,0,0,2025-03-08 22:30:24,home
session_2725,Mobile,Canada,Google,1,4,2025-06-09 07:01:03,confirmation
session_2726,Mobile,France,Google,0,0,2025-04-26 10:02:37,home
session_2727,Tablet,UK,Email,0,2,2025-08-13 02:58:26,cart
session_2728,Mobile,Germany,Direct,0,1,2025-05-15 13:26:54,product_page
session_2729,Desktop,UK,Direct,0,2,2025-01-08 14:47:19,cart
session_273,Tablet,Germany,Google,0,1,2025-01-09 18:43:16,product_page
session_2730,Mobile,UK,Social Media,0,1,2025-03-02 05:41:51,product_page
session_2731,Mobile,Canada,Google,1,4,2025-08-03 15:28:35,confirmation
session_2732,Desktop,Australia,Direct,0,1,2025-01-31 00:58:05,product_page
session_2733,Mobile,France,Direct,0,1,2025-05-02 20:07:11,product_page
session_2734,Tablet,UK,Direct,0,1,2025-07-10 03:31:38,product_page
session_2735,Mobile,UK,Direct,0,0,2025-07-14 01:28:59,home
session_2736,Mobile,Canada,Social Media,0,2,2025-04-20 07:26:12,cart
session_2737,Desktop,Australia,Social Media,0,1,2025-02-24 02:46:19,product_page
session_2738,Tablet,Australia,Social Media,1,4,2025-03-08 02:19:59,confirmation
session_2739,Tablet,Germany,Google,0,0,2025-02-14 12:54:30,home
session_274,Desktop,India,Google,0,2,2025-08-24 00:11:38,cart
session_2740,Mobile,France,Social Media,0,1,2025-06-28 21:13:15,product_page
session_2741,Mobile,Germany,Email,0,0,2025-06-02 14:07:13,home
session_2742,Tablet,France,Email,0,2,2025-04-11 13:34:05,cart
session_2743,Desktop,France,Social Media,0,2,2025-04-19 20:19:53,cart
session_2744,Tablet,Canada,Google,0,3,2025-08-26 17:20:18,checkout
session_2745,Tablet,Germany,Social Media,0,1,2025-03-15 12:35:41,product_page
session_2746,Tablet,UK,Direct,0,1,2025-04-23 06:02:46,product_page
session_2747,Tablet,UK,Google,0,0,2025-04-09 10:12:20,home
session_2748,Desktop,UK,Social Media,0,2,2025-06-27 20:41:03,cart
session_2749,Desktop,Australia,Google,1,4,2025-02-17 18:49:15,confirmation
session_275,Tablet,India,Email,0,2,2025-04-18 10:51:20,cart
session_2750,Desktop,Canada,Google,1,4,2025-08-01 10:08:06,confirmation
session_2751,Tablet,Germany,Google,0,0,2025-06-16 02:55:14,home
session_2752,Tablet,France,Direct,0,1,2025-08-21 22:02:49,product_page
session_2753,Mobile,USA,Google,0,1,2025-01-06 22:29:01,product_page
session_2754,Tablet,India,Social Media,0,0,2025-05-28 06:20:49,home
session_2755,Mobile,India,Social Media,0,2,2025-07-12 10:00:08,cart
session_2756,Tablet,Germany,Social Media,0,2,2025-01-27 04:31:04,cart
session_2757,Desktop,France,Email,1,4,2025-07-14 22:05:07,confirmation
session_2758,Desktop,France,Google,0,3,2025-06-27 23:45:11,checkout
session_2759,Mobile,UK,Google,0,1,2025-07-30 18:56:07,product_page
session_276,Tablet,Canada,Email,0,1,2025-02-21 03:07:59,product_page
session_2760,Desktop,Australia,Google,0,0,2025-01-16 17:39:28,home
session_2761,Tablet,UK,Social Media,0,0,2025-02-21 10:30:13,home
session_2762,Desktop,UK,Direct,1,4,2025-05-30 03:55:08,confirmation
session_2763,Desktop,UK,Direct,0,0,2025-04-28 04:22:44,home
session_2764,Tablet,Canada,Email,0,0,2025-07-01 01:32:41,home
session_2765,Desktop,India,Google,0,3,2025-02-14 18:20:05,checkout
session_2766,Desktop,Canada,Social Media,1,4,2025-06-04 15:31:07,confirmation
session_2767,Tablet,USA,Social Media,0,0,2025-07-07 05:03:43,home
session_2768,Desktop,France,Direct,0,2,2025-01-19 17:59:05,cart
session_2769,Mobile,UK,Direct,0,1,2025-06-30 01:57:15,product_page
session_277,Desktop,France,Google,0,1,2025-02-01 19:09:39,product_page
session_2770,Mobile,Australia,Social Media,0,0,2025-07-05 11:43:01,home
session_2771,Tablet,Australia,Social Media,1,4,2025-03-14 22:00:14,confirmation
session_2772,Desktop,Australia,Social Media,0,1,2025-03-06 02:44:21,product_page
session_2773,Mobile,Canada,Google,0,1,2025-01-19 21:36:44,product_page
session_2774,Desktop,Canada,Google,0,0,2025-05-25 18:26:20,home
session_2775,Desktop,UK,Google,0,0,2025-08-13 03:39:03,home
session_2776,Tablet,Australia,Social Media,0,1,2025-01-30 09:06:50,product_page
session_2777,Desktop,Germany,Direct,0,0,2025-06-03 19:30:57,home
session_2778,Tablet,Germany,Social Media,0,1,2025-04-18 15:18:15,product_page
session_2779,Desktop,Germany,Email,0,0,2025-03-02 15:55:06,home
session_278,Desktop,USA,Email,0,0,2025-07-17 15:41:44,home
session_2780,Desktop,Canada,Email,0,1,2025-03-10 21:00:20,product_page
session_2781,Mobile,Australia,Email,0,1,2025-02-19 09:24:29,product_page
session_2782,Desktop,Australia,Email,0,2,2025-04-07 10:36:04,cart
session_2783,Mobile,Germany,Email,0,1,2025-04-09 09:01:59,product_page
session_2784,Mobile,UK,Social Media,0,1,2025-02-14 06:35:33,product_page
session_2785,Mobile,Germany,Google,0,1,2025-02-22 21:33:09,product_page
session_2786,Desktop,UK,Direct,0,1,2025-06-01 10:21:48,product_page
session_2787,Mobile,Australia,Google,0,0,2025-07-10 06:41:25,home
session_2788,Desktop,France,Email,0,1,2025-07-24 06:57:45,product_page
session_2789,Tablet,Canada,Email,0,1,2025-07-14 00:51:33,product_page
session_279,Tablet,Canada,Email,1,4,2025-02-21 07:35:36,confirmation
session_2790,Mobile,USA,Direct,0,1,2025-02-12 11:36:36,product_page
session_2791,Mobile,UK,Direct,1,4,2025-05-05 14:43:14,confirmation
session_2792,Tablet,USA,Social Media,1,4,2025-06-24 02:13:53,confirmation
session_2793,Tablet,USA,Direct,1,4,2025-02-08 12:27:56,confirmation
session_2794,Mobile,Germany,Google,0,1,2025-03-23 23:48:53,product_page
session_2795,Tablet,Germany,Social Media,0,2,2025-06-16 18:32:51,cart
session_2796,Desktop,India,Social Media,0,1,2025-08-15 10:59:24,product_page
session_2797,Tablet,France,Email,0,1,2025-05-28 02:16:05,product_page
session_2798,Mobile,Canada,Direct,0,1,2025-08-23 10:25:22,product_page
session_2799,Tablet,Canada,Direct,0,1,2025-07-31 07:29:01,product_page
session_28,Mobile,Germany,Google,0,0,2025-08-26 05:06:48,home
session_280,Desktop,Canada,Google,1,4,2025-08-14 03:05:03,confirmation
session_2800,Mobile,Canada,Social Media,0,1,2025-04-24 14:05:39,product_page
session_2801,Desktop,USA,Email,0,2,2025-07-18 09:58:39,cart
session_2802,Desktop,Canada,Direct,0,1,2025-04-14 11:33:11,product_page
session_2803,Desktop,India,Email,0,2,2025-01-20 19:32:50,cart
session_2804,Tablet,UK,Social Media,1,4,2025-06-28 09:57:05,confirmation
session_2805,Mobile,UK,Google,1,4,2025-08-26 15:40:14,confirmation
session_2806,Mobile,Germany,Email,0,0,2025-08-05 16:26:25,home
session_2807,Desktop,UK,Email,0,1,2025-04-28 21:01:59,product_page
session_2808,Mobile,India,Email,0,1,2025-01-17 04:36:31,product_page
session_2809,Desktop,India,Email,0,2,2025-05-10 11:39:54,cart
session_281,Desktop,India,Email,0,2,2025-01-07 00:21:28,cart
session_2810,Mobile,India,Google,0,0,2025-06-28 15:06:04,home
session_2811,Desktop,Canada,Social Media,0,1,2025-02-26 00:09:55,product_page
session_2812,Tablet,Germany,Google,0,1,2025-07-03 15:41:13,product_page
session_2813,Mobile,Australia,Email,1,4,2025-05-19 20:33:47,confirmation
session_2814,Tablet,Australia,Direct,0,1,2025-01-21 08:29:44,product_page
session_2815,Tablet,Australia,Email,0,2,2025-02-22 11:24:55,cart
session_2816,Tablet,UK,Google,0,1,2025-08-09 10:26:39,product_page
session_2817,Tablet,Australia,Social Media,1,4,2025-02-19 16:02:41,confirmation
session_2818,Mobile,Australia,Email,0,1,2025-03-10 14:51:48,product_page
session_2819,Tablet,Germany,Direct,1,4,2025-08-01 13:33:01,confirmation
session_282,Desktop,France,Direct,0,0,2025-02-20 20:24:15,home
session_2820,Mobile,France,Email,0,1,2025-05-15 07:12:05,product_page
session_2821,Mobile,USA,Google,0,1,2025-06-14 12:35:53,product_page
session_2822,Mobile,Australia,Email,0,2,2025-05-29 06:34:41,cart
session_2823,Desktop,USA,Social Media,0,1,2025-07-10 19:41:16,product_page
session_2824,Tablet,Germany,Direct,0,1,2025-06-26 04:17:55,product_page
session_2825,Mobile,Australia,Google,1,4,2025-03-21 09:56:46,confirmation
session_2826,Tablet,Australia,Email,1,4,2025-02-08 14:54:05,confirmation
session_2827,Desktop,Australia,Direct,0,2,2025-01-27 21:16:30,cart
session_2828,Mobile,India,Social Media,1,4,2025-03-16 17:51:59,confirmation
session_2829,Tablet,USA,Direct,0,0,2025-02-17 08:12:42,home
session_283,Mobile,Germany,Direct,0,1,2025-05-17 11:03:20,product_page
session_2830,Tablet,India,Google,0,1,2025-08-23 23:41:10,product_page
session_2831,Tablet,Canada,Google,0,2,2025-02-04 06:52:40,cart
session_2832,Tablet,Canada,Google,0,2,2025-03-28 00:17:42,cart
session_2833,Tablet,India,Social Media,0,1,2025-07-30 16:10:41,product_page
session_2834,Tablet,Canada,Direct,0,1,2025-01-26 18:30:37,product_page
session_2835,Tablet,Germany,Social Media,0,1,2025-03-25 02:09:18,product_page
session_2836,Desktop,USA,Social Media,0,1,2025-06-03 08:50:59,product_page
session_2837,Mobile,India,Google,0,0,2025-02-07 18:54:26,home
session_2838,Desktop,France,Direct,0,2,2025-06-23 00:52:44,cart
session_2839,Mobile,India,Direct,0,1,2025-08-09 00:51:09,product_page
session_284,Desktop,France,Direct,1,4,2025-04-12 18:30:06,confirmation
session_2840,Desktop,India,Email,0,0,2025-08-10 22:08:22,home
session_2841,Mobile,Germany,Email,0,1,2025-03-15 15:23:33,product_page
session_2842,Mobile,France,Social Media,0,1,2025-04-10 14:38:57,product_page
session_2843,Tablet,France,Google,0,1,2025-07-16 08:59:42,product_page
session_2844,Desktop,Australia,Email,0,2,2025-02-23 19:48:55,cart
session_2845,Desktop,Australia,Social Media,0,0,2025-05-20 13:10:32,home
session_2846,Desktop,UK,Google,0,0,2025-05-26 19:42:15,home
session_2847,Mobile,Germany,Direct,0,1,2025-05-24 16:55:42,product_page
session_2848,Desktop,France,Social Media,0,1,2025-08-10 09:50:43,product_page
session_2849,Mobile,Germany,Social Media,0,1,2025-05-10 09:50:06,product_page
session_285,Desktop,UK,Social Media,0,1,2025-06-11 10:39:55,product_page
session_2850,Mobile,UK,Social Media,0,1,2025-07-08 15:15:12,product_page
session_2851,Mobile,UK,Social Media,0,0,2025-08-24 06:01:34,home
session_2852,Tablet,Canada,Social Media,0,1,2025-05-14 17:40:27,product_page
session_2853,Tablet,UK,Email,0,2,2025-01-16 00:24:41,cart
session_2854,Tablet,Canada,Direct,0,0,2025-06-12 17:29:02,home
session_2855,Mobile,France,Direct,0,0,2025-08-27 03:27:15,home
session_2856,Desktop,USA,Email,0,1,2025-06-02 11:46:51,product_page
session_2857,Mobile,UK,Social Media,1,4,2025-07-01 04:56:23,confirmation
session_2858,Desktop,Australia,Direct,0,1,2025-03-22 07:49:04,product_page
session_2859,Mobile,Australia,Google,1,4,2025-05-11 18:42:41,confirmation
session_286,Mobile,Canada,Direct,1,4,2025-08-16 06:31:57,confirmation
session_2860,Tablet,USA,Email,0,1,2025-03-26 15:10:04,product_page
session_2861,Tablet,Germany,Social Media,0,1,2025-05-23 21:27:14,product_page
session_2862,Desktop,Australia,Direct,0,0,2025-08-16 12:56:55,home
session_2863,Mobile,UK,Direct,0,0,2025-07-21 05:10:51,home
session_2864,Tablet,India,Direct,1,4,2025-02-02 00:08:58,confirmation
session_2865,Tablet,USA,Email,0,1,2025-07-21 05:02:47,product_page
session_2866,Desktop,India,Google,0,2,2025-05-19 03:17:06,cart
session_2867,Mobile,India,Direct,0,3,2025-03-04 04:15:57,checkout
session_2868,Tablet,France,Google,0,1,2025-01-20 05:17:54,product_page
session_2869,Tablet,Germany,Direct,0,1,2025-06-02 01:54:57,product_page
session_287,Desktop,France,Social Media,0,1,2025-05-09 13:10:19,product_page
session_2870,Tablet,India,Email,0,1,2025-02-23 21:37:50,product_page
session_2871,Tablet,Canada,Social Media,0,3,2025-06-29 02:45:29,checkout
session_2872,Mobile,Australia,Google,0,1,2025-05-31 12:53:57,product_page
session_2873,Desktop,Canada,Email,0,0,2025-05-20 20:26:07,home
session_2874,Mobile,Germany,Google,0,2,2025-06-02 02:26:56,cart
session_2875,Mobile,Germany,Email,1,4,2025-01-05 03:03:39,confirmation
session_2876,Mobile,Canada,Google,0,1,2025-03-19 09:56:07,product_page
session_2877,Desktop,France,Direct,0,1,2025-03-24 15:02:05,product_page
session_2878,Tablet,Germany,Direct,1,4,2025-03-26 00:34:32,confirmation
session_2879,Desktop,Canada,Email,0,1,2025-02-04 23:01:29,product_page
session_288,Desktop,Canada,Email,0,2,2025-08-29 21:57:47,cart
session_2880,Desktop,UK,Email,0,1,2025-07-09 21:33:52,product_page
session_2881,Desktop,USA,Direct,0,0,2025-03-05 19:35:08,home
session_2882,Desktop,USA,Google,1,4,2025-03-04 17:23:22,confirmation
session_2883,Mobile,India,Social Media,0,1,2025-02-16 16:05:44,product_page
session_2884,Tablet,USA,Email,1,4,2025-08-17 15:01:03,confirmation
session_2885,Desktop,USA,Direct,0,3,2025-04-04 05:23:16,checkout
session_2886,Mobile,USA,Direct,0,0,2025-06-26 15:26:32,home
session_2887,Tablet,France,Email,0,1,2025-07-09 10:45:57,product_page
session_2888,Mobile,India,Google,0,1,2025-05-16 00:54:22,product_page
session_2889,Mobile,Australia,Email,0,0,2025-02-18 07:53:16,home
session_289,Desktop,USA,Direct,0,1,2025-07-24 06:49:08,product_page
session_2890,Mobile,Canada,Google,0,1,2025-05-29 03:38:43,product_page
session_2891,Desktop,USA,Social Media,0,0,2025-05-28 01:08:04,home
session_2892,Tablet,Germany,Google,1,4,2025-06-14 11:42:13,confirmation
session_2893,Desktop,Germany,Google,1,4,2025-07-22 18:21:20,confirmation
session_2894,Desktop,India,Email,0,0,2025-08-09 12:16:02,home
session_2895,Desktop,India,Email,0,1,2025-05-06 03:24:02,product_page
session_2896,Desktop,UK,Direct,0,3,2025-02-02 03:22:21,checkout
session_2897,Mobile,USA,Email,0,1,2025-03-03 18:16:04,product_page
session_2898,Mobile,Canada,Email,0,0,2025-07-24 15:49:20,home
session_2899,Desktop,USA,Direct,0,1,2025-01-27 20:16:40,product_page
session_29,Tablet,India,Social Media,0,1,2025-04-12 13:30:44,product_page
session_290,Desktop,Canada,Social Media,0,0,2025-07-15 00:05:05,home
session_2900,Mobile,USA,Email,0,1,2025-07-12 03:16:15,product_page
session_2901,Tablet,India,Direct,0,1,2025-01-19 08:25:54,product_page
session_2902,Mobile,UK,Social Media,1,4,2025-04-03 08:38:36,confirmation
session_2903,Desktop,Australia,Direct,0,1,2025-06-17 02:43:26,product_page
session_2904,Mobile,France,Social Media,0,1,2025-03-19 20:18:03,product_page
session_2905,Mobile,USA,Google,0,0,2025-05-19 09:54:04,home
session_2906,Mobile,Canada,Direct,0,0,2025-08-14 08:04:19,home
session_2907,Desktop,UK,Direct,1,4,2025-04-28 17:43:10,confirmation
session_2908,Desktop,Australia,Social Media,0,0,2025-04-25 09:35:26,home
session_2909,Tablet,Canada,Email,1,4,2025-01-15 00:46:08,confirmation
session_291,Tablet,UK,Social Media,0,1,2025-01-14 21:29:20,product_page
session_2910,Tablet,France,Social Media,0,2,2025-06-15 09:22:26,cart
session_2911,Desktop,Australia,Social Media,0,0,2025-03-22 06:50:57,home
session_2912,Tablet,UK,Social Media,0,1,2025-03-19 16:45:55,product_page
session_2913,Tablet,USA,Social Media,0,1,2025-05-03 18:03:31,product_page
session_2914,Tablet,Germany,Google,0,0,2025-01-30 01:20:09,home
session_2915,Mobile,France,Email,0,1,2025-05-08 09:05:44,product_page
session_2916,Mobile,Canada,Social Media,0,1,2025-04-12 07:02:48,product_page
session_2917,Desktop,UK,Direct,0,2,2025-05-05 19:26:57,cart
session_2918,Desktop,France,Google,1,4,2025-05-26 10:16:13,confirmation
session_2919,Tablet,Germany,Direct,0,2,2025-05-19 01:49:34,cart
session_292,Mobile,Canada,Google,0,0,2025-04-10 01:23:20,home
session_2920,Desktop,India,Direct,0,0,2025-05-15 09:32:14,home
session_2921,Mobile,Germany,Social Media,0,0,2025-02-14 20:11:31,home
session_2922,Desktop,Germany,Google,1,4,2025-03-30 08:27:58,confirmation
session_2923,Desktop,UK,Email,0,0,2025-06-11 05:31:36,home
session_2924,Mobile,Australia,Google,0,1,2025-03-13 13:14:21,product_page
session_2925,Desktop,India,Email,0,1,2025-05-26 22:55:03,product_page
session_2926,Desktop,Germany,Email,0,1,2025-03-19 05:18:09,product_page
session_2927,Mobile,France,Direct,0,1,2025-07-09 18:08:43,product_page
session_2928,Desktop,France,Email,0,1,2025-02-03 17:26:32,product_page
session_2929,Tablet,Canada,Google,0,0,2025-02-07 08:30:11,home
session_293,Desktop,USA,Social Media,0,0,2025-04-26 12:25:32,home
session_2930,Desktop,France,Google,0,1,2025-07-10 07:24:56,product_page
session_2931,Desktop,UK,Google,0,1,2025-07-14 22:27:00,product_page
session_2932,Tablet,Germany,Social Media,0,1,2025-08-06 23:35:47,product_page
session_2933,Tablet,USA,Google,0,3,2025-04-03 17:36:13,checkout
session_2934,Mobile,Australia,Social Media,1,4,2025-04-12 09:36:34,confirmation
session_2935,Desktop,Germany,Direct,0,0,2025-05-16 17:32:54,home
session_2936,Tablet,France,Direct,0,1,2025-04-06 22:25:29,product_page
session_2937,Mobile,UK,Direct,0,1,2025-03-01 20:19:04,product_page
session_2938,Desktop,Australia,Direct,0,1,2025-05-09 12:08:43,product_page
session_2939,Tablet,UK,Social Media,1,4,2025-08-05 23:22:50,confirmation
session_294,Mobile,France,Email,0,1,2025-07-26 20:32:09,product_page
session_2940,Tablet,France,Social Media,0,2,2025-06-15 05:51:47,cart
session_2941,Desktop,USA,Social Media,0,3,2025-01-26 11:05:32,checkout
session_2942,Tablet,Australia,Direct,0,0,2025-03-22 10:09:46,home
session_2943,Mobile,France,Email,0,1,2025-05-20 07:01:38,product_page
session_2944,Desktop,USA,Email,0,1,2025-01-28 17:38:17,product_page
session_2945,Desktop,Canada,Direct,0,0,2025-06-23 07:29:40,home
session_2946,Desktop,India,Email,0,1,2025-08-27 15:17:47,product_page
session_2947,Desktop,India,Email,1,4,2025-08-20 20:31:04,confirmation
session_2948,Desktop,UK,Direct,0,2,2025-01-29 20:51:07,cart
session_2949,Mobile,Canada,Email,0,1,2025-01-26 15:28:07,product_page
session_295,Mobile,USA,Email,0,1,2025-07-14 11:17:44,product_page
session_2950,Tablet,Canada,Social Media,1,4,2025-06-12 18:47:11,confirmation
session_2951,Desktop,Canada,Direct,0,2,2025-01-19 06:34:10,cart
session_2952,Tablet,USA,Google,0,1,2025-01-14 01:10:14,product_page
session_2953,Tablet,Australia,Email,0,1,2025-03-16 16:14:11,product_page
session_2954,Desktop,France,Google,0,1,2025-01-10 13:32:47,product_page
session_2955,Tablet,UK,Social Media,0,1,2025-02-24 10:47:19,product_page
session_2956,Desktop,UK,Social Media,1,4,2025-07-25 03:31:40,confirmation
session_2957,Mobile,Canada,Direct,1,4,2025-08-20 06:32:53,confirmation
session_2958,Mobile,Australia,Google,0,0,2025-07-04 04:00:34,home
session_2959,Tablet,USA,Social Media,0,1,2025-07-03 07:00:50,product_page
session_296,Tablet,USA,Social Media,0,1,2025-07-27 14:28:15,product_page
session_2960,Desktop,UK,Email,0,1,2025-07-22 02:25:23,product_page
session_2961,Tablet,USA,Email,0,0,2025-05-06 19:54:27,home
session_2962,Desktop,Canada,Email,0,0,2025-04-17 04:29:53,home
session_2963,Tablet,UK,Email,1,4,2025-07-17 17:02:05,confirmation
session_2964,Mobile,India,Direct,1,4,2025-01-09 22:40:36,confirmation
session_2965,Desktop,Australia,Email,0,1,2025-03-02 19:06:28,product_page
session_2966,Mobile,USA,Email,0,2,2025-01-22 22:02:33,cart
session_2967,Mobile,Canada,Google,0,1,2025-07-29 04:21:34,product_page
session_2968,Mobile,USA,Social Media,0,1,2025-08-23 19:29:41,product_page
session_2969,Mobile,Australia,Direct,0,1,2025-06-21 15:58:18,product_page
session_297,Tablet,Germany,Email,1,4,2025-03-28 01:19:54,confirmation
session_2970,Tablet,USA,Email,1,4,2025-01-25 11:17:55,confirmation
session_2971,Mobile,UK,Direct,0,0,2025-01-26 12:38:59,home
session_2972,Tablet,UK,Direct,0,1,2025-06-11 19:47:51,product_page
session_2973,Desktop,USA,Google,0,2,2025-02-09 15:49:14,cart
session_2974,Mobile,Australia,Direct,0,1,2025-01-08 12:35:43,product_page
session_2975,Mobile,India,Email,0,1,2025-06-24 10:04:22,product_page
session_2976,Mobile,Canada,Google,0,0,2025-02-20 01:55:14,home
session_2977,Desktop,Germany,Email,0,1,2025-05-28 15:28:37,product_page
session_2978,Desktop,Germany,Direct,0,1,2025-05-31 08:23:18,product_page
session_2979,Mobile,Australia,Social Media,0,1,2025-03-10 07:50:04,product_page
session_298,Tablet,India,Social Media,1,4,2025-05-01 10:47:34,confirmation
session_2980,Desktop,France,Google,0,3,2025-04-12 23:17:58,checkout
session_2981,Tablet,India,Google,0,1,2025-05-06 02:19:17,product_page
session_2982,Tablet,Australia,Email,0,0,2025-07-04 20:44:01,home
session_2983,Mobile,India,Email,1,4,2025-04-06 02:35:48,confirmation
session_2984,Desktop,France,Email,0,1,2025-07-12 09:14:42,product_page
session_2985,Tablet,Canada,Social Media,1,4,2025-04-03 22:48:32,confirmation
session_2986,Mobile,USA,Google,0,1,2025-04-16 18:48:40,product_page
session_2987,Mobile,UK,Email,0,1,2025-01-18 04:40:03,product_page
session_2988,Tablet,India,Google,0,1,2025-08-29 04:12:00,product_page
session_2989,Tablet,Canada,Direct,0,0,2025-04-21 19:58:11,home
session_299,Desktop,UK,Direct,1,4,2025-07-18 21:46:31,confirmation
session_2990,Desktop,India,Google,0,1,2025-07-30 13:44:31,product_page
session_2991,Desktop,UK,Direct,1,4,2025-04-23 12:49:20,confirmation
session_2992,Tablet,USA,Direct,0,1,2025-08-01 03:42:29,product_page
session_2993,Desktop,Germany,Google,0,0,2025-06-15 10:04:15,home
session_2994,Desktop,Germany,Google,0,0,2025-03-25 21:36:54,home
session_2995,Desktop,Canada,Direct,0,2,2025-08-23 00:09:39,cart
session_2996,Tablet,USA,Google,0,0,2025-02-01 15:45:45,home
session_2997,Mobile,France,Direct,0,0,2025-03-20 13:31:41,home
session_2998,Desktop,UK,Social Media,0,0,2025-06-19 23:43:50,home
session_2999,Mobile,Australia,Email,0,1,2025-04-20 07:06:49,product_page
session_3,Tablet,UK,Google,0,0,2025-06-11 07:21:02,home
session_30,Tablet,France,Social Media,0,1,2025-08-10 18:55:46,product_page
session_300,Tablet,France,Social Media,0,1,2025-08-21 00:22:57,product_page
session_3000,Mobile,Canada,Social Media,0,0,2025-02-01 15:00:43,home
session_3001,Desktop,UK,Google,1,4,2025-02-04 08:54:39,confirmation
session_3002,Tablet,Canada,Google,0,0,2025-08-19 12:25:15,home
session_3003,Mobile,UK,Email,0,1,2025-08-16 00:54:21,product_page
session_3004,Tablet,Germany,Google,0,1,2025-07-01 13:24:29,product_page
session_3005,Desktop,Canada,Direct,0,1,2025-08-20 22:39:39,product_page
session_3006,Tablet,India,Google,0,1,2025-05-09 12:36:11,product_page
session_3007,Desktop,UK,Google,1,4,2025-07-21 01:06:34,confirmation
session_3008,Tablet,UK,Social Media,0,1,2025-04-14 16:26:18,product_page
session_3009,Tablet,India,Direct,1,4,2025-02-10 22:03:33,confirmation
session_301,Desktop,India,Direct,0,0,2025-02-05 19:21:06,home
session_3010,Desktop,France,Google,0,3,2025-06-28 23:01:27,checkout
session_3011,Desktop,India,Direct,0,0,2025-06-20 03:35:29,home
session_3012,Desktop,France,Direct,1,4,2025-01-06 03:09:57,confirmation
session_3013,Mobile,Germany,Direct,0,1,2025-08-28 16:15:10,product_page
session_3014,Tablet,Germany,Email,0,1,2025-01-03 15:41:51,product_page
session_3015,Tablet,France,Email,1,4,2025-07-17 20:13:06,confirmation
session_3016,Tablet,Australia,Direct,0,1,2025-01-18 16:17:24,product_page
session_3017,Mobile,USA,Social Media,0,1,2025-07-20 13:55:41,product_page
session_3018,Desktop,France,Social Media,1,4,2025-01-08 22:55:26,confirmation
session_3019,Desktop,France,Email,1,4,2025-08-16 06:58:39,confirmation
session_302,Tablet,France,Google,0,1,2025-06-24 09:50:09,product_page
session_3020,Tablet,UK,Google,0,0,2025-08-16 01:22:09,home
session_3021,Tablet,Canada,Direct,0,1,2025-04-28 05:38:06,product_page
session_3022,Desktop,France,Email,0,1,2025-03-27 09:16:07,product_page
session_3023,Desktop,UK,Social Media,0,1,2025-07-22 12:38:45,product_page
session_3024,Mobile,Australia,Direct,0,1,2025-02-12 08:44:10,product_page
session_3025,Desktop,France,Email,1,4,2025-08-25 16:47:16,confirmation
session_3026,Tablet,Germany,Email,1,4,2025-08-17 23:41:07,confirmation
session_3027,Desktop,Canada,Social Media,0,1,2025-07-01 01:07:02,product_page
session_3028,Desktop,USA,Google,0,0,2025-05-27 23:52:37,home
session_3029,Desktop,USA,Email,0,0,2025-04-12 14:54:50,home
session_303,Tablet,USA,Email,0,1,2025-01-05 20:13:35,product_page
session_3030,Desktop,UK,Social Media,1,4,2025-03-16 01:40:54,confirmation
session_3031,Mobile,UK,Social Media,0,1,2025-02-15 11:37:29,product_page
session_3032,Desktop,India,Email,0,0,2025-08-13 21:40:53,home
session_3033,Mobile,India,Email,0,1,2025-02-23 21:19:02,product_page
session_3034,Desktop,India,Google,0,1,2025-03-09 22:58:16,product_page
session_3035,Mobile,UK,Google,0,1,2025-05-09 08:17:54,product_page
session_3036,Desktop,India,Social Media,0,1,2025-08-26 13:50:30,product_page
session_3037,Tablet,Canada,Email,0,1,2025-08-27 19:42:14,product_page
session_3038,Tablet,Australia,Email,0,3,2025-08-04 07:46:44,checkout
session_3039,Mobile,USA,Social Media,0,1,2025-02-19 11:33:14,product_page
session_304,Tablet,Germany,Direct,1,4,2025-08-09 07:19:13,confirmation
session_3040,Mobile,Canada,Email,0,0,2025-02-15 21:27:03,home
session_3041,Tablet,Canada,Email,0,0,2025-03-04 15:52:54,home
session_3042,Mobile,USA,Social Media,1,4,2025-01-08 07:10:02,confirmation
session_3043,Mobile,Australia,Email,1,4,2025-04-10 20:07:36,confirmation
session_3044,Mobile,Australia,Email,0,1,2025-03-08 18:06:02,product_page
session_3045,Tablet,USA,Email,1,4,2025-06-15 00:14:38,confirmation
session_3046,Tablet,UK,Google,0,1,2025-05-11 00:49:24,product_page
session_3047,Mobile,France,Direct,1,4,2025-02-24 00:03:40,confirmation
session_3048,Tablet,Germany,Social Media,0,1,2025-04-12 10:14:18,product_page
session_3049,Tablet,France,Social Media,0,1,2025-08-05 20:54:00,product_page
session_305,Mobile,France,Social Media,0,1,2025-06-29 00:42:57,product_page
session_3050,Mobile,Canada,Direct,0,1,2025-03-27 18:27:56,product_page
session_3051,Mobile,France,Social Media,0,1,2025-04-25 12:45:12,product_page
session_3052,Tablet,USA,Email,0,1,2025-04-05 08:07:43,product_page
session_3053,Desktop,Australia,Email,1,4,2025-05-07 02:00:31,confirmation
session_3054,Desktop,Germany,Google,0,0,2025-03-20 18:59:36,home
session_3055,Desktop,USA,Google,0,1,2025-02-27 18:31:18,product_page
session_3056,Desktop,India,Direct,1,4,2025-08-20 00:41:42,confirmation
session_3057,Tablet,Germany,Email,0,1,2025-02-12 03:06:10,product_page
session_3058,Tablet,Canada,Direct,0,1,2025-05-13 11:40:34,product_page
session_3059,Tablet,France,Social Media,0,1,2025-01-25 05:55:04,product_page
session_306,Tablet,Australia,Direct,0,0,2025-02-04 20:08:57,home
session_3060,Mobile,Canada,Social Media,0,0,2025-01-04 11:04:42,home
session_3061,Tablet,UK,Google,0,0,2025-03-25 15:32:18,home
session_3062,Mobile,Canada,Direct,0,0,2025-02-11 14:18:52,home
session_3063,Mobile,UK,Email,0,0,2025-03-10 10:02:16,home
session_3064,Mobile,UK,Email,0,1,2025-01-19 09:52:43,product_page
session_3065,Desktop,USA,Google,0,0,2025-07-31 12:00:02,home
session_3066,Mobile,Germany,Direct,0,1,2025-08-26 06:47:00,product_page
session_3067,Desktop,India,Google,1,4,2025-07-02 23:46:33,confirmation
session_3068,Desktop,USA,Direct,0,2,2025-02-05 01:39:51,cart
session_3069,Mobile,France,Google,1,4,2025-05-26 13:06:07,confirmation
session_307,Desktop,UK,Social Media,0,1,2025-01-10 09:38:46,product_page
session_3070,Desktop,France,Email,0,1,2025-04-07 20:47:16,product_page
session_3071,Mobile,India,Email,0,1,2025-08-30 02:10:28,product_page
session_3072,Desktop,France,Google,0,0,2025-04-14 22:14:26,home
session_3073,Desktop,France,Email,0,1,2025-06-18 23:02:52,product_page
session_3074,Mobile,UK,Direct,0,0,2025-07-06 09:54:03,home
session_3075,Mobile,India,Social Media,0,1,2025-01-25 19:59:16,product_page
session_3076,Tablet,Canada,Direct,1,4,2025-06-16 15:37:28,confirmation
session_3077,Tablet,India,Direct,0,0,2025-06-06 07:56:01,home
session_3078,Desktop,France,Email,0,1,2025-02-05 10:04:13,product_page
session_3079,Desktop,India,Social Media,0,1,2025-01-13 14:24:04,product_page
session_308,Tablet,UK,Google,0,0,2025-07-04 16:58:42,home
session_3080,Tablet,Canada,Direct,0,0,2025-03-18 14:07:52,home
session_3081,Desktop,Australia,Google,0,2,2025-06-24 08:29:36,cart
session_3082,Desktop,India,Email,0,0,2025-03-27 22:39:46,home
session_3083,Desktop,UK,Google,0,3,2025-04-27 05:32:39,checkout
session_3084,Mobile,Canada,Google,1,4,2025-06-30 06:42:51,confirmation
session_3085,Mobile,India,Google,0,1,2025-08-26 22:36:27,product_page
session_3086,Mobile,France,Google,0,1,2025-02-09 15:47:24,product_page
session_3087,Tablet,France,Email,0,1,2025-06-15 05:59:31,product_page
session_3088,Mobile,India,Email,0,1,2025-03-15 20:32:29,product_page
session_3089,Mobile,Australia,Direct,0,2,2025-01-15 03:11:28,cart
session_309,Mobile,Australia,Social Media,0,1,2025-07-09 11:39:10,product_page
session_3090,Desktop,Germany,Social Media,0,0,2025-07-13 04:15:20,home
session_3091,Tablet,Australia,Direct,0,1,2025-02-03 05:21:27,product_page
session_3092,Tablet,France,Direct,0,0,2025-07-16 01:20:31,home
session_3093,Tablet,Canada,Social Media,0,2,2025-05-09 02:34:08,cart
session_3094,Tablet,France,Social Media,0,2,2025-02-08 18:44:11,cart
session_3095,Desktop,USA,Google,0,1,2025-06-23 05:21:52,product_page
session_3096,Mobile,France,Google,0,1,2025-02-20 01:44:18,product_page
session_3097,Tablet,Germany,Social Media,0,1,2025-05-28 18:20:54,product_page
session_3098,Tablet,India,Direct,0,2,2025-06-20 16:18:31,cart
session_3099,Desktop,France,Direct,0,2,2025-01-22 01:07:54,cart
session_31,Mobile,Germany,Email,0,1,2025-04-22 07:00:23,product_page
session_310,Tablet,USA,Social Media,1,4,2025-05-08 13:14:11,confirmation
session_3100,Mobile,Australia,Google,1,4,2025-06-13 06:34:02,confirmation
session_3101,Tablet,Canada,Direct,0,0,2025-03-07 23:55:34,home
session_3102,Desktop,Australia,Social Media,0,0,2025-07-26 12:32:11,home
session_3103,Desktop,UK,Direct,1,4,2025-08-23 15:31:51,confirmation
session_3104,Tablet,Australia,Google,0,1,2025-03-04 23:10:30,product_page
session_3105,Tablet,Australia,Direct,1,4,2025-06-05 10:03:27,confirmation
session_3106,Mobile,Australia,Email,0,1,2025-03-24 04:53:17,product_page
session_3107,Desktop,India,Direct,0,0,2025-07-28 03:05:29,home
session_3108,Mobile,Australia,Google,0,1,2025-01-22 09:52:55,product_page
session_3109,Tablet,Australia,Direct,1,4,2025-08-28 20:55:17,confirmation
session_311,Mobile,Australia,Direct,0,1,2025-03-28 13:28:03,product_page
session_3110,Tablet,France,Google,0,1,2025-01-04 01:54:24,product_page
session_3111,Desktop,France,Direct,0,1,2025-01-30 22:15:59,product_page
session_3112,Mobile,Canada,Google,0,1,2025-04-04 03:31:47,product_page
session_3113,Desktop,India,Google,1,4,2025-03-16 13:10:52,confirmation
session_3114,Tablet,France,Social Media,0,3,2025-02-06 21:03:50,checkout
session_3115,Mobile,USA,Google,0,0,2025-01-14 10:40:57,home
session_3116,Tablet,Germany,Social Media,0,2,2025-04-10 19:55:33,cart
session_3117,Mobile,India,Direct,1,4,2025-05-23 20:34:01,confirmation
session_3118,Tablet,India,Email,0,0,2025-07-02 21:41:01,home
session_3119,Desktop,France,Google,0,1,2025-05-06 14:38:34,product_page
session_312,Desktop,UK,Social Media,0,1,2025-05-13 13:00:42,product_page
session_3120,Mobile,Australia,Google,0,1,2025-07-02 02:47:27,product_page
session_3121,Desktop,Germany,Email,0,0,2025-08-04 08:01:50,home
session_3122,Mobile,UK,Direct,0,1,2025-08-11 03:18:20,product_page
session_3123,Mobile,UK,Social Media,0,1,2025-02-14 08:07:00,product_page
session_3124,Tablet,UK,Social Media,1,4,2025-08-21 12:00:35,confirmation
session_3125,Tablet,Canada,Direct,0,1,2025-07-03 08:56:55,product_page
session_3126,Desktop,Australia,Social Media,1,4,2025-02-25 06:56:30,confirmation
session_3127,Tablet,Australia,Email,1,4,2025-04-20 01:34:06,confirmation
session_3128,Tablet,Germany,Social Media,0,1,2025-08-30 05:26:18,product_page
session_3129,Tablet,UK,Google,0,2,2025-03-15 05:18:05,cart
session_313,Tablet,Australia,Email,1,4,2025-02-10 18:25:43,confirmation
session_3130,Desktop,France,Email,0,1,2025-01-19 18:21:34,product_page
session_3131,Desktop,France,Google,1,4,2025-07-05 13:46:50,confirmation
session_3132,Tablet,Australia,Direct,0,1,2025-01-02 05:55:30,product_page
session_3133,Tablet,Germany,Email,1,4,2025-05-31 15:03:02,confirmation
session_3134,Tablet,Canada,Direct,0,1,2025-03-04 14:56:33,product_page
session_3135,Tablet,Canada,Social Media,0,3,2025-07-30 12:45:40,checkout
session_3136,Tablet,UK,Email,0,0,2025-05-25 18:18:10,home
session_3137,Desktop,Canada,Social Media,0,1,2025-03-01 03:22:13,product_page
session_3138,Tablet,USA,Direct,0,0,2025-01-27 13:05:10,home
session_3139,Desktop,India,Social Media,0,0,2025-06-03 16:12:29,home
session_314,Mobile,Australia,Direct,0,1,2025-03-08 02:01:50,product_page
session_3140,Mobile,UK,Google,0,2,2025-03-02 18:08:13,cart
session_3141,Desktop,Canada,Google,0,1,2025-04-17 06:01:33,product_page
session_3142,Tablet,Canada,Google,0,1,2025-07-08 23:29:51,product_page
session_3143,Mobile,France,Direct,0,2,2025-07-27 14:32:04,cart
session_3144,Desktop,France,Email,1,4,2025-07-26 18:42:12,confirmation
session_3145,Mobile,France,Google,0,2,2025-07-20 18:52:18,cart
session_3146,Mobile,Canada,Social Media,1,4,2025-03-28 01:42:45,confirmation
session_3147,Mobile,Canada,Direct,0,1,2025-01-04 15:05:45,product_page
session_3148,Tablet,UK,Social Media,1,4,2025-08-28 06:37:24,confirmation
session_3149,Tablet,UK,Direct,1,4,2025-03-21 03:08:20,confirmation
session_315,Desktop,USA,Direct,0,1,2025-07-20 12:42:25,product_page
session_3150,Desktop,Australia,Email,0,0,2025-05-20 10:06:56,home
session_3151,Tablet,Germany,Email,0,0,2025-07-13 09:23:55,home
session_3152,Tablet,Germany,Social Media,0,1,2025-03-15 09:55:06,product_page
session_3153,Mobile,UK,Google,0,0,2025-02-08 21:43:46,home
session_3154,Desktop,Australia,Direct,0,1,2025-08-01 02:23:05,product_page
session_3155,Tablet,India,Direct,0,1,2025-01-20 03:20:08,product_page
session_3156,Desktop,Canada,Social Media,0,0,2025-02-25 10:07:13,home
session_3157,Mobile,Canada,Google,0,2,2025-01-01 00:25:04,cart
session_3158,Desktop,UK,Email,0,0,2025-07-08 16:54:50,home
session_3159,Tablet,UK,Direct,0,2,2025-06-15 21:05:20,cart
session_316,Desktop,India,Google,1,4,2025-02-05 13:10:59,confirmation
session_3160,Mobile,India,Google,0,0,2025-03-09 11:00:21,home
session_3161,Mobile,Australia,Direct,0,0,2025-07-06 08:06:34,home
session_3162,Mobile,Canada,Google,0,1,2025-08-23 21:10:34,product_page
session_3163,Desktop,Canada,Email,0,0,2025-06-10 04:48:27,home
session_3164,Desktop,Canada,Email,0,1,2025-05-13 09:56:50,product_page
session_3165,Mobile,Canada,Direct,0,1,2025-03-19 17:58:34,product_page
session_3166,Desktop,France,Social Media,0,0,2025-03-09 05:32:56,home
session_3167,Mobile,France,Email,1,4,2025-03-25 22:40:19,confirmation
session_3168,Desktop,Germany,Email,0,1,2025-07-24 22:12:48,product_page
session_3169,Tablet,UK,Google,0,1,2025-07-11 16:38:38,product_page
session_317,Tablet,France,Direct,1,4,2025-03-21 11:21:59,confirmation
session_3170,Mobile,India,Direct,1,4,2025-08-01 03:05:48,confirmation
session_3171,Mobile,India,Google,0,2,2025-06-08 07:19:57,cart
session_3172,Desktop,France,Direct,0,1,2025-01-17 21:49:37,product_page
session_3173,Mobile,Germany,Direct,0,1,2025-04-11 14:21:25,product_page
session_3174,Tablet,USA,Social Media,0,1,2025-08-31 00:18:01,product_page
session_3175,Desktop,USA,Email,0,1,2025-08-27 19:00:09,product_page
session_3176,Mobile,Germany,Google,0,0,2025-06-30 22:44:30,home
session_3177,Mobile,France,Google,1,4,2025-02-25 23:06:26,confirmation
session_3178,Desktop,Canada,Direct,0,0,2025-04-27 06:29:29,home
session_3179,Desktop,UK,Social Media,1,4,2025-01-03 21:48:53,confirmation
session_318,Tablet,Canada,Direct,0,1,2025-03-20 15:24:05,product_page
session_3180,Mobile,France,Email,0,1,2025-04-20 22:42:31,product_page
session_3181,Tablet,India,Email,0,1,2025-05-12 22:26:59,product_page
session_3182,Desktop,UK,Social Media,0,0,2025-04-08 20:08:47,home
session_3183,Tablet,India,Google,0,0,2025-08-20 15:05:05,home
session_3184,Mobile,Germany,Social Media,0,0,2025-07-12 23:34:16,home
session_3185,Desktop,India,Social Media,0,1,2025-05-31 16:09:04,product_page
session_3186,Mobile,India,Direct,0,1,2025-06-02 05:58:25,product_page
session_3187,Desktop,UK,Google,0,0,2025-06-24 10:17:06,home
session_3188,Tablet,USA,Google,0,1,2025-06-22 13:49:07,product_page
session_3189,Tablet,Canada,Google,0,2,2025-01-11 14:45:55,cart
session_319,Mobile,France,Direct,1,4,2025-01-16 23:25:58,confirmation
session_3190,Mobile,Canada,Email,1,4,2025-07-12 23:01:53,confirmation
session_3191,Mobile,Germany,Direct,0,1,2025-05-08 02:45:32,product_page
session_3192,Desktop,India,Email,0,1,2025-05-20 12:49:03,product_page
session_3193,Mobile,UK,Email,0,0,2025-06-03 04:09:25,home
session_3194,Desktop,USA,Direct,0,1,2025-08-08 19:13:35,product_page
session_3195,Mobile,Canada,Google,0,0,2025-04-13 14:47:00,home
session_3196,Desktop,UK,Google,0,1,2025-02-01 06:46:46,product_page
session_3197,Tablet,Canada,Social Media,0,2,2025-01-16 01:47:53,cart
session_3198,Mobile,Australia,Email,0,2,2025-08-31 23:25:35,cart
session_3199,Tablet,UK,Email,0,0,2025-02-07 03:02:47,home
session_32,Desktop,Germany,Email,0,0,2025-08-09 19:10:33,home
session_320,Desktop,Australia,Google,0,1,2025-02-20 19:42:17,product_page
session_3200,Mobile,Australia,Email,0,2,2025-02-11 00:12:55,cart
session_3201,Desktop,Germany,Direct,0,1,2025-03-08 14:47:04,product_page
session_3202,Tablet,UK,Social Media,0,1,2025-04-09 21:02:04,product_page
session_3203,Mobile,India,Google,0,0,2025-03-06 20:39:22,home
session_3204,Tablet,France,Google,0,2,2025-05-01 20:18:52,cart
session_3205,Tablet,France,Email,1,4,2025-01-03 03:54:21,confirmation
session_3206,Mobile,Australia,Email,0,1,2025-08-31 09:50:03,product_page
session_3207,Tablet,France,Social Media,0,0,2025-05-07 19:36:35,home
session_3208,Desktop,India,Direct,0,2,2025-01-03 18:13:34,cart
session_3209,Mobile,UK,Email,0,1,2025-07-04 21:09:12,product_page
session_321,Mobile,India,Google,1,4,2025-02-08 15:00:34,confirmation
session_3210,Tablet,USA,Email,0,0,2025-01-23 02:25:25,home
session_3211,Desktop,Australia,Email,0,1,2025-07-03 06:06:58,product_page
session_3212,Mobile,UK,Social Media,0,0,2025-07-09 18:12:52,home
session_3213,Desktop,USA,Google,0,1,2025-01-05 04:05:32,product_page
session_3214,Mobile,UK,Social Media,0,1,2025-06-16 16:14:51,product_page
session_3215,Desktop,France,Direct,0,1,2025-04-10 23:13:11,product_page
session_3216,Tablet,Germany,Direct,0,1,2025-04-03 13:13:47,product_page
session_3217,Mobile,India,Google,0,1,2025-03-14 23:13:12,product_page
session_3218,Tablet,USA,Social Media,0,2,2025-06-12 05:21:28,cart
session_3219,Desktop,India,Email,0,1,2025-05-09 16:17:33,product_page
session_322,Tablet,Germany,Google,0,1,2025-07-07 06:50:00,product_page
session_3220,Tablet,UK,Email,0,2,2025-03-18 16:32:40,cart
session_3221,Mobile,Canada,Email,1,4,2025-05-11 19:32:18,confirmation
session_3222,Desktop,Germany,Social Media,1,4,2025-04-06 10:27:14,confirmation
session_3223,Tablet,India,Direct,0,1,2025-02-28 07:45:32,product_page
session_3224,Mobile,Canada,Direct,0,1,2025-03-24 03:58:44,product_page
session_3225,Mobile,France,Social Media,0,0,2025-08-24 09:18:17,home
session_3226,Tablet,Australia,Email,0,1,2025-03-26 07:04:29,product_page
session_3227,Mobile,Canada,Google,0,1,2025-03-02 04:35:05,product_page
session_3228,Desktop,Australia,Email,0,1,2025-03-02 15:11:59,product_page
session_3229,Mobile,UK,Social Media,1,4,2025-04-03 13:45:25,confirmation
session_323,Desktop,UK,Direct,0,1,2025-04-30 06:25:09,product_page
session_3230,Mobile,France,Email,1,4,2025-04-06 17:30:08,confirmation
session_3231,Mobile,Germany,Google,0,1,2025-08-30 04:10:59,product_page
session_3232,Mobile,Germany,Social Media,0,1,2025-06-07 08:55:33,product_page
session_3233,Desktop,France,Email,0,1,2025-01-17 04:08:30,product_page
session_3234,Desktop,Canada,Google,1,4,2025-08-04 13:26:04,confirmation
session_3235,Tablet,Australia,Direct,0,1,2025-08-14 20:22:03,product_page
session_3236,Mobile,UK,Google,0,1,2025-06-22 13:29:11,product_page
session_3237,Mobile,Australia,Google,1,4,2025-02-25 08:47:48,confirmation
session_3238,Desktop,Australia,Google,0,1,2025-07-01 15:37:23,product_page
session_3239,Desktop,Australia,Social Media,1,4,2025-07-30 22:57:46,confirmation
session_324,Tablet,India,Social Media,1,4,2025-01-06 09:36:47,confirmation
session_3240,Desktop,Germany,Google,0,1,2025-04-09 08:13:41,product_page
session_3241,Tablet,Germany,Social Media,1,4,2025-04-02 20:38:58,confirmation
session_3242,Desktop,Australia,Email,0,1,2025-07-09 02:45:17,product_page
session_3243,Tablet,India,Social Media,1,4,2025-06-19 06:52:15,confirmation
session_3244,Mobile,UK,Direct,0,1,2025-01-22 03:31:48,product_page
session_3245,Tablet,Canada,Direct,0,2,2025-02-23 09:26:32,cart
session_3246,Mobile,India,Google,0,1,2025-04-18 17:11:26,product_page
session_3247,Mobile,India,Google,0,0,2025-05-30 23:37:15,home
session_3248,Desktop,USA,Direct,0,1,2025-01-24 05:45:19,product_page
session_3249,Desktop,India,Google,1,4,2025-05-24 08:22:34,confirmation
session_325,Mobile,Australia,Direct,0,0,2025-03-23 20:12:41,home
session_3250,Mobile,UK,Google,1,4,2025-04-21 19:11:22,confirmation
session_3251,Mobile,Australia,Email,1,4,2025-06-01 12:17:09,confirmation
session_3252,Tablet,USA,Google,1,4,2025-01-21 00:39:27,confirmation
session_3253,Desktop,India,Google,0,1,2025-05-12 04:18:49,product_page
session_3254,Desktop,Germany,Social Media,0,1,2025-06-16 00:56:36,product_page
session_3255,Mobile,Germany,Google,0,2,2025-03-09 22:10:31,cart
session_3256,Mobile,France,Direct,0,1,2025-01-14 16:55:02,product_page
session_3257,Mobile,France,Google,0,1,2025-03-20 16:15:14,product_page
session_3258,Mobile,India,Social Media,0,1,2025-06-28 22:16:19,product_page
session_3259,Desktop,France,Social Media,1,4,2025-03-17 00:05:56,confirmation
session_326,Tablet,India,Direct,0,1,2025-05-12 05:36:42,product_page
session_3260,Mobile,India,Google,0,0,2025-04-10 22:50:28,home
session_3261,Mobile,UK,Google,0,1,2025-08-21 14:14:04,product_page
session_3262,Desktop,India,Social Media,0,1,2025-05-13 18:52:58,product_page
session_3263,Desktop,France,Social Media,1,4,2025-01-03 01:57:13,confirmation
session_3264,Tablet,France,Direct,0,1,2025-04-11 15:34:20,product_page
session_3265,Desktop,India,Email,0,1,2025-01-20 23:53:57,product_page
session_3266,Desktop,India,Social Media,0,0,2025-03-11 16:50:13,home
session_3267,Tablet,USA,Email,0,1,2025-02-12 09:33:42,product_page
session_3268,Mobile,UK,Direct,0,0,2025-04-26 12:54:04,home
session_3269,Tablet,France,Social Media,0,0,2025-02-09 09:01:42,home
session_327,Mobile,Germany,Email,1,4,2025-03-14 21:04:05,confirmation
session_3270,Mobile,UK,Email,0,1,2025-06-11 06:00:32,product_page
session_3271,Desktop,USA,Social Media,0,1,2025-01-15 17:09:35,product_page
session_3272,Mobile,USA,Direct,1,4,2025-08-23 02:01:36,confirmation
session_3273,Desktop,USA,Direct,0,1,2025-08-14 21:43:42,product_page
session_3274,Desktop,Australia,Direct,0,2,2025-06-09 23:13:06,cart
session_3275,Desktop,Germany,Google,1,4,2025-03-20 14:55:36,confirmation
session_3276,Desktop,USA,Email,0,2,2025-01-09 01:02:12,cart
session_3277,Tablet,India,Google,0,1,2025-02-02 21:11:22,product_page
session_3278,Desktop,Australia,Email,1,4,2025-05-18 11:56:59,confirmation
session_3279,Mobile,France,Email,1,4,2025-03-16 18:00:40,confirmation
session_328,Tablet,USA,Google,1,4,2025-08-17 22:01:39,confirmation
session_3280,Mobile,UK,Social Media,0,1,2025-01-04 01:31:02,product_page
session_3281,Desktop,Canada,Google,0,1,2025-03-25 20:18:07,product_page
session_3282,Mobile,India,Google,1,4,2025-04-26 21:19:27,confirmation
session_3283,Desktop,Germany,Google,0,1,2025-01-20 00:06:41,product_page
session_3284,Mobile,Australia,Social Media,0,2,2025-08-13 00:18:44,cart
session_3285,Mobile,Australia,Social Media,0,1,2025-07-26 19:57:55,product_page
session_3286,Tablet,Germany,Direct,1,4,2025-03-13 13:42:26,confirmation
session_3287,Desktop,UK,Direct,1,4,2025-04-29 22:06:02,confirmation
session_3288,Desktop,France,Social Media,1,4,2025-04-24 22:43:44,confirmation
session_3289,Tablet,USA,Social Media,0,1,2025-08-18 01:59:50,product_page
session_329,Tablet,Germany,Social Media,0,1,2025-02-03 00:41:50,product_page
session_3290,Tablet,UK,Direct,0,1,2025-03-29 21:17:59,product_page
session_3291,Tablet,Germany,Email,0,1,2025-07-28 19:53:56,product_page
session_3292,Desktop,UK,Direct,0,1,2025-08-23 21:38:50,product_page
session_3293,Tablet,France,Direct,0,0,2025-08-03 14:40:38,home
session_3294,Mobile,Australia,Email,1,4,2025-06-27 21:41:16,confirmation
session_3295,Mobile,Australia,Google,0,1,2025-03-14 08:18:43,product_page
session_3296,Desktop,Australia,Google,0,1,2025-02-11 17:05:27,product_page
session_3297,Desktop,Australia,Email,0,1,2025-04-11 14:14:00,product_page
session_3298,Mobile,USA,Social Media,0,2,2025-03-10 01:31:25,cart
session_3299,Tablet,Germany,Email,0,0,2025-08-11 17:40:23,home
session_33,Desktop,UK,Direct,0,1,2025-07-07 00:26:21,product_page
session_330,Desktop,India,Social Media,0,1,2025-05-02 14:46:58,product_page
session_3300,Desktop,India,Social Media,0,1,2025-01-31 08:25:46,product_page
session_3301,Desktop,India,Direct,0,0,2025-03-15 15:58:59,home
session_3302,Mobile,Canada,Direct,0,1,2025-08-16 02:43:15,product_page
session_3303,Tablet,USA,Google,0,1,2025-05-25 03:04:55,product_page
session_3304,Mobile,India,Google,0,1,2025-05-29 02:31:47,product_page
session_3305,Tablet,UK,Google,0,1,2025-04-14 20:05:40,product_page
session_3306,Desktop,Germany,Direct,0,2,2025-05-31 15:44:55,cart
session_3307,Mobile,USA,Direct,0,1,2025-07-29 08:01:02,product_page
session_3308,Mobile,Australia,Google,0,1,2025-04-22 07:37:39,product_page
session_3309,Desktop,India,Email,1,4,2025-07-15 01:33:49,confirmation
session_331,Tablet,India,Social Media,1,4,2025-06-21 01:24:37,confirmation
session_3310,Tablet,Canada,Email,0,3,2025-05-16 01:02:45,checkout
session_3311,Tablet,India,Google,0,1,2025-06-18 05:13:19,product_page
session_3312,Desktop,Australia,Google,0,1,2025-01-03 03:18:05,product_page
session_3313,Mobile,Australia,Google,0,0,2025-01-31 13:09:25,home
session_3314,Mobile,UK,Social Media,0,3,2025-08-15 19:54:59,checkout
session_3315,Tablet,USA,Google,1,4,2025-04-02 08:00:45,confirmation
session_3316,Mobile,Australia,Google,0,1,2025-07-14 03:45:35,product_page
session_3317,Tablet,Germany,Google,1,4,2025-07-23 23:59:40,confirmation
session_3318,Desktop,Canada,Google,0,1,2025-07-02 03:24:45,product_page
session_3319,Tablet,Canada,Direct,0,0,2025-05-31 19:16:44,home
session_332,Mobile,Canada,Social Media,1,4,2025-04-30 21:32:31,confirmation
session_3320,Desktop,Canada,Email,0,1,2025-08-12 16:44:33,product_page
session_3321,Desktop,France,Google,0,0,2025-06-09 18:21:17,home
session_3322,Tablet,Australia,Direct,0,1,2025-02-13 15:22:36,product_page
session_3323,Mobile,France,Google,0,1,2025-06-27 20:13:47,product_page
session_3324,Desktop,India,Google,0,0,2025-07-30 11:41:44,home
session_3325,Desktop,UK,Google,1,4,2025-03-02 00:55:04,confirmation
session_3326,Desktop,USA,Google,0,1,2025-04-27 20:47:44,product_page
session_3327,Mobile,Canada,Direct,0,1,2025-08-05 04:27:23,product_page
session_3328,Tablet,USA,Google,0,1,2025-06-14 04:23:06,product_page
session_3329,Mobile,Germany,Google,0,0,2025-01-09 07:26:12,home
session_333,Mobile,India,Direct,0,1,2025-03-04 18:45:22,product_page
session_3330,Mobile,France,Direct,1,4,2025-07-17 23:22:32,confirmation
session_3331,Tablet,France,Social Media,0,1,2025-04-28 06:35:46,product_page
session_3332,Mobile,Australia,Social Media,1,4,2025-07-17 07:10:52,confirmation
session_3333,Mobile,USA,Email,1,4,2025-02-01 06:40:06,confirmation
session_3334,Desktop,Australia,Email,0,1,2025-08-07 07:41:08,product_page
session_3335,Mobile,USA,Direct,0,1,2025-03-16 23:49:46,product_page
session_3336,Mobile,USA,Social Media,0,1,2025-01-20 07:46:24,product_page
session_3337,Mobile,Canada,Email,0,1,2025-04-26 10:59:40,product_page
session_3338,Tablet,Germany,Email,0,1,2025-02-18 19:46:18,product_page
session_3339,Mobile,France,Email,0,2,2025-05-28 06:44:30,cart
session_334,Tablet,Australia,Social Media,0,1,2025-03-23 13:36:54,product_page
session_3340,Desktop,Australia,Google,0,0,2025-03-30 16:20:26,home
session_3341,Tablet,Australia,Google,0,2,2025-01-01 17:43:06,cart
session_3342,Mobile,Canada,Direct,0,2,2025-06-03 10:04:09,cart
session_3343,Mobile,UK,Google,0,2,2025-06-16 18:47:39,cart
session_3344,Mobile,Australia,Direct,0,1,2025-07-23 18:07:15,product_page
session_3345,Tablet,India,Google,0,1,2025-05-31 02:25:44,product_page
session_3346,Desktop,France,Email,0,1,2025-08-30 15:27:23,product_page
session_3347,Desktop,France,Direct,0,1,2025-03-12 03:57:23,product_page
session_3348,Desktop,UK,Google,1,4,2025-02-02 12:17:56,confirmation
session_3349,Desktop,UK,Direct,0,1,2025-04-26 18:03:18,product_page
session_335,Tablet,India,Direct,0,2,2025-07-19 11:36:04,cart
session_3350,Mobile,Germany,Direct,0,2,2025-06-05 17:59:51,cart
session_3351,Tablet,USA,Social Media,0,2,2025-04-10 18:47:56,cart
session_3352,Desktop,Canada,Social Media,0,1,2025-02-14 05:21:00,product_page
session_3353,Mobile,Australia,Direct,0,1,2025-06-14 19:42:21,product_page
session_3354,Desktop,India,Email,0,0,2025-04-03 13:58:20,home
session_3355,Mobile,UK,Email,0,2,2025-05-08 20:19:21,cart
session_3356,Tablet,India,Direct,0,1,2025-04-14 10:53:50,product_page
session_3357,Desktop,UK,Social Media,0,1,2025-01-19 07:21:12,product_page
session_3358,Desktop,Germany,Social Media,0,1,2025-08-21 07:58:57,product_page
session_3359,Desktop,UK,Social Media,0,1,2025-08-12 12:19:13,product_page
session_336,Tablet,UK,Direct,0,2,2025-08-04 17:11:37,cart
session_3360,Desktop,Australia,Email,0,3,2025-05-12 20:15:43,checkout
session_3361,Desktop,France,Direct,0,2,2025-03-27 12:56:21,cart
session_3362,Desktop,USA,Direct,0,2,2025-05-15 22:46:49,cart
session_3363,Desktop,India,Social Media,0,1,2025-06-19 11:46:56,product_page
session_3364,Mobile,USA,Google,0,1,2025-03-15 05:42:25,product_page
session_3365,Mobile,Germany,Google,0,0,2025-06-02 22:59:27,home
session_3366,Desktop,USA,Social Media,0,0,2025-04-18 21:44:50,home
session_3367,Tablet,Australia,Email,0,1,2025-04-06 04:33:29,product_page
session_3368,Mobile,Germany,Social Media,0,0,2025-02-16 16:40:55,home
session_3369,Desktop,France,Google,0,1,2025-04-09 13:31:00,product_page
session_337,Desktop,Australia,Google,1,4,2025-01-03 09:03:34,confirmation
session_3370,Tablet,Canada,Social Media,0,2,2025-08-10 17:38:48,cart
session_3371,Tablet,Australia,Direct,0,2,2025-08-24 10:49:31,cart
session_3372,Tablet,Germany,Email,1,4,2025-03-10 01:19:51,confirmation
session_3373,Desktop,UK,Direct,0,1,2025-02-13 23:48:05,product_page
session_3374,Mobile,Canada,Direct,0,1,2025-07-31 12:51:05,product_page
session_3375,Mobile,UK,Direct,0,1,2025-07-28 14:18:07,product_page
session_3376,Mobile,India,Google,0,1,2025-08-22 11:37:16,product_page
session_3377,Mobile,France,Social Media,0,2,2025-02-08 18:11:19,cart
session_3378,Tablet,UK,Social Media,0,1,2025-08-20 18:53:26,product_page
session_3379,Mobile,USA,Google,0,1,2025-05-06 04:58:22,product_page
session_338,Mobile,USA,Google,0,2,2025-02-09 06:18:57,cart
session_3380,Tablet,Australia,Direct,0,1,2025-07-24 19:36:14,product_page
session_3381,Tablet,Canada,Email,0,0,2025-07-09 09:48:34,home
session_3382,Desktop,India,Google,0,1,2025-05-31 03:10:44,product_page
session_3383,Desktop,Germany,Google,0,0,2025-04-25 11:57:58,home
session_3384,Mobile,USA,Direct,0,1,2025-06-05 23:53:12,product_page
session_3385,Desktop,France,Direct,1,4,2025-05-19 18:38:27,confirmation
session_3386,Tablet,UK,Email,1,4,2025-06-22 13:33:45,confirmation
session_3387,Tablet,Canada,Google,0,1,2025-04-17 00:41:52,product_page
session_3388,Tablet,USA,Direct,0,1,2025-06-10 17:59:20,product_page
session_3389,Mobile,UK,Google,0,1,2025-06-15 04:44:20,product_page
session_339,Mobile,USA,Google,1,4,2025-08-29 17:26:11,confirmation
session_3390,Desktop,UK,Google,0,1,2025-04-24 02:03:51,product_page
session_3391,Desktop,USA,Google,0,1,2025-08-14 08:43:55,product_page
session_3392,Mobile,Australia,Social Media,0,2,2025-06-17 13:49:14,cart
session_3393,Desktop,UK,Google,0,1,2025-08-09 22:39:02,product_page
session_3394,Mobile,Canada,Google,0,1,2025-02-26 12:16:15,product_page
session_3395,Mobile,India,Social Media,1,4,2025-03-12 09:09:57,confirmation
session_3396,Tablet,Australia,Email,0,1,2025-05-25 06:33:32,product_page
session_3397,Desktop,India,Email,0,1,2025-01-12 09:15:08,product_page
session_3398,Mobile,France,Social Media,1,4,2025-07-04 20:17:07,confirmation
session_3399,Desktop,Canada,Direct,0,0,2025-08-29 09:08:09,home
session_34,Tablet,USA,Google,1,4,2025-08-09 14:02:55,confirmation
session_340,Tablet,USA,Google,0,1,2025-01-14 13:47:31,product_page
session_3400,Desktop,UK,Social Media,0,0,2025-03-02 00:19:45,home
session_3401,Tablet,Germany,Email,0,1,2025-02-11 22:36:25,product_page
session_3402,Mobile,UK,Direct,0,1,2025-08-01 03:54:00,product_page
session_3403,Desktop,USA,Social Media,0,1,2025-06-29 17:57:53,product_page
session_3404,Tablet,France,Email,0,1,2025-06-02 20:11:41,product_page
session_3405,Desktop,USA,Direct,0,0,2025-05-30 17:32:35,home
session_3406,Mobile,Germany,Google,1,4,2025-01-29 06:39:13,confirmation
session_3407,Desktop,USA,Direct,0,1,2025-01-13 00:28:14,product_page
session_3408,Mobile,Australia,Direct,0,0,2025-05-05 22:03:08,home
session_3409,Desktop,Australia,Email,0,1,2025-01-12 03:24:07,product_page
session_341,Mobile,Canada,Google,0,1,2025-02-24 22:39:47,product_page
session_3410,Desktop,France,Social Media,0,0,2025-04-01 07:20:30,home
session_3411,Desktop,Australia,Social Media,1,4,2025-04-20 17:57:27,confirmation
session_3412,Mobile,France,Email,0,1,2025-01-08 07:26:41,product_page
session_3413,Tablet,Canada,Google,0,1,2025-02-21 08:42:07,product_page
session_3414,Mobile,France,Google,1,4,2025-01-07 03:41:46,confirmation
session_3415,Mobile,Canada,Social Media,0,1,2025-03-22 14:31:10,product_page
session_3416,Tablet,India,Direct,0,1,2025-01-25 02:31:04,product_page
session_3417,Mobile,Germany,Email,0,0,2025-05-20 18:34:58,home
session_3418,Tablet,Australia,Direct,1,4,2025-01-23 01:23:01,confirmation
session_3419,Tablet,France,Email,0,0,2025-06-22 15:40:56,home
session_342,Tablet,India,Email,0,1,2025-06-04 16:36:57,product_page
session_3420,Tablet,Germany,Google,1,4,2025-03-27 05:12:09,confirmation
session_3421,Desktop,France,Direct,0,0,2025-07-09 17:19:11,home
session_3422,Desktop,France,Email,0,1,2025-03-28 15:25:43,product_page
session_3423,Desktop,India,Social Media,0,1,2025-02-04 00:18:46,product_page
session_3424,Mobile,France,Google,0,1,2025-05-31 17:03:22,product_page
session_3425,Tablet,France,Email,0,1,2025-08-18 19:34:16,product_page
session_3426,Desktop,France,Social Media,0,0,2025-08-19 14:49:41,home
session_3427,Tablet,USA,Google,1,4,2025-07-10 18:51:14,confirmation
session_3428,Tablet,UK,Direct,0,1,2025-01-04 06:20:52,product_page
session_3429,Desktop,USA,Direct,0,0,2025-02-28 23:54:04,home
session_343,Mobile,USA,Social Media,1,4,2025-03-14 12:05:59,confirmation
session_3430,Tablet,France,Google,1,4,2025-02-12 04:35:36,confirmation
session_3431,Desktop,France,Direct,0,1,2025-06-13 08:21:04,product_page
session_3432,Desktop,Australia,Email,0,1,2025-04-19 09:27:14,product_page
session_3433,Mobile,UK,Google,0,1,2025-05-03 13:10:10,product_page
session_3434,Desktop,France,Email,0,1,2025-04-19 07:15:56,product_page
session_3435,Desktop,France,Google,1,4,2025-04-24 01:55:52,confirmation
session_3436,Mobile,India,Google,0,1,2025-02-02 15:41:54,product_page
session_3437,Mobile,France,Social Media,0,2,2025-06-06 14:21:08,cart
session_3438,Tablet,Germany,Email,0,1,2025-07-13 21:25:49,product_page
session_3439,Desktop,Australia,Google,0,3,2025-01-03 03:35:05,checkout
session_344,Desktop,Germany,Direct,0,3,2025-06-05 08:02:59,checkout
session_3440,Mobile,USA,Email,1,4,2025-06-11 15:44:47,confirmation
session_3441,Mobile,India,Google,0,0,2025-01-11 21:15:34,home
session_3442,Desktop,Australia,Direct,0,1,2025-07-31 12:00:08,product_page
session_3443,Mobile,USA,Google,0,0,2025-03-08 13:27:53,home
session_3444,Mobile,UK,Google,0,1,2025-06-10 22:38:46,product_page
session_3445,Mobile,UK,Social Media,1,4,2025-06-16 14:45:30,confirmation
session_3446,Desktop,India,Direct,0,0,2025-07-03 02:44:43,home
session_3447,Mobile,UK,Direct,0,0,2025-07-24 12:32:34,home
session_3448,Mobile,France,Email,0,1,2025-07-07 07:45:00,product_page
session_3449,Tablet,India,Google,0,2,2025-07-31 16:47:30,cart
session_345,Tablet,France,Email,0,1,2025-01-24 23:12:54,product_page
session_3450,Desktop,India,Social Media,0,1,2025-02-10 19:45:31,product_page
session_3451,Tablet,France,Email,0,1,2025-04-27 08:27:47,product_page
session_3452,Desktop,Germany,Social Media,0,0,2025-02-16 21:50:17,home
session_3453,Mobile,UK,Email,1,4,2025-01-22 17:05:00,confirmation
session_3454,Mobile,Australia,Direct,0,1,2025-03-31 13:54:20,product_page
session_3455,Desktop,India,Google,0,1,2025-05-18 01:04:25,product_page
session_3456,Mobile,France,Email,0,1,2025-06-05 21:19:45,product_page
session_3457,Desktop,India,Social Media,0,1,2025-08-27 09:19:10,product_page
session_3458,Mobile,France,Social Media,0,1,2025-08-01 13:35:14,product_page
session_3459,Mobile,France,Google,0,2,2025-05-29 10:28:50,cart
session_346,Tablet,France,Email,0,1,2025-02-18 18:11:17,product_page
session_3460,Tablet,India,Social Media,0,2,2025-06-29 11:29:06,cart
session_3461,Desktop,France,Direct,1,4,2025-03-22 01:09:26,confirmation
session_3462,Mobile,Germany,Direct,0,1,2025-06-27 06:35:25,product_page
session_3463,Mobile,India,Google,1,4,2025-04-22 03:27:04,confirmation
session_3464,Tablet,Germany,Google,0,0,2025-01-09 00:07:54,home
session_3465,Mobile,UK,Social Media,0,2,2025-02-16 09:54:12,cart
session_3466,Tablet,Canada,Email,0,1,2025-05-30 07:33:02,product_page
session_3467,Tablet,Germany,Email,1,4,2025-01-30 12:40:19,confirmation
session_3468,Tablet,Germany,Google,0,0,2025-07-08 12:51:48,home
session_3469,Mobile,UK,Direct,0,1,2025-04-07 04:22:06,product_page
session_347,Mobile,UK,Email,0,1,2025-08-31 20:13:24,product_page
session_3470,Desktop,USA,Direct,0,1,2025-03-23 16:23:23,product_page
session_3471,Desktop,France,Social Media,0,1,2025-01-13 12:28:23,product_page
session_3472,Mobile,Germany,Email,1,4,2025-06-27 03:54:20,confirmation
session_3473,Mobile,Canada,Social Media,0,1,2025-01-08 08:54:03,product_page
session_3474,Tablet,USA,Social Media,1,4,2025-02-24 16:16:45,confirmation
session_3475,Desktop,India,Email,0,0,2025-06-11 20:40:08,home
session_3476,Mobile,UK,Social Media,0,2,2025-07-21 06:27:08,cart
session_3477,Tablet,India,Email,0,1,2025-05-20 06:24:26,product_page
session_3478,Desktop,UK,Email,1,4,2025-02-19 02:44:21,confirmation
session_3479,Mobile,France,Social Media,1,4,2025-06-16 13:41:32,confirmation
session_348,Mobile,Canada,Google,0,1,2025-08-10 01:36:44,product_page
session_3480,Mobile,Germany,Direct,1,4,2025-05-19 21:54:01,confirmation
session_3481,Desktop,Canada,Google,0,0,2025-01-22 09:49:37,home
session_3482,Mobile,India,Email,1,4,2025-06-04 20:08:30,confirmation
session_3483,Desktop,USA,Direct,0,1,2025-07-14 20:37:22,product_page
session_3484,Tablet,Germany,Direct,0,2,2025-07-29 22:16:11,cart
session_3485,Tablet,France,Social Media,0,1,2025-06-19 16:41:29,product_page
session_3486,Tablet,Canada,Email,1,4,2025-08-01 18:20:20,confirmation
session_3487,Desktop,France,Direct,0,2,2025-07-15 13:07:24,cart
session_3488,Desktop,Australia,Google,0,2,2025-02-27 18:24:44,cart
session_3489,Tablet,UK,Social Media,0,0,2025-06-21 21:38:55,home
session_349,Desktop,India,Email,0,1,2025-07-15 10:20:05,product_page
session_3490,Mobile,Australia,Email,0,2,2025-03-18 11:00:32,cart
session_3491,Desktop,Germany,Direct,0,1,2025-08-08 04:18:39,product_page
session_3492,Tablet,France,Email,0,1,2025-08-12 05:19:10,product_page
session_3493,Desktop,USA,Social Media,0,1,2025-05-19 23:05:46,product_page
session_3494,Mobile,USA,Email,0,1,2025-04-11 05:57:06,product_page
session_3495,Desktop,UK,Google,0,0,2025-07-11 16:46:15,home
session_3496,Desktop,Australia,Direct,0,1,2025-05-04 06:10:28,product_page
session_3497,Tablet,India,Email,0,2,2025-02-01 22:30:30,cart
session_3498,Desktop,USA,Direct,0,0,2025-03-19 05:44:32,home
session_3499,Mobile,Australia,Google,0,2,2025-01-01 11:21:28,cart
session_35,Mobile,USA,Social Media,0,1,2025-06-23 22:52:19,product_page
session_350,Tablet,France,Google,1,4,2025-06-19 14:32:09,confirmation
session_3500,Mobile,France,Social Media,1,4,2025-03-12 15:51:31,confirmation
session_3501,Tablet,Canada,Email,0,1,2025-08-02 13:37:58,product_page
session_3502,Mobile,Australia,Email,0,0,2025-05-06 03:40:15,home
session_3503,Mobile,Canada,Email,0,1,2025-01-16 12:31:02,product_page
session_3504,Tablet,Australia,Direct,0,0,2025-06-30 18:55:40,home
session_3505,Tablet,UK,Google,0,1,2025-03-27 01:37:50,product_page
session_3506,Desktop,India,Email,0,1,2025-02-27 04:39:10,product_page
session_3507,Tablet,France,Email,0,0,2025-05-14 09:49:58,home
session_3508,Desktop,Australia,Google,0,0,2025-04-12 11:40:21,home
session_3509,Tablet,India,Google,0,0,2025-03-09 02:45:41,home
session_351,Tablet,Australia,Direct,0,1,2025-05-09 13:29:02,product_page
session_3510,Tablet,UK,Email,0,2,2025-08-05 17:25:11,cart
session_3511,Desktop,Germany,Email,0,1,2025-08-16 16:00:44,product_page
session_3512,Mobile,Australia,Social Media,0,0,2025-03-27 10:34:54,home
session_3513,Desktop,India,Direct,0,1,2025-03-30 02:57:54,product_page
session_3514,Mobile,Australia,Direct,0,1,2025-08-01 05:04:28,product_page
session_3515,Desktop,UK,Google,0,1,2025-05-14 21:15:44,product_page
session_3516,Tablet,Canada,Social Media,0,0,2025-07-25 23:27:51,home
session_3517,Desktop,Australia,Direct,0,1,2025-08-29 12:45:34,product_page
session_3518,Desktop,France,Email,0,1,2025-06-05 00:00:21,product_page
session_3519,Desktop,UK,Email,1,4,2025-05-20 19:35:00,confirmation
session_352,Desktop,India,Direct,1,4,2025-03-21 02:18:43,confirmation
session_3520,Mobile,India,Direct,0,1,2025-04-03 01:05:49,product_page
session_3521,Mobile,Canada,Direct,0,0,2025-02-14 15:17:00,home
session_3522,Mobile,Australia,Google,0,0,2025-04-03 11:45:11,home
session_3523,Desktop,India,Direct,1,4,2025-07-13 14:16:26,confirmation
session_3524,Mobile,Germany,Social Media,0,1,2025-04-15 09:24:06,product_page
session_3525,Mobile,Canada,Direct,0,2,2025-02-10 11:28:42,cart
session_3526,Tablet,Germany,Direct,0,1,2025-04-30 02:34:45,product_page
session_3527,Mobile,Germany,Email,0,1,2025-08-12 09:56:04,product_page
session_3528,Tablet,India,Google,0,1,2025-04-02 16:32:46,product_page
session_3529,Tablet,USA,Email,0,1,2025-01-23 04:49:00,product_page
session_353,Desktop,France,Google,0,0,2025-08-11 13:59:58,home
session_3530,Desktop,India,Google,1,4,2025-08-08 21:18:01,confirmation
session_3531,Desktop,Germany,Email,1,4,2025-07-12 18:31:29,confirmation
session_3532,Mobile,UK,Social Media,0,1,2025-08-16 15:39:20,product_page
session_3533,Mobile,France,Google,0,1,2025-04-25 13:03:25,product_page
session_3534,Tablet,USA,Email,0,1,2025-06-05 10:12:51,product_page
session_3535,Tablet,India,Direct,0,1,2025-03-19 03:14:12,product_page
session_3536,Tablet,USA,Google,0,2,2025-05-14 23:08:48,cart
session_3537,Mobile,USA,Email,1,4,2025-03-24 15:55:25,confirmation
session_3538,Tablet,Canada,Direct,0,2,2025-02-11 11:48:15,cart
session_3539,Tablet,UK,Google,1,4,2025-01-28 10:25:58,confirmation
session_354,Tablet,Canada,Google,1,4,2025-05-21 17:19:17,confirmation
session_3540,Tablet,USA,Direct,0,1,2025-07-09 05:29:51,product_page
session_3541,Tablet,Australia,Email,1,4,2025-04-07 12:50:56,confirmation
session_3542,Desktop,UK,Google,0,1,2025-02-18 09:09:39,product_page
session_3543,Desktop,France,Google,0,1,2025-01-15 13:30:59,product_page
session_3544,Tablet,Germany,Email,0,0,2025-06-04 03:58:34,home
session_3545,Desktop,UK,Social Media,0,1,2025-03-30 01:02:29,product_page
session_3546,Tablet,France,Direct,0,0,2025-08-12 04:00:48,home
session_3547,Mobile,USA,Email,0,2,2025-04-12 14:44:31,cart
session_3548,Tablet,Germany,Direct,0,1,2025-04-11 11:20:10,product_page
session_3549,Mobile,UK,Email,0,2,2025-08-21 17:52:41,cart
session_355,Mobile,USA,Social Media,1,4,2025-05-27 07:40:42,confirmation
session_3550,Mobile,Canada,Direct,0,1,2025-03-08 18:21:42,product_page
session_3551,Tablet,Australia,Google,1,4,2025-03-03 03:50:41,confirmation
session_3552,Tablet,USA,Email,0,0,2025-07-03 00:05:50,home
session_3553,Tablet,France,Email,0,1,2025-08-01 10:33:10,product_page
session_3554,Mobile,USA,Social Media,0,0,2025-03-06 11:25:10,home
session_3555,Desktop,India,Social Media,0,0,2025-04-07 17:08:22,home
session_3556,Desktop,India,Email,1,4,2025-01-13 03:31:48,confirmation
session_3557,Desktop,UK,Social Media,1,4,2025-03-23 12:47:55,confirmation
session_3558,Mobile,USA,Social Media,0,1,2025-03-20 04:20:22,product_page
session_3559,Desktop,Australia,Email,0,1,2025-08-22 05:51:13,product_page
session_356,Desktop,Australia,Google,0,3,2025-08-19 08:19:27,checkout
session_3560,Mobile,India,Email,0,0,2025-08-07 22:26:00,home
session_3561,Tablet,UK,Social Media,0,1,2025-07-15 14:02:13,product_page
session_3562,Desktop,Germany,Social Media,0,1,2025-05-07 03:33:35,product_page
session_3563,Mobile,USA,Direct,0,0,2025-06-24 23:43:47,home
session_3564,Desktop,UK,Google,0,1,2025-03-08 09:15:44,product_page
session_3565,Mobile,Canada,Direct,0,1,2025-02-20 00:40:14,product_page
session_3566,Desktop,Australia,Google,1,4,2025-07-20 09:42:48,confirmation
session_3567,Tablet,UK,Google,0,1,2025-05-21 22:48:39,product_page
session_3568,Desktop,Canada,Google,0,1,2025-08-09 10:38:12,product_page
session_3569,Desktop,Canada,Direct,0,0,2025-08-04 09:55:00,home
session_357,Mobile,UK,Email,0,2,2025-01-29 20:20:26,cart
session_3570,Mobile,Germany,Google,1,4,2025-03-11 22:43:40,confirmation
session_3571,Tablet,USA,Google,0,1,2025-08-06 10:28:39,product_page
session_3572,Desktop,Australia,Social Media,1,4,2025-07-22 07:01:12,confirmation
session_3573,Desktop,Germany,Email,0,1,2025-01-17 17:06:34,product_page
session_3574,Mobile,France,Google,0,1,2025-01-20 00:50:20,product_page
session_3575,Desktop,USA,Direct,0,1,2025-07-23 10:54:14,product_page
session_3576,Tablet,France,Social Media,1,4,2025-03-23 07:54:53,confirmation
session_3577,Desktop,Australia,Social Media,0,2,2025-06-26 08:27:04,cart
session_3578,Mobile,India,Direct,1,4,2025-04-04 08:36:53,confirmation
session_3579,Desktop,France,Direct,0,1,2025-04-12 13:35:01,product_page
session_358,Mobile,France,Google,0,0,2025-04-26 16:59:47,home
session_3580,Tablet,USA,Email,0,1,2025-07-27 21:07:49,product_page
session_3581,Tablet,France,Email,0,0,2025-02-25 19:14:12,home
session_3582,Mobile,Canada,Social Media,0,1,2025-08-19 17:41:31,product_page
session_3583,Mobile,USA,Email,0,0,2025-08-27 05:19:47,home
session_3584,Tablet,Canada,Direct,1,4,2025-08-27 08:32:49,confirmation
session_3585,Desktop,Canada,Email,0,1,2025-08-13 13:34:50,product_page
session_3586,Desktop,France,Direct,0,0,2025-03-18 14:22:42,home
session_3587,Tablet,UK,Email,1,4,2025-05-08 19:04:32,confirmation
session_3588,Desktop,Germany,Google,0,0,2025-06-13 18:41:10,home
session_3589,Desktop,India,Social Media,1,4,2025-01-13 20:33:34,confirmation
session_359,Mobile,Canada,Google,0,3,2025-07-03 19:56:18,checkout
session_3590,Mobile,UK,Direct,0,1,2025-01-20 04:20:15,product_page
session_3591,Tablet,UK,Email,0,1,2025-05-26 12:05:55,product_page
session_3592,Mobile,Germany,Email,0,0,2025-07-04 06:30:02,home
session_3593,Desktop,UK,Google,0,1,2025-02-20 07:57:35,product_page
session_3594,Desktop,India,Direct,0,2,2025-03-07 16:55:33,cart
session_3595,Desktop,Australia,Social Media,0,1,2025-02-02 18:19:55,product_page
session_3596,Tablet,Germany,Google,0,1,2025-05-15 09:59:20,product_page
session_3597,Tablet,France,Email,0,1,2025-02-19 22:41:30,product_page
session_3598,Tablet,India,Google,0,0,2025-07-16 14:29:41,home
session_3599,Desktop,UK,Email,0,0,2025-02-02 16:40:35,home
session_36,Tablet,Canada,Direct,0,1,2025-07-12 08:13:47,product_page
session_360,Tablet,USA,Email,0,1,2025-03-29 19:50:11,product_page
session_3600,Tablet,USA,Email,0,0,2025-05-17 05:59:38,home
session_3601,Mobile,USA,Direct,0,1,2025-05-20 21:17:18,product_page
session_3602,Desktop,France,Google,1,4,2025-05-26 08:05:19,confirmation
session_3603,Mobile,Germany,Google,0,1,2025-05-21 01:31:24,product_page
session_3604,Mobile,Germany,Social Media,0,0,2025-03-04 16:53:32,home
session_3605,Tablet,UK,Social Media,0,0,2025-08-24 09:54:34,home
session_3606,Mobile,India,Email,0,1,2025-02-17 15:43:01,product_page
session_3607,Tablet,USA,Google,0,2,2025-07-04 02:09:59,cart
session_3608,Desktop,Germany,Google,0,1,2025-01-20 10:32:06,product_page
session_3609,Desktop,Canada,Google,0,1,2025-04-23 02:45:32,product_page
session_361,Tablet,India,Social Media,0,2,2025-02-15 10:22:03,cart
session_3610,Desktop,USA,Email,0,1,2025-06-25 14:43:53,product_page
session_3611,Mobile,Germany,Google,0,0,2025-08-29 21:20:29,home
session_3612,Desktop,India,Social Media,0,1,2025-03-06 08:36:33,product_page
session_3613,Desktop,France,Social Media,0,1,2025-03-07 05:47:14,product_page
session_3614,Mobile,Canada,Social Media,0,1,2025-01-10 13:48:05,product_page
session_3615,Mobile,Germany,Social Media,1,4,2025-03-01 18:57:06,confirmation
session_3616,Mobile,Canada,Google,0,1,2025-07-24 11:28:13,product_page
session_3617,Desktop,Australia,Google,0,2,2025-05-28 20:37:27,cart
session_3618,Desktop,France,Social Media,0,1,2025-02-19 03:30:05,product_page
session_3619,Mobile,France,Social Media,1,4,2025-02-25 00:06:54,confirmation
session_362,Desktop,UK,Direct,0,0,2025-03-26 13:32:13,home
session_3620,Mobile,Germany,Email,0,1,2025-03-25 22:49:31,product_page
session_3621,Tablet,France,Social Media,0,1,2025-03-26 05:41:17,product_page
session_3622,Desktop,India,Direct,0,1,2025-08-05 06:49:25,product_page
session_3623,Tablet,Canada,Social Media,0,1,2025-08-07 13:29:32,product_page
session_3624,Desktop,Germany,Direct,0,1,2025-05-03 03:07:31,product_page
session_3625,Desktop,Canada,Email,0,1,2025-07-01 05:29:29,product_page
session_3626,Mobile,Australia,Social Media,0,0,2025-04-10 19:44:55,home
session_3627,Tablet,India,Direct,0,1,2025-01-06 09:27:21,product_page
session_3628,Desktop,USA,Direct,0,2,2025-02-11 09:07:47,cart
session_3629,Tablet,Australia,Direct,0,1,2025-03-04 07:37:52,product_page
session_363,Desktop,India,Social Media,0,1,2025-07-08 11:56:05,product_page
session_3630,Desktop,Germany,Google,1,4,2025-02-26 00:43:55,confirmation
session_3631,Tablet,Canada,Email,0,1,2025-03-09 10:42:45,product_page
session_3632,Tablet,USA,Email,0,1,2025-04-01 10:28:27,product_page
session_3633,Mobile,Germany,Social Media,0,1,2025-04-24 22:01:19,product_page
session_3634,Tablet,UK,Social Media,0,1,2025-06-20 21:08:07,product_page
session_3635,Desktop,Germany,Google,0,2,2025-05-22 13:28:04,cart
session_3636,Tablet,USA,Social Media,0,1,2025-06-06 12:11:02,product_page
session_3637,Desktop,France,Social Media,1,4,2025-03-25 03:46:23,confirmation
session_3638,Desktop,France,Google,1,4,2025-06-14 19:16:28,confirmation
session_3639,Tablet,UK,Social Media,1,4,2025-04-25 01:39:00,confirmation
session_364,Desktop,Germany,Social Media,0,0,2025-07-04 00:58:12,home
session_3640,Tablet,France,Social Media,0,0,2025-07-29 00:46:09,home
session_3641,Tablet,Australia,Social Media,0,1,2025-03-29 13:26:08,product_page
session_3642,Mobile,UK,Google,0,0,2025-01-27 12:59:42,home
session_3643,Desktop,India,Direct,1,4,2025-01-01 23:49:54,confirmation
session_3644,Tablet,USA,Direct,0,1,2025-06-26 05:37:03,product_page
session_3645,Tablet,Germany,Google,0,0,2025-05-10 04:32:19,home
session_3646,Tablet,Australia,Email,1,4,2025-04-02 11:10:52,confirmation
session_3647,Tablet,Canada,Social Media,0,3,2025-01-08 09:33:22,checkout
session_3648,Tablet,Germany,Google,0,0,2025-07-05 07:22:17,home
session_3649,Mobile,India,Google,0,0,2025-02-19 00:13:11,home
session_365,Desktop,UK,Direct,0,1,2025-04-08 13:52:26,product_page
session_3650,Tablet,Canada,Social Media,1,4,2025-05-25 19:04:39,confirmation
session_3651,Tablet,France,Google,0,1,2025-06-04 18:15:35,product_page
session_3652,Tablet,Australia,Direct,0,1,2025-05-04 17:01:22,product_page
session_3653,Tablet,India,Google,0,1,2025-05-17 19:08:33,product_page
session_3654,Mobile,Canada,Google,1,4,2025-05-19 17:12:27,confirmation
session_3655,Tablet,USA,Email,0,1,2025-01-03 12:14:34,product_page
session_3656,Desktop,Australia,Direct,1,4,2025-08-04 18:50:35,confirmation
session_3657,Desktop,UK,Direct,0,1,2025-08-09 17:30:57,product_page
session_3658,Desktop,Australia,Direct,0,2,2025-03-16 12:05:49,cart
session_3659,Tablet,India,Email,1,4,2025-08-27 13:06:28,confirmation
session_366,Mobile,UK,Email,0,2,2025-01-21 09:07:41,cart
session_3660,Tablet,Canada,Google,0,1,2025-04-01 15:31:18,product_page
session_3661,Tablet,Canada,Google,0,0,2025-06-18 07:25:15,home
session_3662,Desktop,Germany,Social Media,1,4,2025-01-16 12:43:29,confirmation
session_3663,Desktop,India,Direct,1,4,2025-07-14 09:40:36,confirmation
session_3664,Desktop,USA,Google,0,1,2025-05-13 01:57:56,product_page
session_3665,Mobile,Germany,Social Media,0,1,2025-05-18 12:04:44,product_page
session_3666,Desktop,USA,Direct,0,1,2025-03-27 17:48:54,product_page
session_3667,Desktop,France,Email,0,1,2025-04-21 17:14:25,product_page
session_3668,Tablet,UK,Google,1,4,2025-07-29 12:32:23,confirmation
session_3669,Mobile,France,Email,0,0,2025-03-23 17:08:21,home
session_367,Tablet,Canada,Email,0,1,2025-03-21 02:58:55,product_page
session_3670,Mobile,France,Direct,1,4,2025-08-06 12:02:29,confirmation
session_3671,Mobile,Australia,Direct,1,4,2025-02-06 00:59:32,confirmation
session_3672,Desktop,UK,Email,1,4,2025-01-22 18:58:11,confirmation
session_3673,Tablet,Germany,Google,0,1,2025-06-16 15:56:45,product_page
session_3674,Tablet,UK,Social Media,0,1,2025-05-01 19:52:33,product_page
session_3675,Tablet,USA,Social Media,0,1,2025-07-05 00:56:37,product_page
session_3676,Mobile,Canada,Social Media,0,1,2025-06-07 22:15:12,product_page
session_3677,Desktop,India,Social Media,0,1,2025-01-16 04:09:11,product_page
session_3678,Desktop,UK,Social Media,0,1,2025-04-25 10:39:15,product_page
session_3679,Mobile,France,Direct,1,4,2025-08-07 20:22:06,confirmation
session_368,Tablet,France,Email,0,0,2025-03-30 03:22:54,home
session_3680,Mobile,Canada,Email,0,2,2025-02-24 00:01:34,cart
session_3681,Tablet,Australia,Google,0,0,2025-02-06 20:30:25,home
session_3682,Desktop,Canada,Direct,0,2,2025-01-16 19:36:54,cart
session_3683,Mobile,France,Social Media,0,0,2025-07-21 10:27:24,home
session_3684,Mobile,France,Direct,0,1,2025-05-18 10:48:00,product_page
session_3685,Mobile,Germany,Direct,0,1,2025-01-30 08:10:57,product_page
session_3686,Mobile,India,Social Media,1,4,2025-02-19 15:47:33,confirmation
session_3687,Desktop,Germany,Direct,1,4,2025-05-28 22:46:04,confirmation
session_3688,Desktop,Germany,Social Media,0,1,2025-08-30 05:51:43,product_page
session_3689,Tablet,Canada,Direct,0,1,2025-03-10 04:34:16,product_page
session_369,Mobile,UK,Google,0,0,2025-03-19 15:40:48,home
session_3690,Tablet,Australia,Email,1,4,2025-05-27 05:47:31,confirmation
session_3691,Desktop,Australia,Social Media,0,3,2025-03-06 01:41:45,checkout
session_3692,Tablet,Australia,Direct,0,2,2025-08-21 12:42:34,cart
session_3693,Desktop,Germany,Social Media,0,1,2025-08-18 00:40:41,product_page
session_3694,Mobile,France,Google,0,1,2025-07-11 03:43:55,product_page
session_3695,Tablet,USA,Google,0,3,2025-05-02 09:58:42,checkout
session_3696,Tablet,UK,Social Media,0,1,2025-08-07 22:01:48,product_page
session_3697,Mobile,Australia,Social Media,0,1,2025-06-15 21:05:53,product_page
session_3698,Tablet,USA,Social Media,0,0,2025-06-07 20:44:15,home
session_3699,Tablet,UK,Google,0,1,2025-08-16 13:12:12,product_page
session_37,Mobile,Australia,Direct,0,3,2025-03-21 12:20:03,checkout
session_370,Desktop,Germany,Social Media,0,0,2025-07-28 13:54:56,home
session_3700,Tablet,UK,Email,0,2,2025-07-11 22:24:40,cart
session_3701,Mobile,Australia,Google,0,1,2025-01-13 07:51:58,product_page
session_3702,Desktop,Australia,Direct,0,1,2025-06-09 08:40:56,product_page
session_3703,Mobile,France,Social Media,0,1,2025-01-15 17:49:05,product_page
session_3704,Mobile,Australia,Google,0,0,2025-08-05 19:58:25,home
session_3705,Tablet,France,Direct,0,2,2025-03-18 01:02:14,cart
session_3706,Tablet,Canada,Social Media,0,0,2025-07-10 17:24:52,home
session_3707,Mobile,USA,Direct,0,0,2025-04-15 18:16:39,home
session_3708,Tablet,India,Direct,0,1,2025-01-30 18:53:00,product_page
session_3709,Tablet,Canada,Direct,0,1,2025-07-22 11:05:47,product_page
session_371,Mobile,USA,Direct,0,1,2025-01-07 23:13:17,product_page
session_3710,Mobile,USA,Direct,0,2,2025-07-30 16:05:36,cart
session_3711,Tablet,Australia,Direct,0,1,2025-03-26 20:06:23,product_page
session_3712,Mobile,UK,Google,0,1,2025-06-17 21:15:49,product_page
session_3713,Desktop,USA,Google,0,1,2025-01-29 21:41:30,product_page
session_3714,Tablet,USA,Email,1,4,2025-06-06 16:58:24,confirmation
session_3715,Mobile,France,Google,1,4,2025-07-13 16:41:53,confirmation
session_3716,Mobile,Australia,Social Media,0,2,2025-06-03 22:47:47,cart
session_3717,Mobile,India,Social Media,0,1,2025-01-23 12:27:01,product_page
session_3718,Tablet,France,Direct,0,0,2025-08-07 06:19:38,home
session_3719,Desktop,India,Email,0,0,2025-08-20 23:33:58,home
session_372,Tablet,Australia,Email,0,1,2025-03-29 09:33:58,product_page
session_3720,Mobile,UK,Email,0,1,2025-04-27 07:21:56,product_page
session_3721,Mobile,France,Direct,0,1,2025-06-29 10:19:46,product_page
session_3722,Tablet,UK,Direct,0,2,2025-02-10 12:58:31,cart
session_3723,Tablet,USA,Social Media,0,1,2025-02-09 07:51:52,product_page
session_3724,Mobile,Germany,Social Media,0,1,2025-04-15 11:28:59,product_page
session_3725,Desktop,France,Direct,0,1,2025-05-07 12:56:53,product_page
session_3726,Mobile,USA,Direct,0,1,2025-07-07 02:06:32,product_page
session_3727,Tablet,Canada,Social Media,1,4,2025-04-05 16:33:58,confirmation
session_3728,Tablet,UK,Direct,1,4,2025-02-18 19:35:57,confirmation
session_3729,Mobile,India,Google,0,1,2025-05-21 01:22:19,product_page
session_373,Desktop,USA,Email,0,1,2025-06-06 17:46:30,product_page
session_3730,Desktop,Canada,Email,0,0,2025-08-08 10:36:02,home
session_3731,Desktop,Canada,Google,0,1,2025-03-25 14:33:08,product_page
session_3732,Tablet,Germany,Social Media,0,0,2025-05-10 10:39:42,home
session_3733,Tablet,France,Google,1,4,2025-08-13 15:15:12,confirmation
session_3734,Tablet,USA,Social Media,0,1,2025-06-02 18:34:50,product_page
session_3735,Mobile,France,Direct,0,1,2025-06-14 12:01:28,product_page
session_3736,Mobile,UK,Google,0,1,2025-08-14 19:37:23,product_page
session_3737,Mobile,France,Email,1,4,2025-01-15 02:29:21,confirmation
session_3738,Tablet,USA,Google,1,4,2025-05-09 08:54:56,confirmation
session_3739,Desktop,Canada,Direct,0,1,2025-02-18 21:21:13,product_page
session_374,Tablet,USA,Social Media,0,1,2025-03-25 17:31:52,product_page
session_3740,Tablet,USA,Email,0,1,2025-01-10 20:04:18,product_page
session_3741,Mobile,India,Google,0,2,2025-02-02 11:49:32,cart
session_3742,Tablet,Australia,Google,1,4,2025-05-19 19:15:17,confirmation
session_3743,Tablet,Canada,Email,0,0,2025-06-13 19:31:26,home
session_3744,Tablet,Germany,Google,0,1,2025-01-03 16:05:21,product_page
session_3745,Tablet,Australia,Email,0,1,2025-03-22 08:28:30,product_page
session_3746,Desktop,France,Email,0,1,2025-02-21 15:51:41,product_page
session_3747,Mobile,Australia,Social Media,1,4,2025-04-05 13:30:39,confirmation
session_3748,Tablet,UK,Social Media,0,1,2025-04-16 07:00:01,product_page
session_3749,Desktop,USA,Social Media,0,3,2025-05-26 00:13:52,checkout
session_375,Mobile,USA,Social Media,0,2,2025-03-12 03:08:52,cart
session_3750,Desktop,USA,Direct,0,3,2025-02-09 12:20:59,checkout
session_3751,Mobile,Australia,Google,0,1,2025-07-30 21:13:01,product_page
session_3752,Tablet,Germany,Social Media,0,1,2025-05-09 00:45:35,product_page
session_3753,Desktop,India,Social Media,0,2,2025-03-17 21:35:08,cart
session_3754,Desktop,UK,Google,0,0,2025-08-10 20:12:03,home
session_3755,Tablet,USA,Email,0,1,2025-04-23 15:08:15,product_page
session_3756,Mobile,France,Social Media,0,0,2025-05-17 11:50:14,home
session_3757,Desktop,UK,Social Media,0,1,2025-06-23 08:04:05,product_page
session_3758,Desktop,USA,Email,0,0,2025-08-04 17:38:15,home
session_3759,Desktop,UK,Email,1,4,2025-05-20 11:47:25,confirmation
session_376,Tablet,Germany,Social Media,0,1,2025-06-26 18:41:13,product_page
session_3760,Desktop,France,Google,1,4,2025-05-15 16:57:40,confirmation
session_3761,Tablet,Canada,Email,0,1,2025-02-05 01:36:36,product_page
session_3762,Desktop,Canada,Email,0,0,2025-01-14 09:45:58,home
session_3763,Mobile,Australia,Social Media,0,1,2025-07-15 10:10:45,product_page
session_3764,Desktop,India,Google,0,2,2025-07-26 10:32:35,cart
session_3765,Tablet,UK,Google,0,1,2025-01-10 01:33:15,product_page
session_3766,Mobile,India,Google,0,1,2025-06-15 05:29:25,product_page
session_3767,Tablet,USA,Direct,0,0,2025-08-29 09:10:00,home
session_3768,Desktop,Australia,Direct,0,1,2025-07-03 00:19:26,product_page
session_3769,Desktop,USA,Social Media,0,1,2025-06-11 15:16:29,product_page
session_377,Desktop,Australia,Google,0,1,2025-06-20 04:55:36,product_page
session_3770,Tablet,France,Email,0,1,2025-01-18 13:29:18,product_page
session_3771,Mobile,India,Social Media,0,2,2025-06-20 03:34:27,cart
session_3772,Desktop,USA,Direct,0,0,2025-03-18 19:43:15,home
session_3773,Desktop,Australia,Direct,0,1,2025-05-17 06:03:45,product_page
session_3774,Tablet,Canada,Email,0,1,2025-03-04 11:10:46,product_page
session_3775,Tablet,Germany,Google,0,0,2025-08-02 03:10:46,home
session_3776,Tablet,France,Social Media,1,4,2025-04-11 09:09:28,confirmation
session_3777,Desktop,India,Social Media,0,1,2025-07-08 04:51:49,product_page
session_3778,Tablet,Germany,Social Media,1,4,2025-05-17 06:40:17,confirmation
session_3779,Desktop,USA,Social Media,1,4,2025-06-19 07:02:23,confirmation
session_378,Desktop,Canada,Direct,0,2,2025-02-15 16:39:27,cart
session_3780,Mobile,UK,Google,0,1,2025-03-24 00:33:31,product_page
session_3781,Tablet,India,Direct,0,1,2025-05-12 01:32:29,product_page
session_3782,Desktop,USA,Social Media,0,1,2025-07-24 00:31:07,product_page
session_3783,Desktop,UK,Google,0,1,2025-02-07 07:32:58,product_page
session_3784,Tablet,Canada,Google,0,3,2025-05-29 10:36:42,checkout
session_3785,Mobile,UK,Google,0,0,2025-01-20 19:04:14,home
session_3786,Tablet,France,Social Media,0,0,2025-05-10 19:27:18,home
session_3787,Tablet,Canada,Social Media,0,1,2025-07-25 19:36:19,product_page
session_3788,Tablet,India,Email,0,1,2025-05-12 19:35:58,product_page
session_3789,Mobile,USA,Email,0,2,2025-06-12 02:19:16,cart
session_379,Mobile,Australia,Direct,1,4,2025-01-13 14:59:47,confirmation
session_3790,Mobile,Australia,Email,0,1,2025-02-11 15:56:01,product_page
session_3791,Mobile,USA,Google,0,1,2025-04-05 09:44:58,product_page
session_3792,Mobile,Germany,Social Media,0,1,2025-03-14 00:59:02,product_page
session_3793,Mobile,France,Email,0,0,2025-01-30 09:23:24,home
session_3794,Tablet,France,Social Media,0,1,2025-01-31 09:38:53,product_page
session_3795,Mobile,Canada,Google,0,1,2025-02-18 13:54:30,product_page
session_3796,Desktop,UK,Social Media,0,1,2025-01-23 19:39:44,product_page
session_3797,Tablet,France,Email,0,2,2025-07-22 05:30:06,cart
session_3798,Desktop,India,Social Media,1,4,2025-03-16 22:19:20,confirmation
session_3799,Desktop,USA,Social Media,0,0,2025-06-05 11:07:31,home
session_38,Desktop,Germany,Google,0,0,2025-05-02 01:18:12,home
session_380,Mobile,Canada,Google,1,4,2025-08-09 18:07:22,confirmation
session_3800,Desktop,Australia,Direct,1,4,2025-01-26 22:52:26,confirmation
session_3801,Tablet,India,Direct,0,0,2025-03-18 13:19:20,home
session_3802,Desktop,USA,Google,0,1,2025-08-21 09:12:53,product_page
session_3803,Tablet,USA,Google,0,1,2025-08-01 13:03:41,product_page
session_3804,Tablet,Canada,Google,0,1,2025-02-19 14:29:53,product_page
session_3805,Desktop,USA,Direct,0,0,2025-05-08 09:36:19,home
session_3806,Tablet,UK,Email,1,4,2025-02-20 06:43:48,confirmation
session_3807,Mobile,India,Social Media,0,1,2025-02-15 16:29:45,product_page
session_3808,Tablet,Germany,Direct,0,0,2025-08-10 08:35:03,home
session_3809,Mobile,Germany,Email,0,1,2025-07-02 23:04:01,product_page
session_381,Mobile,India,Google,0,0,2025-04-04 08:58:57,home
session_3810,Desktop,Australia,Google,0,1,2025-03-16 04:46:51,product_page
session_3811,Mobile,UK,Social Media,0,1,2025-07-23 10:10:06,product_page
session_3812,Mobile,USA,Direct,0,1,2025-07-11 13:05:53,product_page
session_3813,Mobile,France,Email,1,4,2025-03-01 22:06:07,confirmation
session_3814,Tablet,USA,Google,1,4,2025-01-03 13:40:03,confirmation
session_3815,Desktop,Germany,Social Media,0,1,2025-05-23 16:35:13,product_page
session_3816,Tablet,Germany,Google,0,0,2025-08-15 04:24:05,home
session_3817,Desktop,France,Social Media,0,2,2025-07-09 22:24:19,cart
session_3818,Mobile,Australia,Direct,0,1,2025-01-14 11:48:08,product_page
session_3819,Desktop,Canada,Email,1,4,2025-02-06 08:57:25,confirmation
session_382,Tablet,Australia,Google,0,0,2025-03-01 02:08:35,home
session_3820,Mobile,India,Email,0,1,2025-04-05 22:26:12,product_page
session_3821,Tablet,USA,Email,1,4,2025-06-19 01:21:38,confirmation
session_3822,Desktop,USA,Social Media,0,0,2025-01-03 03:26:33,home
session_3823,Mobile,USA,Direct,0,1,2025-03-14 02:07:39,product_page
session_3824,Mobile,USA,Google,0,1,2025-02-25 06:44:22,product_page
session_3825,Desktop,USA,Google,0,1,2025-08-03 11:32:48,product_page
session_3826,Desktop,Australia,Google,0,1,2025-02-27 03:11:04,product_page
session_3827,Mobile,Germany,Direct,0,0,2025-01-05 09:08:28,home
session_3828,Desktop,Australia,Direct,0,1,2025-07-19 13:01:44,product_page
session_3829,Mobile,France,Social Media,0,2,2025-07-25 04:46:29,cart
session_383,Desktop,France,Direct,0,1,2025-04-04 06:39:17,product_page
session_3830,Desktop,France,Email,0,1,2025-04-12 14:32:28,product_page
session_3831,Mobile,Canada,Email,0,2,2025-07-18 08:34:06,cart
session_3832,Mobile,UK,Google,0,2,2025-02-11 17:48:42,cart
session_3833,Mobile,Germany,Email,0,1,2025-05-25 22:30:39,product_page
session_3834,Mobile,Germany,Google,1,4,2025-03-21 05:38:00,confirmation
session_3835,Desktop,Canada,Email,0,1,2025-07-25 21:03:47,product_page
session_3836,Desktop,France,Direct,0,1,2025-01-10 12:33:20,product_page
session_3837,Mobile,USA,Social Media,1,4,2025-01-15 18:42:58,confirmation
session_3838,Mobile,Canada,Direct,0,1,2025-07-24 13:41:20,product_page
session_3839,Tablet,India,Email,0,1,2025-08-02 13:55:27,product_page
session_384,Mobile,UK,Email,0,1,2025-02-28 23:59:10,product_page
session_3840,Tablet,France,Google,0,1,2025-07-23 18:34:53,product_page
session_3841,Mobile,Australia,Social Media,0,2,2025-07-16 07:55:45,cart
session_3842,Tablet,Germany,Email,1,4,2025-01-26 07:16:15,confirmation
session_3843,Tablet,Germany,Social Media,1,4,2025-07-13 16:44:35,confirmation
session_3844,Tablet,UK,Google,0,1,2025-08-15 13:53:23,product_page
session_3845,Tablet,Canada,Direct,0,1,2025-08-26 05:22:34,product_page
session_3846,Desktop,Germany,Google,0,0,2025-03-11 23:52:17,home
session_3847,Tablet,USA,Direct,0,1,2025-08-30 18:20:40,product_page
session_3848,Tablet,India,Social Media,0,1,2025-05-16 13:10:27,product_page
session_3849,Desktop,India,Social Media,1,4,2025-06-28 12:14:39,confirmation
session_385,Tablet,USA,Google,0,1,2025-01-08 12:10:27,product_page
session_3850,Desktop,India,Social Media,1,4,2025-06-09 09:50:21,confirmation
session_3851,Tablet,India,Social Media,1,4,2025-08-06 05:54:44,confirmation
session_3852,Desktop,Canada,Google,0,0,2025-03-17 11:48:17,home
session_3853,Mobile,UK,Email,0,0,2025-07-14 12:44:55,home
session_3854,Mobile,UK,Social Media,0,1,2025-03-23 13:04:44,product_page
session_3855,Mobile,France,Google,0,2,2025-03-30 05:41:29,cart
session_3856,Tablet,India,Social Media,0,0,2025-08-20 12:58:52,home
session_3857,Tablet,UK,Email,0,1,2025-07-21 08:53:27,product_page
session_3858,Tablet,Germany,Google,0,1,2025-05-25 04:30:13,product_page
session_3859,Desktop,USA,Social Media,0,0,2025-05-24 23:32:10,home
session_386,Mobile,Germany,Email,0,1,2025-05-25 10:19:31,product_page
session_3860,Desktop,Australia,Direct,0,0,2025-03-01 16:14:39,home
session_3861,Tablet,Canada,Email,0,1,2025-08-24 07:30:44,product_page
session_3862,Desktop,Australia,Email,0,1,2025-05-23 05:05:08,product_page
session_3863,Desktop,France,Email,1,4,2025-05-16 18:24:15,confirmation
session_3864,Mobile,Australia,Social Media,0,0,2025-02-05 00:30:59,home
session_3865,Tablet,France,Direct,0,1,2025-06-16 06:01:45,product_page
session_3866,Mobile,Germany,Social Media,0,1,2025-06-01 09:09:03,product_page
session_3867,Desktop,USA,Email,1,4,2025-08-28 12:45:37,confirmation
session_3868,Desktop,India,Google,0,1,2025-01-11 00:30:32,product_page
session_3869,Desktop,Germany,Direct,0,1,2025-04-24 11:18:29,product_page
session_387,Mobile,Canada,Direct,0,1,2025-08-30 14:23:54,product_page
session_3870,Desktop,USA,Social Media,0,2,2025-07-19 16:14:23,cart
session_3871,Tablet,UK,Direct,0,2,2025-04-09 21:27:29,cart
session_3872,Desktop,UK,Email,0,2,2025-07-02 19:51:57,cart
session_3873,Mobile,USA,Google,1,4,2025-05-13 09:55:04,confirmation
session_3874,Mobile,India,Direct,0,1,2025-05-14 13:47:19,product_page
session_3875,Mobile,India,Direct,1,4,2025-03-27 21:28:05,confirmation
session_3876,Tablet,India,Social Media,1,4,2025-06-14 17:57:31,confirmation
session_3877,Mobile,Germany,Email,0,3,2025-04-12 10:26:03,checkout
session_3878,Tablet,UK,Direct,0,1,2025-01-13 08:06:35,product_page
session_3879,Desktop,France,Direct,0,1,2025-05-07 19:48:33,product_page
session_388,Desktop,France,Email,1,4,2025-08-17 05:44:34,confirmation
session_3880,Desktop,UK,Email,0,1,2025-03-04 11:38:59,product_page
session_3881,Mobile,UK,Email,0,0,2025-01-19 00:53:45,home
session_3882,Tablet,Canada,Direct,1,4,2025-02-06 20:29:31,confirmation
session_3883,Tablet,Canada,Direct,0,0,2025-05-29 21:43:53,home
session_3884,Mobile,France,Email,0,0,2025-03-21 19:39:19,home
session_3885,Tablet,Australia,Email,0,1,2025-07-27 08:34:49,product_page
session_3886,Desktop,France,Social Media,1,4,2025-06-25 04:36:42,confirmation
session_3887,Mobile,UK,Email,0,1,2025-07-04 01:06:09,product_page
session_3888,Tablet,Canada,Email,0,1,2025-02-27 14:07:55,product_page
session_3889,Mobile,India,Email,1,4,2025-07-25 23:11:41,confirmation
session_389,Tablet,USA,Email,0,0,2025-07-21 08:32:01,home
session_3890,Tablet,India,Social Media,1,4,2025-08-08 16:22:19,confirmation
session_3891,Desktop,France,Email,0,1,2025-06-05 11:11:51,product_page
session_3892,Desktop,USA,Email,0,1,2025-07-31 05:55:13,product_page
session_3893,Tablet,Canada,Email,0,1,2025-04-22 16:38:46,product_page
session_3894,Tablet,Australia,Direct,0,1,2025-05-31 23:49:30,product_page
session_3895,Mobile,Canada,Email,1,4,2025-02-16 21:17:52,confirmation
session_3896,Mobile,Canada,Direct,1,4,2025-03-02 03:37:19,confirmation
session_3897,Tablet,Canada,Google,0,1,2025-05-02 22:34:16,product_page
session_3898,Desktop,Germany,Email,0,1,2025-02-24 23:08:33,product_page
session_3899,Tablet,India,Google,0,1,2025-01-07 08:58:32,product_page
session_39,Desktop,India,Google,1,4,2025-05-30 00:12:04,confirmation
session_390,Tablet,UK,Google,1,4,2025-07-18 00:19:15,confirmation
session_3900,Tablet,Australia,Social Media,0,0,2025-08-16 03:48:48,home
session_3901,Mobile,Canada,Social Media,0,1,2025-03-22 00:38:47,product_page
session_3902,Mobile,Germany,Email,0,1,2025-03-14 18:32:54,product_page
session_3903,Tablet,USA,Direct,0,2,2025-02-10 15:08:49,cart
session_3904,Tablet,UK,Google,0,0,2025-06-29 13:08:00,home
session_3905,Mobile,Germany,Direct,0,1,2025-03-16 10:28:50,product_page
session_3906,Mobile,France,Google,1,4,2025-01-02 00:14:53,confirmation
session_3907,Mobile,France,Direct,0,0,2025-08-31 06:58:45,home
session_3908,Tablet,India,Email,0,1,2025-05-16 02:46:08,product_page
session_3909,Tablet,UK,Email,0,2,2025-02-23 23:33:21,cart
session_391,Mobile,USA,Direct,1,4,2025-03-07 20:19:46,confirmation
session_3910,Tablet,Germany,Google,0,1,2025-06-05 14:25:55,product_page
session_3911,Mobile,Germany,Social Media,0,1,2025-01-12 13:52:51,product_page
session_3912,Tablet,Germany,Social Media,0,1,2025-06-24 16:03:50,product_page
session_3913,Tablet,Australia,Social Media,0,1,2025-08-13 19:48:10,product_page
session_3914,Desktop,Canada,Direct,0,0,2025-05-05 23:25:28,home
session_3915,Tablet,Australia,Google,0,1,2025-06-19 04:27:33,product_page
session_3916,Desktop,Canada,Email,0,1,2025-02-24 17:40:28,product_page
session_3917,Desktop,USA,Social Media,1,4,2025-06-29 21:15:37,confirmation
session_3918,Mobile,USA,Direct,0,1,2025-02-13 10:24:39,product_page
session_3919,Desktop,Australia,Social Media,0,0,2025-07-07 00:16:52,home
session_392,Desktop,USA,Email,0,1,2025-03-11 05:37:55,product_page
session_3920,Tablet,USA,Google,1,4,2025-05-22 17:56:45,confirmation
session_3921,Tablet,Canada,Google,0,2,2025-06-14 08:46:56,cart
session_3922,Mobile,Australia,Direct,0,0,2025-02-19 13:33:15,home
session_3923,Desktop,Australia,Direct,0,1,2025-03-04 22:28:59,product_page
session_3924,Mobile,Australia,Social Media,0,1,2025-05-15 23:09:11,product_page
session_3925,Mobile,France,Social Media,0,1,2025-03-03 09:33:12,product_page
session_3926,Tablet,Germany,Social Media,0,0,2025-07-19 16:40:15,home
session_3927,Mobile,Canada,Social Media,0,1,2025-03-02 02:32:59,product_page
session_3928,Tablet,India,Email,0,1,2025-04-08 03:16:10,product_page
session_3929,Desktop,USA,Google,0,1,2025-02-09 14:01:04,product_page
session_393,Mobile,Australia,Direct,0,1,2025-07-05 08:30:23,product_page
session_3930,Tablet,Germany,Google,0,0,2025-07-04 11:58:51,home
session_3931,Mobile,India,Google,1,4,2025-06-29 17:30:45,confirmation
session_3932,Tablet,Canada,Email,0,1,2025-02-17 10:14:23,product_page
session_3933,Mobile,India,Email,0,1,2025-02-02 00:25:35,product_page
session_3934,Mobile,Canada,Google,0,1,2025-05-31 14:02:39,product_page
session_3935,Tablet,Australia,Social Media,0,1,2025-02-24 23:18:43,product_page
session_3936,Tablet,India,Direct,0,1,2025-04-28 06:12:43,product_page
session_3937,Desktop,UK,Email,0,1,2025-08-26 20:01:55,product_page
session_3938,Desktop,USA,Direct,1,4,2025-08-19 17:27:16,confirmation
session_3939,Mobile,France,Email,0,2,2025-03-21 10:37:34,cart
session_394,Desktop,UK,Social Media,0,2,2025-08-04 10:04:17,cart
session_3940,Desktop,Germany,Email,0,1,2025-07-22 19:43:57,product_page
session_3941,Desktop,Germany,Email,0,1,2025-03-09 22:24:58,product_page
session_3942,Desktop,UK,Email,0,2,2025-05-26 19:18:51,cart
session_3943,Mobile,USA,Google,0,1,2025-04-03 21:22:29,product_page
session_3944,Mobile,UK,Email,0,0,2025-03-25 08:17:06,home
session_3945,Desktop,Canada,Social Media,0,2,2025-08-25 22:41:52,cart
session_3946,Mobile,USA,Social Media,1,4,2025-02-21 19:25:05,confirmation
session_3947,Mobile,France,Social Media,0,1,2025-05-17 11:20:38,product_page
session_3948,Desktop,Germany,Google,0,0,2025-04-07 12:46:46,home
session_3949,Desktop,Canada,Direct,1,4,2025-02-07 18:34:19,confirmation
session_395,Desktop,Australia,Google,0,3,2025-08-06 10:27:10,checkout
session_3950,Tablet,Canada,Google,0,1,2025-02-09 09:29:42,product_page
session_3951,Mobile,India,Google,0,1,2025-03-30 03:27:25,product_page
session_3952,Desktop,UK,Google,1,4,2025-04-23 14:45:32,confirmation
session_3953,Mobile,Australia,Email,0,1,2025-05-28 02:20:43,product_page
session_3954,Mobile,USA,Social Media,0,0,2025-01-20 10:11:41,home
session_3955,Desktop,Canada,Direct,1,4,2025-01-21 08:48:05,confirmation
session_3956,Mobile,UK,Social Media,1,4,2025-07-09 18:33:37,confirmation
session_3957,Mobile,USA,Email,1,4,2025-08-17 07:45:53,confirmation
session_3958,Desktop,UK,Email,1,4,2025-01-24 00:20:27,confirmation
session_3959,Desktop,Germany,Social Media,0,1,2025-02-01 19:28:33,product_page
session_396,Desktop,Germany,Direct,0,0,2025-04-10 15:23:04,home
session_3960,Desktop,Australia,Direct,1,4,2025-02-08 11:19:13,confirmation
session_3961,Tablet,Canada,Direct,0,1,2025-06-04 16:23:06,product_page
session_3962,Mobile,Australia,Social Media,0,1,2025-01-23 03:44:47,product_page
session_3963,Desktop,France,Direct,0,0,2025-02-14 23:58:44,home
session_3964,Tablet,Germany,Email,0,0,2025-08-25 19:18:20,home
session_3965,Tablet,USA,Google,0,1,2025-01-02 09:46:03,product_page
session_3966,Desktop,UK,Email,0,1,2025-07-27 21:27:49,product_page
session_3967,Mobile,Canada,Google,0,1,2025-06-16 22:16:09,product_page
session_3968,Tablet,France,Email,0,1,2025-02-13 19:49:01,product_page
session_3969,Tablet,Australia,Email,0,1,2025-01-11 06:20:04,product_page
session_397,Desktop,UK,Direct,0,1,2025-06-16 04:52:30,product_page
session_3970,Tablet,France,Direct,0,1,2025-08-25 08:13:39,product_page
session_3971,Mobile,France,Social Media,0,1,2025-08-03 01:44:55,product_page
session_3972,Tablet,Germany,Social Media,0,0,2025-08-14 03:13:23,home
session_3973,Mobile,France,Social Media,1,4,2025-03-25 21:15:52,confirmation
session_3974,Tablet,USA,Direct,0,1,2025-03-24 23:51:19,product_page
session_3975,Tablet,Germany,Email,0,1,2025-04-03 18:06:25,product_page
session_3976,Mobile,USA,Direct,0,1,2025-01-09 02:32:29,product_page
session_3977,Desktop,Canada,Social Media,0,1,2025-08-06 12:38:49,product_page
session_3978,Desktop,India,Email,1,4,2025-08-19 01:10:36,confirmation
session_3979,Mobile,USA,Email,0,1,2025-04-04 10:44:08,product_page
session_398,Mobile,France,Email,0,0,2025-07-26 10:35:15,home
session_3980,Desktop,India,Social Media,0,0,2025-07-20 18:13:59,home
session_3981,Desktop,UK,Google,0,0,2025-05-11 22:50:34,home
session_3982,Desktop,UK,Email,0,1,2025-05-08 16:10:45,product_page
session_3983,Tablet,France,Social Media,0,1,2025-07-08 17:25:31,product_page
session_3984,Tablet,France,Direct,0,1,2025-08-30 18:56:52,product_page
session_3985,Desktop,Germany,Direct,1,4,2025-07-09 08:02:39,confirmation
session_3986,Tablet,Australia,Social Media,0,1,2025-01-15 09:01:46,product_page
session_3987,Mobile,France,Google,0,1,2025-01-08 16:47:12,product_page
session_3988,Tablet,France,Google,1,4,2025-05-29 13:19:44,confirmation
session_3989,Desktop,USA,Email,0,1,2025-05-12 17:57:05,product_page
session_399,Tablet,UK,Google,0,1,2025-07-21 06:41:00,product_page
session_3990,Desktop,UK,Email,0,2,2025-02-19 19:31:26,cart
session_3991,Desktop,Australia,Email,0,1,2025-05-01 05:45:54,product_page
session_3992,Tablet,Germany,Email,1,4,2025-06-18 10:52:19,confirmation
session_3993,Mobile,Canada,Social Media,0,1,2025-01-27 23:31:21,product_page
session_3994,Mobile,USA,Direct,1,4,2025-03-21 20:38:11,confirmation
session_3995,Desktop,USA,Email,0,1,2025-04-26 13:15:56,product_page
session_3996,Desktop,Canada,Social Media,0,0,2025-08-08 05:08:25,home
session_3997,Mobile,Canada,Social Media,0,1,2025-04-05 21:06:27,product_page
session_3998,Tablet,France,Direct,0,1,2025-08-01 02:35:17,product_page
session_3999,Desktop,Canada,Email,0,1,2025-08-16 08:55:09,product_page
session_4,Desktop,France,Social Media,0,1,2025-04-12 23:58:16,product_page
session_40,Tablet,UK,Direct,0,3,2025-02-18 11:25:39,checkout
session_400,Tablet,Canada,Google,0,1,2025-04-12 01:34:19,product_page
session_4000,Mobile,Germany,Google,0,0,2025-02-06 02:01:45,home
session_4001,Tablet,Germany,Google,0,0,2025-05-22 06:16:06,home
session_4002,Mobile,France,Google,0,1,2025-05-22 09:00:30,product_page
session_4003,Mobile,UK,Social Media,0,1,2025-02-03 01:58:11,product_page
session_4004,Tablet,India,Email,1,4,2025-06-20 04:16:10,confirmation
session_4005,Tablet,Germany,Google,0,0,2025-04-25 03:18:43,home
session_4006,Desktop,France,Email,0,3,2025-02-25 21:45:05,checkout
session_4007,Mobile,Germany,Direct,1,4,2025-02-28 15:34:45,confirmation
session_4008,Desktop,USA,Email,0,1,2025-01-08 05:10:22,product_page
session_4009,Mobile,India,Direct,0,1,2025-07-05 08:14:42,product_page
session_401,Tablet,UK,Direct,1,4,2025-03-16 07:23:28,confirmation
session_4010,Mobile,Germany,Email,0,2,2025-01-09 01:23:02,cart
session_4011,Tablet,USA,Email,0,0,2025-02-07 09:16:56,home
session_4012,Tablet,Germany,Direct,0,1,2025-02-26 11:09:54,product_page
session_4013,Mobile,France,Email,0,0,2025-06-02 12:17:04,home
session_4014,Tablet,France,Direct,1,4,2025-04-15 10:33:19,confirmation
session_4015,Tablet,Germany,Google,0,1,2025-02-17 23:39:02,product_page
session_4016,Desktop,Germany,Direct,0,0,2025-01-13 09:08:30,home
session_4017,Mobile,UK,Email,0,1,2025-05-18 16:14:26,product_page
session_4018,Desktop,USA,Social Media,0,0,2025-03-16 21:42:39,home
session_4019,Mobile,Germany,Email,0,1,2025-05-12 10:57:42,product_page
session_402,Tablet,India,Google,1,4,2025-08-04 00:29:13,confirmation
session_4020,Tablet,USA,Direct,0,1,2025-05-13 09:22:55,product_page
session_4021,Desktop,India,Social Media,0,1,2025-04-02 10:40:45,product_page
session_4022,Mobile,Germany,Email,0,1,2025-03-31 00:52:01,product_page
session_4023,Desktop,USA,Direct,1,4,2025-03-29 23:14:25,confirmation
session_4024,Mobile,USA,Direct,1,4,2025-08-07 08:09:22,confirmation
session_4025,Tablet,France,Direct,1,4,2025-01-16 03:42:53,confirmation
session_4026,Tablet,USA,Direct,1,4,2025-07-25 15:39:18,confirmation
session_4027,Desktop,UK,Email,0,1,2025-06-13 12:31:55,product_page
session_4028,Desktop,India,Social Media,0,1,2025-08-25 02:46:01,product_page
session_4029,Tablet,France,Email,0,1,2025-07-28 00:49:45,product_page
session_403,Desktop,Germany,Google,0,2,2025-07-06 20:06:01,cart
session_4030,Mobile,India,Email,1,4,2025-02-09 16:01:41,confirmation
session_4031,Tablet,India,Email,0,1,2025-03-20 06:32:23,product_page
session_4032,Mobile,India,Social Media,0,1,2025-06-09 01:24:59,product_page
session_4033,Desktop,France,Direct,0,0,2025-03-08 22:09:15,home
session_4034,Tablet,USA,Social Media,0,1,2025-08-09 14:46:44,product_page
session_4035,Mobile,Germany,Google,1,4,2025-04-14 03:15:57,confirmation
session_4036,Mobile,Canada,Email,0,1,2025-01-10 20:12:28,product_page
session_4037,Tablet,Canada,Google,0,1,2025-07-02 01:45:14,product_page
session_4038,Mobile,USA,Direct,0,2,2025-02-23 13:56:00,cart
session_4039,Mobile,Australia,Email,0,1,2025-07-03 13:50:07,product_page
session_404,Tablet,France,Google,0,1,2025-08-28 01:30:54,product_page
session_4040,Mobile,UK,Email,0,1,2025-04-06 02:05:28,product_page
session_4041,Tablet,USA,Email,1,4,2025-05-18 20:06:05,confirmation
session_4042,Mobile,Canada,Direct,1,4,2025-02-17 15:24:55,confirmation
session_4043,Mobile,UK,Direct,1,4,2025-06-03 13:52:45,confirmation
session_4044,Mobile,Canada,Email,1,4,2025-02-18 05:55:54,confirmation
session_4045,Tablet,Australia,Email,0,1,2025-04-30 15:57:07,product_page
session_4046,Tablet,USA,Email,0,1,2025-05-12 02:52:51,product_page
session_4047,Mobile,France,Email,0,1,2025-08-21 10:53:12,product_page
session_4048,Mobile,USA,Email,0,2,2025-03-28 08:09:25,cart
session_4049,Desktop,Canada,Google,0,0,2025-07-10 14:03:26,home
session_405,Desktop,USA,Social Media,0,1,2025-03-29 14:09:03,product_page
session_4050,Mobile,France,Social Media,1,4,2025-03-12 16:07:02,confirmation
session_4051,Mobile,USA,Direct,0,1,2025-05-12 05:12:43,product_page
session_4052,Desktop,UK,Google,0,0,2025-01-27 11:43:19,home
session_4053,Tablet,France,Direct,1,4,2025-07-19 20:59:42,confirmation
session_4054,Mobile,India,Google,0,0,2025-05-27 22:56:03,home
session_4055,Mobile,India,Google,0,1,2025-04-01 23:58:24,product_page
session_4056,Desktop,India,Email,1,4,2025-04-04 14:14:26,confirmation
session_4057,Mobile,India,Direct,0,0,2025-03-26 06:31:21,home
session_4058,Mobile,France,Email,0,1,2025-07-25 01:18:41,product_page
session_4059,Mobile,Germany,Google,0,1,2025-01-01 05:13:22,product_page
session_406,Tablet,France,Social Media,0,1,2025-07-14 05:01:17,product_page
session_4060,Tablet,UK,Direct,0,1,2025-01-22 20:42:34,product_page
session_4061,Tablet,India,Social Media,0,2,2025-01-23 22:39:33,cart
session_4062,Tablet,India,Google,0,1,2025-07-28 00:28:46,product_page
session_4063,Mobile,India,Email,0,1,2025-04-27 17:12:19,product_page
session_4064,Desktop,Australia,Google,1,4,2025-06-10 02:53:32,confirmation
session_4065,Mobile,Canada,Direct,0,1,2025-01-16 12:54:40,product_page
session_4066,Desktop,France,Direct,0,0,2025-06-19 02:47:52,home
session_4067,Desktop,UK,Direct,0,1,2025-06-11 04:04:28,product_page
session_4068,Mobile,Australia,Social Media,0,0,2025-03-02 20:21:10,home
session_4069,Mobile,India,Direct,0,1,2025-07-01 21:02:29,product_page
session_407,Desktop,Germany,Email,1,4,2025-06-15 04:34:55,confirmation
session_4070,Mobile,India,Direct,1,4,2025-01-07 13:54:40,confirmation
session_4071,Tablet,Canada,Google,0,0,2025-05-31 05:28:19,home
session_4072,Mobile,India,Google,0,0,2025-02-23 15:48:06,home
session_4073,Desktop,Australia,Direct,0,0,2025-08-19 22:20:28,home
session_4074,Desktop,Germany,Social Media,1,4,2025-06-15 01:56:12,confirmation
session_4075,Tablet,India,Google,0,2,2025-05-03 20:31:47,cart
session_4076,Desktop,UK,Direct,0,1,2025-04-21 13:56:12,product_page
session_4077,Tablet,UK,Direct,0,1,2025-06-29 20:35:48,product_page
session_4078,Tablet,India,Email,0,2,2025-01-08 21:57:42,cart
session_4079,Desktop,Canada,Direct,0,1,2025-08-13 09:13:49,product_page
session_408,Mobile,India,Google,0,0,2025-02-27 07:51:15,home
session_4080,Mobile,Canada,Direct,1,4,2025-03-23 11:50:46,confirmation
session_4081,Desktop,Canada,Direct,0,0,2025-06-01 20:31:11,home
session_4082,Desktop,France,Email,0,1,2025-02-22 13:37:25,product_page
session_4083,Desktop,Germany,Google,0,1,2025-06-24 07:14:28,product_page
session_4084,Tablet,India,Social Media,0,1,2025-04-05 19:35:26,product_page
session_4085,Tablet,France,Google,1,4,2025-05-15 11:05:31,confirmation
session_4086,Tablet,Germany,Social Media,1,4,2025-08-18 16:01:05,confirmation
session_4087,Tablet,India,Direct,0,0,2025-03-08 12:43:22,home
session_4088,Desktop,Canada,Google,0,1,2025-07-28 08:31:31,product_page
session_4089,Mobile,Australia,Direct,0,1,2025-02-27 14:53:58,product_page
session_409,Tablet,USA,Social Media,0,1,2025-08-12 18:25:24,product_page
session_4090,Tablet,India,Google,0,0,2025-04-17 11:41:09,home
session_4091,Mobile,France,Social Media,0,1,2025-08-07 17:18:31,product_page
session_4092,Desktop,India,Google,0,2,2025-07-17 06:55:14,cart
session_4093,Tablet,France,Email,0,1,2025-08-11 03:13:05,product_page
session_4094,Mobile,UK,Google,0,1,2025-01-20 23:17:58,product_page
session_4095,Desktop,France,Direct,0,1,2025-03-30 21:06:20,product_page
session_4096,Desktop,Canada,Social Media,0,1,2025-08-11 15:57:11,product_page
session_4097,Mobile,Canada,Email,0,1,2025-02-06 02:46:31,product_page
session_4098,Mobile,Germany,Direct,0,2,2025-06-25 00:51:40,cart
session_4099,Tablet,UK,Social Media,0,0,2025-01-20 04:49:41,home
session_41,Desktop,India,Social Media,0,0,2025-05-21 01:00:06,home
session_410,Tablet,Canada,Direct,0,1,2025-03-01 11:30:43,product_page
session_4100,Mobile,Australia,Email,0,2,2025-01-24 15:05:24,cart
session_4101,Mobile,Australia,Direct,0,1,2025-02-27 18:17:29,product_page
session_4102,Mobile,Canada,Email,0,1,2025-02-26 15:46:07,product_page
session_4103,Desktop,Australia,Social Media,1,4,2025-01-23 04:19:11,confirmation
session_4104,Desktop,France,Social Media,0,0,2025-08-27 18:28:16,home
session_4105,Desktop,Australia,Direct,0,1,2025-03-04 06:15:49,product_page
session_4106,Tablet,India,Social Media,0,0,2025-02-08 07:44:45,home
session_4107,Tablet,USA,Direct,1,4,2025-06-21 21:50:32,confirmation
session_4108,Desktop,Germany,Social Media,0,1,2025-08-28 06:29:42,product_page
session_4109,Tablet,USA,Email,1,4,2025-02-25 18:24:08,confirmation
session_411,Tablet,Australia,Email,0,1,2025-01-24 06:36:27,product_page
session_4110,Tablet,Australia,Social Media,1,4,2025-05-22 16:42:37,confirmation
session_4111,Mobile,India,Google,1,4,2025-07-06 22:26:07,confirmation
session_4112,Mobile,Canada,Google,0,0,2025-02-13 18:37:56,home
session_4113,Mobile,India,Direct,0,1,2025-02-14 22:17:34,product_page
session_4114,Tablet,Canada,Email,1,4,2025-07-07 00:58:19,confirmation
session_4115,Tablet,USA,Direct,1,4,2025-03-04 06:46:38,confirmation
session_4116,Mobile,Germany,Email,0,1,2025-08-13 00:24:25,product_page
session_4117,Mobile,USA,Direct,0,2,2025-06-16 13:44:48,cart
session_4118,Desktop,France,Direct,0,0,2025-08-14 10:59:49,home
session_4119,Tablet,Germany,Email,0,1,2025-01-17 01:52:16,product_page
session_412,Tablet,USA,Social Media,0,1,2025-04-02 17:07:13,product_page
session_4120,Mobile,Australia,Google,0,0,2025-07-26 06:40:16,home
session_4121,Desktop,USA,Social Media,0,0,2025-03-05 11:50:17,home
session_4122,Tablet,Germany,Direct,0,2,2025-02-22 03:38:42,cart
session_4123,Mobile,Australia,Direct,0,1,2025-02-23 10:16:25,product_page
session_4124,Mobile,UK,Email,0,1,2025-05-31 19:05:21,product_page
session_4125,Desktop,India,Google,0,1,2025-03-27 17:53:51,product_page
session_4126,Mobile,USA,Direct,0,1,2025-03-27 17:35:43,product_page
session_4127,Tablet,Australia,Direct,0,3,2025-07-01 12:07:05,checkout
session_4128,Tablet,Germany,Social Media,1,4,2025-05-04 16:04:04,confirmation
session_4129,Tablet,Canada,Email,1,4,2025-08-04 07:41:27,confirmation
session_413,Mobile,Canada,Email,0,1,2025-01-14 02:59:40,product_page
session_4130,Tablet,Canada,Social Media,0,1,2025-01-09 05:37:07,product_page
session_4131,Tablet,Australia,Direct,0,1,2025-06-30 20:56:16,product_page
session_4132,Tablet,Germany,Email,0,1,2025-06-11 14:27:02,product_page
session_4133,Tablet,UK,Direct,1,4,2025-05-09 15:25:11,confirmation
session_4134,Desktop,Australia,Google,0,1,2025-01-22 22:16:11,product_page
session_4135,Desktop,Australia,Direct,1,4,2025-05-14 08:16:01,confirmation
session_4136,Desktop,Australia,Direct,0,1,2025-02-26 19:44:41,product_page
session_4137,Desktop,India,Google,0,0,2025-02-19 07:16:10,home
session_4138,Desktop,India,Email,1,4,2025-01-14 00:55:15,confirmation
session_4139,Tablet,France,Social Media,0,1,2025-08-13 10:41:18,product_page
session_414,Desktop,Australia,Google,1,4,2025-01-18 17:35:41,confirmation
session_4140,Tablet,Germany,Direct,0,2,2025-04-05 10:21:17,cart
session_4141,Mobile,India,Social Media,0,1,2025-02-21 22:22:07,product_page
session_4142,Mobile,UK,Direct,0,1,2025-05-11 06:12:31,product_page
session_4143,Desktop,France,Email,0,1,2025-06-17 11:32:01,product_page
session_4144,Mobile,France,Google,0,1,2025-04-24 08:29:54,product_page
session_4145,Mobile,France,Email,1,4,2025-01-15 00:17:09,confirmation
session_4146,Tablet,UK,Google,1,4,2025-02-05 05:41:14,confirmation
session_4147,Desktop,Germany,Direct,0,2,2025-02-26 00:26:24,cart
session_4148,Tablet,France,Google,0,0,2025-05-06 19:15:18,home
session_4149,Desktop,Canada,Direct,0,0,2025-07-20 20:00:19,home
session_415,Tablet,France,Email,0,2,2025-05-10 22:22:19,cart
session_4150,Mobile,UK,Email,0,1,2025-06-12 08:00:54,product_page
session_4151,Desktop,India,Google,0,0,2025-04-20 02:39:17,home
session_4152,Desktop,Australia,Email,0,1,2025-07-19 21:46:06,product_page
session_4153,Desktop,USA,Google,0,1,2025-04-07 06:57:02,product_page
session_4154,Tablet,USA,Email,0,1,2025-02-25 06:41:40,product_page
session_4155,Desktop,Australia,Google,0,0,2025-04-28 11:35:45,home
session_4156,Tablet,Canada,Email,0,0,2025-03-06 10:19:27,home
session_4157,Tablet,Germany,Google,0,1,2025-01-03 17:06:43,product_page
session_4158,Mobile,India,Social Media,0,1,2025-07-16 19:42:17,product_page
session_4159,Tablet,USA,Direct,0,2,2025-05-01 05:45:30,cart
session_416,Desktop,Australia,Direct,1,4,2025-04-30 05:33:32,confirmation
session_4160,Desktop,USA,Direct,0,1,2025-07-16 12:38:34,product_page
session_4161,Desktop,India,Direct,0,1,2025-08-30 21:47:18,product_page
session_4162,Mobile,Canada,Social Media,0,0,2025-07-26 17:22:21,home
session_4163,Tablet,India,Direct,0,1,2025-07-12 04:02:24,product_page
session_4164,Desktop,Australia,Social Media,0,1,2025-05-11 01:54:11,product_page
session_4165,Tablet,UK,Social Media,0,0,2025-08-21 07:36:24,home
session_4166,Tablet,UK,Social Media,0,1,2025-06-04 19:05:50,product_page
session_4167,Desktop,Canada,Email,0,1,2025-05-21 16:32:42,product_page
session_4168,Mobile,USA,Social Media,0,1,2025-07-04 18:51:21,product_page
session_4169,Tablet,UK,Social Media,1,4,2025-07-22 01:10:29,confirmation
session_417,Mobile,Canada,Direct,0,1,2025-08-15 00:46:34,product_page
session_4170,Desktop,Australia,Direct,1,4,2025-06-13 05:38:22,confirmation
session_4171,Tablet,Canada,Email,0,2,2025-03-09 22:00:04,cart
session_4172,Desktop,Germany,Google,1,4,2025-04-06 00:47:52,confirmation
session_4173,Mobile,UK,Google,1,4,2025-03-01 22:19:38,confirmation
session_4174,Tablet,India,Google,0,1,2025-03-08 22:20:01,product_page
session_4175,Tablet,Canada,Direct,0,1,2025-02-24 04:34:48,product_page
session_4176,Desktop,Canada,Email,0,2,2025-03-12 18:02:58,cart
session_4177,Tablet,UK,Direct,0,1,2025-05-24 02:37:12,product_page
session_4178,Tablet,France,Direct,0,1,2025-05-29 00:45:56,product_page
session_4179,Desktop,UK,Email,0,0,2025-03-29 12:42:45,home
session_418,Mobile,USA,Social Media,0,1,2025-01-23 20:36:40,product_page
session_4180,Mobile,USA,Direct,0,0,2025-02-01 17:55:33,home
session_4181,Mobile,Canada,Social Media,0,2,2025-07-03 19:13:57,cart
session_4182,Tablet,France,Social Media,0,2,2025-01-25 00:20:12,cart
session_4183,Desktop,Canada,Social Media,1,4,2025-05-24 15:39:34,confirmation
session_4184,Tablet,Australia,Social Media,0,0,2025-08-09 02:52:44,home
session_4185,Tablet,USA,Google,0,1,2025-07-25 14:41:52,product_page
session_4186,Desktop,Canada,Google,0,1,2025-01-08 08:20:45,product_page
session_4187,Mobile,USA,Email,0,0,2025-01-08 22:25:45,home
session_4188,Tablet,USA,Email,0,1,2025-03-06 23:56:56,product_page
session_4189,Tablet,Australia,Email,0,1,2025-05-21 14:41:08,product_page
session_419,Mobile,UK,Email,1,4,2025-06-18 20:14:20,confirmation
session_4190,Tablet,UK,Social Media,1,4,2025-01-31 16:54:01,confirmation
session_4191,Tablet,UK,Social Media,0,1,2025-03-05 19:39:18,product_page
session_4192,Tablet,France,Email,0,1,2025-08-13 07:17:08,product_page
session_4193,Mobile,Australia,Social Media,0,1,2025-04-04 22:42:04,product_page
session_4194,Tablet,UK,Google,0,0,2025-07-02 13:45:32,home
session_4195,Tablet,Germany,Google,0,1,2025-04-18 23:45:29,product_page
session_4196,Tablet,UK,Social Media,0,2,2025-03-30 19:18:06,cart
session_4197,Desktop,UK,Email,0,0,2025-02-25 22:18:27,home
session_4198,Tablet,India,Social Media,0,1,2025-07-24 10:03:18,product_page
session_4199,Mobile,USA,Email,0,1,2025-03-03 02:50:21,product_page
session_42,Desktop,Australia,Social Media,0,0,2025-04-05 02:30:40,home
session_420,Desktop,France,Email,0,1,2025-05-01 00:52:44,product_page
session_4200,Tablet,India,Email,0,0,2025-06-09 23:59:13,home
session_4201,Tablet,USA,Direct,0,1,2025-01-17 12:27:25,product_page
session_4202,Tablet,Australia,Email,1,4,2025-04-17 08:16:50,confirmation
session_4203,Tablet,Canada,Google,1,4,2025-02-01 07:55:16,confirmation
session_4204,Mobile,Canada,Email,1,4,2025-05-01 21:51:13,confirmation
session_4205,Mobile,USA,Google,0,0,2025-07-26 12:15:09,home
session_4206,Tablet,Canada,Direct,0,1,2025-04-06 22:05:00,product_page
session_4207,Desktop,USA,Google,0,1,2025-08-05 13:10:10,product_page
session_4208,Desktop,Germany,Direct,0,1,2025-03-22 06:17:05,product_page
session_4209,Tablet,UK,Social Media,0,1,2025-07-11 00:12:03,product_page
session_421,Desktop,France,Email,0,0,2025-02-12 03:32:48,home
session_4210,Tablet,France,Email,0,0,2025-08-07 17:12:41,home
session_4211,Tablet,India,Direct,0,1,2025-01-28 14:56:21,product_page
session_4212,Mobile,Australia,Direct,0,1,2025-04-01 09:03:10,product_page
session_4213,Desktop,Australia,Social Media,0,0,2025-08-20 19:05:42,home
session_4214,Desktop,France,Google,0,1,2025-03-24 13:00:33,product_page
session_4215,Tablet,USA,Direct,0,1,2025-04-19 04:59:30,product_page
session_4216,Desktop,UK,Email,0,1,2025-01-21 08:12:42,product_page
session_4217,Tablet,France,Direct,0,1,2025-08-30 20:45:24,product_page
session_4218,Mobile,Germany,Social Media,0,0,2025-05-07 13:55:01,home
session_4219,Tablet,Germany,Direct,1,4,2025-06-23 23:57:40,confirmation
session_422,Mobile,Germany,Direct,0,1,2025-07-02 01:49:52,product_page
session_4220,Tablet,Australia,Google,1,4,2025-07-23 00:03:20,confirmation
session_4221,Mobile,India,Social Media,0,1,2025-06-25 12:17:35,product_page
session_4222,Mobile,UK,Email,0,1,2025-05-19 20:42:26,product_page
session_4223,Mobile,Germany,Email,0,1,2025-03-18 17:15:46,product_page
session_4224,Mobile,India,Email,0,2,2025-06-17 04:03:51,cart
session_4225,Desktop,UK,Email,0,0,2025-03-16 11:34:27,home
session_4226,Desktop,France,Google,0,1,2025-01-04 17:25:35,product_page
session_4227,Mobile,UK,Google,1,4,2025-02-28 00:21:56,confirmation
session_4228,Mobile,USA,Social Media,0,0,2025-08-05 22:38:05,home
session_4229,Desktop,Australia,Direct,0,1,2025-06-27 22:51:57,product_page
session_423,Tablet,UK,Email,0,1,2025-03-05 19:54:18,product_page
session_4230,Mobile,Canada,Social Media,0,1,2025-01-25 00:24:12,product_page
session_4231,Mobile,India,Email,0,2,2025-03-01 18:30:26,cart
session_4232,Tablet,Canada,Email,0,1,2025-04-01 08:53:57,product_page
session_4233,Mobile,Germany,Email,0,0,2025-07-08 19:58:49,home
session_4234,Mobile,Germany,Social Media,0,1,2025-04-26 16:44:51,product_page
session_4235,Mobile,Australia,Email,0,1,2025-04-16 21:05:49,product_page
session_4236,Mobile,France,Direct,1,4,2025-02-08 21:11:10,confirmation
session_4237,Tablet,UK,Google,0,2,2025-05-02 17:00:55,cart
session_4238,Desktop,Germany,Social Media,1,4,2025-06-16 16:14:26,confirmation
session_4239,Tablet,Canada,Email,0,0,2025-06-09 10:40:52,home
session_424,Tablet,UK,Social Media,0,0,2025-08-29 16:15:24,home
session_4240,Mobile,India,Google,1,4,2025-05-14 13:10:36,confirmation
session_4241,Mobile,Germany,Email,0,1,2025-05-27 13:11:04,product_page
session_4242,Desktop,UK,Direct,0,1,2025-03-06 07:13:10,product_page
session_4243,Desktop,Germany,Social Media,0,1,2025-01-13 12:50:06,product_page
session_4244,Mobile,India,Email,0,1,2025-08-17 19:32:40,product_page
session_4245,Tablet,India,Social Media,0,1,2025-01-05 10:29:33,product_page
session_4246,Mobile,Germany,Email,0,0,2025-04-30 20:19:57,home
session_4247,Desktop,India,Google,0,1,2025-01-07 17:28:20,product_page
session_4248,Desktop,France,Direct,1,4,2025-06-01 17:22:44,confirmation
session_4249,Tablet,UK,Email,1,4,2025-01-28 15:39:45,confirmation
session_425,Tablet,France,Email,0,2,2025-08-15 07:53:16,cart
session_4250,Tablet,USA,Google,1,4,2025-01-24 01:53:45,confirmation
session_4251,Desktop,USA,Google,0,0,2025-06-22 18:18:22,home
session_4252,Mobile,Australia,Google,1,4,2025-06-05 06:07:11,confirmation
session_4253,Tablet,India,Google,0,0,2025-04-12 11:50:09,home
session_4254,Mobile,India,Social Media,0,1,2025-01-23 15:27:35,product_page
session_4255,Desktop,Germany,Social Media,0,1,2025-04-01 05:15:45,product_page
session_4256,Tablet,Canada,Social Media,1,4,2025-06-19 17:11:48,confirmation
session_4257,Mobile,India,Direct,0,0,2025-02-09 06:01:50,home
session_4258,Desktop,India,Direct,0,1,2025-01-19 16:53:16,product_page
session_4259,Mobile,UK,Google,1,4,2025-08-26 01:46:46,confirmation
session_426,Desktop,Germany,Direct,0,0,2025-05-03 11:04:50,home
session_4260,Mobile,Australia,Social Media,0,1,2025-04-23 14:47:07,product_page
session_4261,Desktop,France,Direct,0,1,2025-08-27 13:40:46,product_page
session_4262,Tablet,Australia,Social Media,0,1,2025-01-23 00:28:54,product_page
session_4263,Desktop,Australia,Google,0,1,2025-02-17 07:58:56,product_page
session_4264,Desktop,Germany,Email,1,4,2025-06-26 10:25:30,confirmation
session_4265,Desktop,France,Social Media,0,0,2025-07-06 21:02:37,home
session_4266,Desktop,Australia,Social Media,1,4,2025-05-09 21:20:58,confirmation
session_4267,Mobile,India,Google,0,1,2025-05-14 01:37:31,product_page
session_4268,Mobile,India,Email,0,1,2025-06-28 16:26:53,product_page
session_4269,Desktop,Australia,Social Media,0,0,2025-04-25 03:47:37,home
session_427,Desktop,Australia,Social Media,0,1,2025-08-01 23:46:04,product_page
session_4270,Tablet,UK,Email,0,0,2025-06-08 11:09:15,home
session_4271,Desktop,Canada,Email,0,1,2025-01-27 11:09:08,product_page
session_4272,Desktop,UK,Social Media,0,1,2025-06-18 11:56:32,product_page
session_4273,Desktop,Australia,Email,0,0,2025-08-06 20:55:12,home
session_4274,Tablet,USA,Social Media,0,1,2025-02-01 18:12:18,product_page
session_4275,Tablet,UK,Social Media,0,1,2025-02-17 23:09:17,product_page
session_4276,Tablet,India,Google,0,0,2025-03-18 15:25:50,home
session_4277,Desktop,India,Google,1,4,2025-07-19 15:31:33,confirmation
session_4278,Desktop,Canada,Direct,1,4,2025-04-29 16:56:30,confirmation
session_4279,Desktop,Germany,Email,0,1,2025-04-05 10:26:47,product_page
session_428,Mobile,Germany,Email,0,3,2025-08-06 10:34:25,checkout
session_4280,Desktop,France,Google,1,4,2025-06-22 09:03:16,confirmation
session_4281,Desktop,Germany,Google,1,4,2025-02-11 18:02:49,confirmation
session_4282,Mobile,Germany,Social Media,0,1,2025-06-27 15:03:32,product_page
session_4283,Tablet,India,Direct,0,1,2025-08-05 11:58:57,product_page
session_4284,Desktop,France,Social Media,0,1,2025-07-21 20:34:42,product_page
session_4285,Tablet,USA,Google,1,4,2025-07-09 05:37:41,confirmation
session_4286,Mobile,India,Email,0,1,2025-03-18 01:50:28,product_page
session_4287,Tablet,France,Google,0,1,2025-03-16 18:11:28,product_page
session_4288,Tablet,USA,Email,0,1,2025-01-16 00:12:14,product_page
session_4289,Tablet,UK,Email,1,4,2025-03-05 13:48:40,confirmation
session_429,Tablet,USA,Direct,0,1,2025-01-14 17:12:59,product_page
session_4290,Tablet,India,Social Media,0,1,2025-04-29 00:33:33,product_page
session_4291,Mobile,USA,Email,1,4,2025-08-11 18:38:35,confirmation
session_4292,Mobile,Australia,Direct,1,4,2025-05-07 01:53:56,confirmation
session_4293,Desktop,India,Email,0,2,2025-01-05 00:46:20,cart
session_4294,Desktop,Australia,Email,0,2,2025-07-15 07:53:23,cart
session_4295,Desktop,UK,Google,0,0,2025-04-22 12:50:44,home
session_4296,Desktop,Germany,Social Media,1,4,2025-03-02 14:12:28,confirmation
session_4297,Desktop,France,Social Media,0,1,2025-05-13 09:41:35,product_page
session_4298,Desktop,Germany,Google,0,0,2025-07-08 21:23:29,home
session_4299,Desktop,USA,Google,0,1,2025-06-07 02:55:15,product_page
session_43,Desktop,UK,Google,0,1,2025-05-04 23:24:28,product_page
session_430,Tablet,Germany,Google,1,4,2025-03-30 18:43:55,confirmation
session_4300,Mobile,UK,Social Media,0,0,2025-06-23 21:41:22,home
session_4301,Mobile,France,Social Media,0,1,2025-03-09 04:00:53,product_page
session_4302,Mobile,USA,Social Media,0,3,2025-03-26 17:28:08,checkout
session_4303,Mobile,UK,Direct,0,0,2025-06-05 17:01:35,home
session_4304,Mobile,France,Social Media,0,1,2025-03-13 07:29:56,product_page
session_4305,Desktop,India,Email,0,2,2025-02-24 04:53:13,cart
session_4306,Mobile,Germany,Email,1,4,2025-05-07 14:57:09,confirmation
session_4307,Mobile,France,Direct,1,4,2025-01-21 19:03:25,confirmation
session_4308,Mobile,India,Social Media,0,1,2025-06-05 18:12:05,product_page
session_4309,Desktop,Canada,Google,0,3,2025-01-17 16:59:56,checkout
session_431,Mobile,USA,Social Media,0,0,2025-01-09 09:01:10,home
session_4310,Mobile,UK,Email,0,1,2025-01-19 18:49:49,product_page
session_4311,Desktop,France,Google,1,4,2025-05-22 15:12:06,confirmation
session_4312,Tablet,Germany,Google,0,0,2025-03-27 06:52:32,home
session_4313,Mobile,France,Email,0,1,2025-05-03 11:00:50,product_page
session_4314,Mobile,France,Direct,0,1,2025-04-16 05:09:44,product_page
session_4315,Tablet,Germany,Google,1,4,2025-02-17 17:55:32,confirmation
session_4316,Desktop,India,Social Media,0,1,2025-02-07 00:48:36,product_page
session_4317,Tablet,UK,Google,1,4,2025-05-07 11:35:31,confirmation
session_4318,Desktop,Australia,Google,1,4,2025-02-03 17:42:33,confirmation
session_4319,Desktop,Australia,Email,0,2,2025-08-02 15:19:07,cart
session_432,Mobile,UK,Google,0,1,2025-08-11 03:28:48,product_page
session_4320,Desktop,Canada,Direct,0,1,2025-04-20 12:43:16,product_page
session_4321,Desktop,France,Email,1,4,2025-07-31 15:42:41,confirmation
session_4322,Tablet,USA,Direct,0,1,2025-04-07 14:09:46,product_page
session_4323,Desktop,Canada,Social Media,1,4,2025-07-22 08:39:37,confirmation
session_4324,Desktop,Germany,Direct,0,1,2025-01-14 13:16:02,product_page
session_4325,Mobile,India,Google,0,1,2025-07-21 03:56:32,product_page
session_4326,Mobile,Germany,Google,0,1,2025-04-29 10:09:11,product_page
session_4327,Tablet,UK,Direct,1,4,2025-05-25 04:30:17,confirmation
session_4328,Desktop,India,Email,1,4,2025-05-20 19:08:07,confirmation
session_4329,Mobile,Germany,Social Media,1,4,2025-08-24 15:37:50,confirmation
session_433,Desktop,USA,Email,0,1,2025-06-16 19:38:57,product_page
session_4330,Mobile,France,Social Media,0,1,2025-06-04 21:20:58,product_page
session_4331,Tablet,Canada,Google,1,4,2025-08-03 17:15:58,confirmation
session_4332,Mobile,France,Social Media,0,0,2025-04-25 10:11:32,home
session_4333,Mobile,Canada,Email,1,4,2025-01-10 10:41:21,confirmation
session_4334,Mobile,Australia,Social Media,1,4,2025-01-22 02:27:50,confirmation
session_4335,Desktop,Australia,Google,0,0,2025-05-07 15:20:29,home
session_4336,Tablet,Australia,Google,0,1,2025-02-12 06:18:24,product_page
session_4337,Tablet,France,Google,0,2,2025-07-02 19:33:46,cart
session_4338,Desktop,Germany,Social Media,0,1,2025-08-12 03:41:45,product_page
session_4339,Desktop,India,Email,0,1,2025-08-22 07:20:06,product_page
session_434,Desktop,Canada,Social Media,0,2,2025-08-27 16:33:49,cart
session_4340,Tablet,Australia,Social Media,0,0,2025-02-09 13:04:20,home
session_4341,Mobile,France,Google,0,1,2025-03-02 10:45:00,product_page
session_4342,Desktop,USA,Email,0,1,2025-08-21 10:01:46,product_page
session_4343,Tablet,USA,Direct,0,1,2025-02-07 06:10:39,product_page
session_4344,Desktop,Germany,Social Media,0,1,2025-07-23 17:03:42,product_page
session_4345,Mobile,USA,Email,0,2,2025-07-03 10:01:34,cart
session_4346,Desktop,Canada,Google,0,0,2025-03-16 04:16:53,home
session_4347,Tablet,Canada,Social Media,1,4,2025-06-14 12:37:04,confirmation
session_4348,Tablet,France,Social Media,0,2,2025-01-10 06:41:02,cart
session_4349,Mobile,France,Social Media,0,1,2025-05-19 10:42:37,product_page
session_435,Desktop,India,Direct,1,4,2025-06-23 12:41:20,confirmation
session_4350,Desktop,Australia,Email,0,1,2025-06-04 08:36:22,product_page
session_4351,Tablet,France,Google,0,1,2025-08-30 14:51:08,product_page
session_4352,Desktop,USA,Google,0,0,2025-02-23 20:39:41,home
session_4353,Desktop,Canada,Email,0,1,2025-06-20 22:35:24,product_page
session_4354,Tablet,Australia,Google,0,1,2025-06-01 06:36:19,product_page
session_4355,Tablet,India,Google,0,1,2025-01-26 12:54:29,product_page
session_4356,Tablet,Canada,Google,0,1,2025-04-26 05:16:21,product_page
session_4357,Mobile,India,Google,0,2,2025-02-05 22:48:23,cart
session_4358,Desktop,UK,Social Media,0,2,2025-06-09 15:59:54,cart
session_4359,Mobile,Australia,Google,0,0,2025-07-30 14:25:14,home
session_436,Mobile,USA,Google,1,4,2025-07-21 05:38:04,confirmation
session_4360,Tablet,USA,Email,0,0,2025-02-17 23:08:39,home
session_4361,Mobile,France,Google,0,0,2025-05-13 21:17:05,home
session_4362,Desktop,Canada,Google,1,4,2025-06-05 23:55:55,confirmation
session_4363,Desktop,UK,Google,1,4,2025-06-26 06:02:44,confirmation
session_4364,Desktop,Australia,Social Media,0,1,2025-02-07 23:30:10,product_page
session_4365,Desktop,Australia,Email,1,4,2025-02-27 00:39:24,confirmation
session_4366,Tablet,Australia,Google,0,1,2025-07-22 22:16:47,product_page
session_4367,Desktop,India,Direct,0,1,2025-08-17 11:05:04,product_page
session_4368,Desktop,USA,Email,0,1,2025-08-11 02:16:46,product_page
session_4369,Mobile,Australia,Email,0,1,2025-01-02 22:19:15,product_page
session_437,Desktop,France,Email,0,1,2025-02-02 00:07:12,product_page
session_4370,Tablet,France,Google,0,1,2025-01-23 07:02:22,product_page
session_4371,Tablet,Australia,Social Media,0,1,2025-04-05 04:38:15,product_page
session_4372,Tablet,UK,Google,0,1,2025-05-23 17:38:41,product_page
session_4373,Desktop,USA,Direct,0,0,2025-08-04 20:56:44,home
session_4374,Desktop,USA,Google,1,4,2025-03-19 09:14:15,confirmation
session_4375,Mobile,France,Google,0,0,2025-07-31 08:16:36,home
session_4376,Desktop,UK,Social Media,1,4,2025-07-09 10:34:57,confirmation
session_4377,Tablet,Australia,Social Media,0,1,2025-08-04 00:49:27,product_page
session_4378,Desktop,Canada,Direct,0,1,2025-02-16 11:46:01,product_page
session_4379,Desktop,UK,Direct,0,1,2025-05-07 08:44:28,product_page
session_438,Mobile,USA,Direct,1,4,2025-06-13 23:35:37,confirmation
session_4380,Mobile,UK,Direct,0,1,2025-03-08 01:42:52,product_page
session_4381,Tablet,UK,Email,0,0,2025-06-23 11:22:46,home
session_4382,Mobile,India,Google,0,1,2025-05-07 01:16:27,product_page
session_4383,Tablet,France,Social Media,0,0,2025-06-20 12:08:38,home
session_4384,Tablet,Australia,Social Media,0,1,2025-02-08 03:17:04,product_page
session_4385,Desktop,Australia,Email,0,1,2025-03-04 11:47:05,product_page
session_4386,Tablet,France,Google,0,1,2025-02-11 09:14:56,product_page
session_4387,Tablet,Germany,Direct,0,1,2025-02-26 22:08:26,product_page
session_4388,Tablet,USA,Direct,0,1,2025-08-22 01:00:48,product_page
session_4389,Tablet,India,Direct,0,1,2025-08-15 11:04:02,product_page
session_439,Tablet,UK,Google,0,1,2025-07-21 08:33:15,product_page
session_4390,Mobile,Germany,Email,0,0,2025-06-08 12:40:08,home
session_4391,Tablet,UK,Social Media,0,1,2025-06-15 12:28:42,product_page
session_4392,Mobile,France,Direct,1,4,2025-05-08 21:47:56,confirmation
session_4393,Tablet,UK,Social Media,1,4,2025-06-20 21:47:19,confirmation
session_4394,Mobile,India,Google,1,4,2025-05-26 06:48:06,confirmation
session_4395,Tablet,India,Email,1,4,2025-06-19 23:09:39,confirmation
session_4396,Desktop,Canada,Direct,0,0,2025-01-02 03:42:25,home
session_4397,Tablet,USA,Social Media,0,0,2025-03-29 23:21:36,home
session_4398,Tablet,India,Direct,0,1,2025-06-16 01:22:15,product_page
session_4399,Desktop,USA,Direct,0,2,2025-03-03 19:50:27,cart
session_44,Desktop,Australia,Email,0,0,2025-03-10 08:18:17,home
session_440,Desktop,Germany,Social Media,0,3,2025-08-14 04:24:35,checkout
session_4400,Mobile,India,Social Media,1,4,2025-07-19 11:02:45,confirmation
session_4401,Mobile,Canada,Google,0,1,2025-05-09 02:04:26,product_page
session_4402,Mobile,USA,Google,0,2,2025-06-19 06:11:04,cart
session_4403,Desktop,India,Email,0,1,2025-02-08 04:52:27,product_page
session_4404,Tablet,Germany,Google,1,4,2025-08-26 07:49:02,confirmation
session_4405,Tablet,France,Social Media,0,1,2025-06-21 13:14:26,product_page
session_4406,Mobile,UK,Google,0,1,2025-05-17 11:06:15,product_page
session_4407,Mobile,UK,Social Media,0,2,2025-01-25 22:18:43,cart
session_4408,Tablet,France,Email,0,1,2025-02-04 19:48:26,product_page
session_4409,Tablet,Germany,Email,0,0,2025-02-15 12:54:59,home
session_441,Mobile,India,Email,0,1,2025-01-01 15:11:19,product_page
session_4410,Desktop,France,Direct,0,1,2025-08-02 14:21:16,product_page
session_4411,Mobile,USA,Google,1,4,2025-02-08 05:56:59,confirmation
session_4412,Mobile,USA,Direct,0,1,2025-08-09 18:49:24,product_page
session_4413,Mobile,Canada,Direct,1,4,2025-03-25 14:57:25,confirmation
session_4414,Tablet,India,Google,0,0,2025-01-28 03:31:16,home
session_4415,Desktop,USA,Email,0,1,2025-03-16 13:03:50,product_page
session_4416,Mobile,France,Direct,0,2,2025-07-01 03:50:24,cart
session_4417,Tablet,Canada,Email,1,4,2025-07-08 03:43:37,confirmation
session_4418,Mobile,India,Google,1,4,2025-03-16 06:03:13,confirmation
session_4419,Desktop,France,Google,1,4,2025-08-30 10:42:42,confirmation
session_442,Desktop,Canada,Social Media,0,1,2025-01-02 22:20:20,product_page
session_4420,Mobile,USA,Email,0,1,2025-08-24 01:16:35,product_page
session_4421,Mobile,France,Email,1,4,2025-01-22 17:00:09,confirmation
session_4422,Tablet,India,Social Media,0,1,2025-02-20 15:31:08,product_page
session_4423,Tablet,France,Direct,1,4,2025-01-26 08:28:36,confirmation
session_4424,Desktop,UK,Email,0,1,2025-04-27 08:35:53,product_page
session_4425,Tablet,UK,Email,0,1,2025-06-07 10:33:29,product_page
session_4426,Desktop,France,Social Media,0,1,2025-07-30 11:49:20,product_page
session_4427,Tablet,UK,Email,0,1,2025-01-10 11:33:58,product_page
session_4428,Mobile,India,Email,0,1,2025-07-31 17:52:57,product_page
session_4429,Desktop,India,Google,0,1,2025-06-15 18:05:33,product_page
session_443,Tablet,Canada,Email,0,1,2025-07-07 06:32:38,product_page
session_4430,Tablet,India,Google,0,2,2025-05-24 04:51:03,cart
session_4431,Desktop,France,Social Media,0,0,2025-01-13 03:08:29,home
session_4432,Tablet,Germany,Social Media,0,0,2025-04-16 20:34:47,home
session_4433,Mobile,UK,Email,0,1,2025-03-11 16:44:57,product_page
session_4434,Desktop,UK,Google,1,4,2025-01-17 14:43:24,confirmation
session_4435,Mobile,Australia,Email,0,1,2025-03-21 15:32:47,product_page
session_4436,Desktop,India,Email,0,1,2025-06-26 08:55:09,product_page
session_4437,Tablet,Canada,Social Media,0,0,2025-07-31 17:53:11,home
session_4438,Desktop,France,Social Media,0,2,2025-05-28 23:29:19,cart
session_4439,Tablet,India,Direct,1,4,2025-08-08 04:31:59,confirmation
session_444,Desktop,USA,Social Media,0,0,2025-01-25 02:34:04,home
session_4440,Desktop,USA,Social Media,1,4,2025-06-23 15:34:41,confirmation
session_4441,Mobile,Canada,Email,0,1,2025-07-09 19:45:54,product_page
session_4442,Tablet,UK,Email,1,4,2025-07-21 18:23:44,confirmation
session_4443,Mobile,India,Direct,0,0,2025-02-08 21:48:28,home
session_4444,Mobile,Australia,Email,0,1,2025-06-12 03:05:09,product_page
session_4445,Mobile,France,Direct,0,1,2025-07-07 08:02:11,product_page
session_4446,Desktop,Germany,Google,0,1,2025-08-16 08:30:33,product_page
session_4447,Mobile,Canada,Google,0,0,2025-02-20 23:11:28,home
session_4448,Tablet,Australia,Direct,0,1,2025-03-22 15:44:32,product_page
session_4449,Tablet,Australia,Google,0,0,2025-01-13 05:01:17,home
session_445,Mobile,France,Social Media,0,1,2025-07-30 06:14:48,product_page
session_4450,Desktop,Germany,Direct,0,1,2025-06-03 10:09:30,product_page
session_4451,Tablet,Canada,Google,1,4,2025-07-15 20:59:49,confirmation
session_4452,Mobile,Canada,Direct,0,1,2025-05-03 00:08:46,product_page
session_4453,Mobile,Canada,Email,0,1,2025-05-29 06:24:49,product_page
session_4454,Mobile,Canada,Google,0,1,2025-07-31 04:48:51,product_page
session_4455,Tablet,India,Email,0,1,2025-01-15 06:00:12,product_page
session_4456,Desktop,UK,Email,0,0,2025-06-27 13:49:02,home
session_4457,Mobile,France,Google,1,4,2025-08-21 20:18:40,confirmation
session_4458,Tablet,USA,Email,0,0,2025-08-04 00:32:52,home
session_4459,Mobile,UK,Social Media,0,0,2025-04-26 15:23:31,home
session_446,Desktop,USA,Google,1,4,2025-03-03 04:58:17,confirmation
session_4460,Mobile,Germany,Email,1,4,2025-06-13 12:49:40,confirmation
session_4461,Desktop,Canada,Direct,0,1,2025-02-19 12:25:39,product_page
session_4462,Desktop,Canada,Direct,1,4,2025-08-10 09:14:41,confirmation
session_4463,Tablet,India,Email,0,2,2025-08-03 02:51:43,cart
session_4464,Tablet,India,Google,0,2,2025-03-17 20:11:58,cart
session_4465,Mobile,USA,Google,1,4,2025-02-23 13:28:17,confirmation
session_4466,Desktop,Germany,Social Media,0,1,2025-01-25 00:27:16,product_page
session_4467,Tablet,India,Social Media,0,1,2025-01-21 05:30:14,product_page
session_4468,Mobile,UK,Social Media,0,1,2025-07-13 16:58:51,product_page
session_4469,Desktop,UK,Google,0,1,2025-03-09 12:07:49,product_page
session_447,Mobile,USA,Direct,0,1,2025-02-25 18:08:57,product_page
session_4470,Desktop,Australia,Social Media,0,1,2025-05-08 14:41:05,product_page
session_4471,Mobile,Germany,Direct,1,4,2025-06-28 13:03:30,confirmation
session_4472,Mobile,Australia,Social Media,0,0,2025-02-14 02:15:43,home
session_4473,Tablet,Canada,Social Media,0,1,2025-06-02 01:51:56,product_page
session_4474,Mobile,UK,Google,0,1,2025-02-07 12:41:40,product_page
session_4475,Mobile,India,Email,0,1,2025-08-27 12:15:48,product_page
session_4476,Desktop,France,Email,0,1,2025-03-06 10:27:47,product_page
session_4477,Desktop,Canada,Social Media,1,4,2025-07-05 21:21:50,confirmation
session_4478,Desktop,Canada,Social Media,0,3,2025-01-17 07:12:48,checkout
session_4479,Tablet,Australia,Google,0,2,2025-08-05 09:08:50,cart
session_448,Tablet,France,Social Media,0,0,2025-05-19 15:22:59,home
session_4480,Tablet,UK,Direct,0,1,2025-04-11 23:09:50,product_page
session_4481,Desktop,UK,Social Media,0,1,2025-08-18 14:54:16,product_page
session_4482,Tablet,UK,Direct,0,1,2025-04-04 19:58:50,product_page
session_4483,Mobile,France,Google,0,0,2025-06-08 14:42:40,home
session_4484,Tablet,Canada,Social Media,1,4,2025-03-29 09:45:05,confirmation
session_4485,Tablet,France,Email,1,4,2025-08-16 00:22:31,confirmation
session_4486,Tablet,India,Social Media,0,1,2025-06-06 03:57:07,product_page
session_4487,Desktop,Germany,Direct,0,1,2025-02-23 13:00:21,product_page
session_4488,Mobile,India,Direct,0,1,2025-06-02 06:15:52,product_page
session_4489,Desktop,UK,Email,0,1,2025-01-17 09:23:20,product_page
session_449,Desktop,USA,Google,1,4,2025-06-01 12:46:33,confirmation
session_4490,Desktop,Canada,Social Media,0,0,2025-02-12 19:43:16,home
session_4491,Desktop,USA,Email,1,4,2025-05-11 05:44:18,confirmation
session_4492,Tablet,Canada,Social Media,0,1,2025-01-13 04:08:01,product_page
session_4493,Desktop,India,Social Media,0,1,2025-02-24 01:35:33,product_page
session_4494,Mobile,France,Google,1,4,2025-05-01 02:10:17,confirmation
session_4495,Tablet,Canada,Social Media,0,0,2025-02-02 23:23:31,home
session_4496,Mobile,USA,Social Media,0,0,2025-04-06 22:52:00,home
session_4497,Desktop,France,Email,0,3,2025-06-04 01:52:13,checkout
session_4498,Mobile,Germany,Social Media,0,0,2025-08-19 08:22:26,home
session_4499,Desktop,USA,Social Media,1,4,2025-08-25 00:15:59,confirmation
session_45,Mobile,USA,Google,0,0,2025-08-07 00:20:02,home
session_450,Tablet,UK,Email,1,4,2025-07-31 09:17:21,confirmation
session_4500,Mobile,Canada,Direct,0,0,2025-03-19 21:50:39,home
session_4501,Tablet,Germany,Direct,0,0,2025-06-01 17:04:00,home
session_4502,Mobile,Australia,Email,1,4,2025-04-27 08:34:40,confirmation
session_4503,Mobile,Canada,Google,0,2,2025-02-09 13:01:50,cart
session_4504,Mobile,Germany,Social Media,0,1,2025-05-19 09:59:35,product_page
session_4505,Mobile,France,Social Media,1,4,2025-07-11 03:17:58,confirmation
session_4506,Desktop,Australia,Google,0,1,2025-08-16 00:06:01,product_page
session_4507,Desktop,Australia,Direct,0,2,2025-02-22 03:12:00,cart
session_4508,Desktop,UK,Email,0,0,2025-03-03 08:09:34,home
session_4509,Desktop,India,Email,0,2,2025-06-23 18:18:18,cart
session_451,Mobile,India,Google,1,4,2025-08-14 09:16:48,confirmation
session_4510,Desktop,Germany,Google,0,1,2025-04-07 15:04:44,product_page
session_4511,Mobile,USA,Email,0,1,2025-01-07 01:31:12,product_page
session_4512,Tablet,France,Direct,0,0,2025-02-03 09:51:31,home
session_4513,Mobile,USA,Direct,0,0,2025-04-05 19:45:15,home
session_4514,Tablet,Germany,Email,0,0,2025-06-22 03:22:36,home
session_4515,Desktop,Germany,Social Media,0,0,2025-04-28 08:10:51,home
session_4516,Tablet,UK,Direct,0,1,2025-07-05 00:57:34,product_page
session_4517,Tablet,Canada,Google,1,4,2025-01-23 12:19:10,confirmation
session_4518,Mobile,USA,Google,0,2,2025-07-09 13:47:46,cart
session_4519,Mobile,Germany,Social Media,0,1,2025-04-26 13:29:11,product_page
session_452,Tablet,France,Social Media,1,4,2025-02-09 08:24:42,confirmation
session_4520,Mobile,India,Google,1,4,2025-07-31 12:59:08,confirmation
session_4521,Desktop,USA,Direct,1,4,2025-06-23 13:48:51,confirmation
session_4522,Desktop,UK,Google,0,1,2025-03-11 19:49:41,product_page
session_4523,Tablet,UK,Google,0,1,2025-01-26 05:22:05,product_page
session_4524,Desktop,USA,Direct,0,0,2025-03-07 15:46:49,home
session_4525,Desktop,UK,Social Media,0,1,2025-01-27 07:10:48,product_page
session_4526,Desktop,USA,Social Media,1,4,2025-03-29 22:54:34,confirmation
session_4527,Tablet,UK,Google,0,2,2025-03-05 13:18:13,cart
session_4528,Mobile,Australia,Email,0,1,2025-07-17 00:55:17,product_page
session_4529,Mobile,France,Direct,0,2,2025-01-14 19:07:41,cart
session_453,Tablet,France,Email,0,1,2025-07-31 11:48:14,product_page
session_4530,Desktop,UK,Direct,0,1,2025-07-26 14:17:46,product_page
session_4531,Mobile,UK,Social Media,0,1,2025-07-21 02:58:25,product_page
session_4532,Tablet,India,Social Media,0,1,2025-02-07 18:10:49,product_page
session_4533,Mobile,France,Google,0,1,2025-03-15 13:16:51,product_page
session_4534,Tablet,India,Email,0,1,2025-08-05 20:57:27,product_page
session_4535,Tablet,Germany,Direct,0,1,2025-01-26 15:27:59,product_page
session_4536,Mobile,Germany,Google,0,0,2025-04-07 04:38:25,home
session_4537,Mobile,Germany,Social Media,1,4,2025-01-11 01:47:48,confirmation
session_4538,Mobile,Canada,Google,0,1,2025-01-26 15:56:50,product_page
session_4539,Mobile,Australia,Social Media,0,1,2025-03-08 18:51:02,product_page
session_454,Mobile,Canada,Email,0,1,2025-07-29 06:53:27,product_page
session_4540,Tablet,Germany,Direct,0,3,2025-06-22 15:48:19,checkout
session_4541,Desktop,France,Social Media,0,0,2025-03-28 18:42:02,home
session_4542,Tablet,USA,Direct,1,4,2025-01-14 11:36:42,confirmation
session_4543,Tablet,Canada,Google,0,1,2025-03-20 09:23:15,product_page
session_4544,Tablet,Germany,Email,0,0,2025-05-06 07:28:38,home
session_4545,Tablet,USA,Email,1,4,2025-05-22 12:41:29,confirmation
session_4546,Desktop,Australia,Direct,0,0,2025-02-12 18:53:53,home
session_4547,Tablet,France,Social Media,0,1,2025-05-30 14:43:52,product_page
session_4548,Mobile,Australia,Social Media,0,1,2025-07-31 06:34:25,product_page
session_4549,Mobile,USA,Google,0,2,2025-08-12 00:41:18,cart
session_455,Mobile,Germany,Social Media,0,0,2025-07-28 15:30:04,home
session_4550,Desktop,France,Social Media,1,4,2025-07-28 23:15:49,confirmation
session_4551,Desktop,India,Google,0,1,2025-08-22 17:24:50,product_page
session_4552,Desktop,Australia,Social Media,0,0,2025-01-01 04:08:46,home
session_4553,Desktop,USA,Google,0,0,2025-05-31 07:29:17,home
session_4554,Mobile,Germany,Email,0,1,2025-05-23 02:54:17,product_page
session_4555,Desktop,Australia,Google,0,1,2025-03-30 09:05:55,product_page
session_4556,Tablet,India,Email,0,1,2025-02-02 18:54:10,product_page
session_4557,Tablet,India,Email,0,2,2025-04-17 06:01:00,cart
session_4558,Mobile,France,Social Media,0,0,2025-07-18 00:11:57,home
session_4559,Desktop,Canada,Direct,1,4,2025-08-17 09:23:24,confirmation
session_456,Mobile,Germany,Google,0,1,2025-04-15 09:40:21,product_page
session_4560,Tablet,USA,Google,0,2,2025-04-04 18:09:20,cart
session_4561,Mobile,France,Direct,0,0,2025-05-31 03:10:48,home
session_4562,Mobile,India,Direct,0,1,2025-01-24 17:15:02,product_page
session_4563,Desktop,UK,Direct,0,1,2025-04-03 06:53:09,product_page
session_4564,Mobile,USA,Google,0,1,2025-07-17 08:11:05,product_page
session_4565,Tablet,Australia,Google,0,2,2025-04-01 22:59:44,cart
session_4566,Tablet,France,Google,0,0,2025-06-27 07:05:32,home
session_4567,Mobile,Australia,Direct,0,1,2025-07-22 20:13:44,product_page
session_4568,Tablet,Australia,Google,0,2,2025-08-26 17:05:04,cart
session_4569,Mobile,India,Email,0,0,2025-01-06 04:40:20,home
session_457,Desktop,Australia,Social Media,1,4,2025-06-10 15:44:40,confirmation
session_4570,Desktop,UK,Google,1,4,2025-05-16 04:22:07,confirmation
session_4571,Desktop,Germany,Google,0,1,2025-06-09 01:43:01,product_page
session_4572,Tablet,India,Social Media,0,1,2025-05-13 21:42:51,product_page
session_4573,Desktop,Canada,Direct,1,4,2025-01-13 08:22:14,confirmation
session_4574,Desktop,Germany,Email,0,1,2025-03-22 12:05:51,product_page
session_4575,Desktop,USA,Google,1,4,2025-05-04 20:18:23,confirmation
session_4576,Mobile,USA,Google,0,1,2025-02-08 20:21:13,product_page
session_4577,Desktop,USA,Email,0,2,2025-02-09 05:54:52,cart
session_4578,Mobile,Australia,Social Media,0,1,2025-01-06 13:11:13,product_page
session_4579,Tablet,India,Google,1,4,2025-08-23 13:34:43,confirmation
session_458,Desktop,Germany,Direct,0,1,2025-03-07 14:40:24,product_page
session_4580,Mobile,India,Social Media,0,1,2025-04-19 17:14:15,product_page
session_4581,Mobile,Canada,Google,0,1,2025-05-14 18:40:19,product_page
session_4582,Tablet,Australia,Direct,0,1,2025-01-17 15:31:29,product_page
session_4583,Tablet,Germany,Social Media,0,1,2025-01-17 05:07:27,product_page
session_4584,Mobile,India,Social Media,0,1,2025-08-04 10:25:39,product_page
session_4585,Tablet,India,Google,0,1,2025-07-24 00:36:27,product_page
session_4586,Desktop,Australia,Direct,0,1,2025-04-19 18:54:21,product_page
session_4587,Tablet,France,Google,0,1,2025-01-29 14:21:44,product_page
session_4588,Desktop,USA,Google,0,1,2025-03-27 23:17:34,product_page
session_4589,Desktop,UK,Social Media,0,1,2025-02-26 21:48:12,product_page
session_459,Desktop,Australia,Social Media,0,0,2025-01-29 10:38:41,home
session_4590,Mobile,UK,Email,0,2,2025-04-11 01:10:03,cart
session_4591,Tablet,UK,Direct,1,4,2025-01-23 04:45:02,confirmation
session_4592,Desktop,France,Social Media,0,1,2025-07-22 19:30:28,product_page
session_4593,Desktop,USA,Google,0,1,2025-04-20 00:24:47,product_page
session_4594,Desktop,Germany,Email,1,4,2025-05-20 04:53:04,confirmation
session_4595,Desktop,USA,Email,0,2,2025-03-28 15:39:54,cart
session_4596,Tablet,Germany,Social Media,0,1,2025-02-09 06:58:15,product_page
session_4597,Desktop,Canada,Email,0,1,2025-03-08 17:33:29,product_page
session_4598,Desktop,Germany,Google,0,1,2025-08-29 06:45:59,product_page
session_4599,Tablet,Canada,Direct,1,4,2025-03-25 18:34:57,confirmation
session_46,Mobile,Germany,Social Media,0,0,2025-07-11 01:55:27,home
session_460,Mobile,France,Email,0,0,2025-05-22 08:34:04,home
session_4600,Tablet,Germany,Email,0,0,2025-01-25 06:45:12,home
session_4601,Mobile,Canada,Direct,0,1,2025-02-12 01:47:27,product_page
session_4602,Desktop,France,Social Media,0,1,2025-01-18 14:55:04,product_page
session_4603,Desktop,Australia,Social Media,0,1,2025-05-26 12:33:43,product_page
session_4604,Mobile,France,Google,0,2,2025-08-01 14:34:15,cart
session_4605,Tablet,France,Direct,0,1,2025-02-23 06:20:31,product_page
session_4606,Mobile,Germany,Social Media,0,2,2025-04-24 16:20:46,cart
session_4607,Tablet,France,Social Media,0,1,2025-07-31 22:13:32,product_page
session_4608,Mobile,France,Social Media,0,1,2025-02-22 23:46:18,product_page
session_4609,Desktop,Canada,Email,0,1,2025-06-26 02:15:56,product_page
session_461,Mobile,UK,Google,0,1,2025-07-07 19:30:10,product_page
session_4610,Mobile,USA,Direct,0,1,2025-03-28 19:34:23,product_page
session_4611,Tablet,India,Email,0,0,2025-01-13 16:23:11,home
session_4612,Desktop,Canada,Social Media,1,4,2025-06-10 03:15:03,confirmation
session_4613,Mobile,Canada,Direct,0,1,2025-08-25 11:28:32,product_page
session_4614,Mobile,UK,Email,0,3,2025-04-30 12:09:22,checkout
session_4615,Mobile,Canada,Email,1,4,2025-05-23 20:28:31,confirmation
session_4616,Tablet,USA,Direct,0,1,2025-06-07 21:06:01,product_page
session_4617,Desktop,UK,Google,0,1,2025-07-11 18:57:28,product_page
session_4618,Desktop,USA,Social Media,0,0,2025-03-19 12:29:02,home
session_4619,Tablet,Australia,Direct,0,0,2025-03-24 18:18:12,home
session_462,Desktop,India,Google,0,1,2025-04-02 14:21:55,product_page
session_4620,Desktop,USA,Direct,1,4,2025-07-13 18:42:32,confirmation
session_4621,Desktop,Australia,Email,1,4,2025-06-14 07:14:43,confirmation
session_4622,Mobile,France,Direct,0,1,2025-06-10 20:38:02,product_page
session_4623,Desktop,UK,Google,0,2,2025-02-17 12:55:51,cart
session_4624,Mobile,Canada,Google,0,1,2025-01-22 04:45:57,product_page
session_4625,Tablet,Germany,Email,1,4,2025-04-08 08:55:41,confirmation
session_4626,Tablet,Germany,Social Media,0,2,2025-08-09 20:45:54,cart
session_4627,Desktop,Canada,Google,0,2,2025-06-28 18:53:47,cart
session_4628,Tablet,Germany,Direct,1,4,2025-06-04 11:11:49,confirmation
session_4629,Mobile,USA,Google,1,4,2025-08-17 06:35:07,confirmation
session_463,Tablet,India,Direct,1,4,2025-01-10 14:02:53,confirmation
session_4630,Desktop,UK,Google,1,4,2025-04-02 10:06:40,confirmation
session_4631,Mobile,France,Google,0,1,2025-02-11 09:12:03,product_page
session_4632,Tablet,India,Email,0,0,2025-08-22 04:06:28,home
session_4633,Desktop,France,Social Media,0,1,2025-06-18 09:04:49,product_page
session_4634,Desktop,Germany,Direct,1,4,2025-08-04 02:53:40,confirmation
session_4635,Mobile,France,Google,0,0,2025-06-26 00:15:02,home
session_4636,Mobile,USA,Direct,0,1,2025-06-25 16:50:07,product_page
session_4637,Desktop,France,Social Media,0,1,2025-05-16 02:36:13,product_page
session_4638,Desktop,Australia,Social Media,0,1,2025-08-07 15:01:52,product_page
session_4639,Mobile,UK,Email,0,1,2025-07-07 20:01:32,product_page
session_464,Desktop,Australia,Social Media,0,0,2025-06-29 11:53:18,home
session_4640,Mobile,France,Google,0,1,2025-06-04 14:15:18,product_page
session_4641,Tablet,Australia,Social Media,1,4,2025-04-15 15:38:23,confirmation
session_4642,Tablet,Germany,Social Media,0,0,2025-08-10 11:25:00,home
session_4643,Tablet,India,Email,0,2,2025-07-02 01:06:51,cart
session_4644,Mobile,Canada,Google,0,1,2025-03-29 14:17:06,product_page
session_4645,Mobile,France,Google,0,1,2025-02-12 01:07:06,product_page
session_4646,Desktop,Germany,Social Media,0,0,2025-06-26 13:46:04,home
session_4647,Desktop,Australia,Email,0,1,2025-07-19 13:41:32,product_page
session_4648,Tablet,Australia,Direct,0,1,2025-07-18 04:59:58,product_page
session_4649,Tablet,India,Direct,1,4,2025-05-06 06:09:31,confirmation
session_465,Tablet,Australia,Direct,0,0,2025-04-04 19:37:07,home
session_4650,Tablet,Canada,Google,1,4,2025-04-01 09:17:23,confirmation
session_4651,Mobile,Australia,Google,0,0,2025-06-19 06:14:39,home
session_4652,Desktop,France,Social Media,0,1,2025-04-07 08:16:39,product_page
session_4653,Mobile,Australia,Email,0,2,2025-07-19 12:48:00,cart
session_4654,Mobile,France,Email,0,0,2025-08-27 00:22:24,home
session_4655,Tablet,USA,Google,0,0,2025-06-28 18:56:56,home
session_4656,Mobile,USA,Direct,0,0,2025-03-01 00:04:11,home
session_4657,Desktop,France,Email,0,1,2025-08-31 22:37:31,product_page
session_4658,Mobile,Australia,Google,0,1,2025-06-02 03:13:58,product_page
session_4659,Desktop,Canada,Direct,0,1,2025-02-25 06:10:24,product_page
session_466,Desktop,France,Direct,0,1,2025-01-27 20:23:46,product_page
session_4660,Desktop,India,Social Media,0,1,2025-01-30 06:58:59,product_page
session_4661,Mobile,Germany,Direct,0,1,2025-07-20 08:39:40,product_page
session_4662,Desktop,Germany,Social Media,0,1,2025-02-01 14:42:33,product_page
session_4663,Mobile,UK,Social Media,1,4,2025-05-19 09:43:52,confirmation
session_4664,Mobile,Australia,Google,0,2,2025-06-29 11:55:55,cart
session_4665,Mobile,Germany,Direct,0,3,2025-05-17 11:31:27,checkout
session_4666,Desktop,UK,Email,0,1,2025-01-17 16:44:10,product_page
session_4667,Tablet,Germany,Google,0,1,2025-04-16 00:23:27,product_page
session_4668,Desktop,Germany,Email,0,1,2025-01-18 12:40:57,product_page
session_4669,Mobile,India,Google,0,1,2025-01-12 09:47:06,product_page
session_467,Desktop,France,Social Media,0,1,2025-01-20 04:10:17,product_page
session_4670,Desktop,Canada,Social Media,0,1,2025-07-28 00:13:47,product_page
session_4671,Tablet,India,Direct,0,1,2025-03-20 18:36:05,product_page
session_4672,Tablet,UK,Direct,0,0,2025-03-07 11:57:50,home
session_4673,Desktop,Canada,Direct,1,4,2025-06-25 13:56:19,confirmation
session_4674,Tablet,Germany,Google,0,3,2025-01-17 08:45:39,checkout
session_4675,Desktop,Australia,Google,0,3,2025-06-29 14:27:26,checkout
session_4676,Tablet,France,Social Media,1,4,2025-03-19 05:58:07,confirmation
session_4677,Tablet,Germany,Social Media,0,0,2025-02-16 15:29:02,home
session_4678,Desktop,Canada,Google,0,0,2025-03-31 06:04:58,home
session_4679,Desktop,UK,Social Media,0,1,2025-04-10 02:53:49,product_page
session_468,Tablet,USA,Email,0,0,2025-06-24 13:01:10,home
session_4680,Tablet,UK,Social Media,0,0,2025-05-24 17:53:44,home
session_4681,Mobile,UK,Direct,1,4,2025-01-01 08:11:09,confirmation
session_4682,Desktop,India,Direct,0,1,2025-01-30 06:06:46,product_page
session_4683,Mobile,USA,Direct,0,1,2025-07-27 06:04:17,product_page
session_4684,Mobile,Canada,Google,0,2,2025-03-12 16:41:39,cart
session_4685,Desktop,UK,Direct,1,4,2025-08-28 13:48:42,confirmation
session_4686,Mobile,France,Direct,0,1,2025-04-05 08:01:09,product_page
session_4687,Tablet,France,Email,1,4,2025-03-07 19:28:16,confirmation
session_4688,Desktop,Canada,Google,1,4,2025-01-17 20:55:23,confirmation
session_4689,Mobile,Canada,Direct,1,4,2025-04-12 12:19:17,confirmation
session_469,Tablet,UK,Email,0,1,2025-02-23 23:37:27,product_page
session_4690,Mobile,USA,Google,0,1,2025-01-27 08:57:42,product_page
session_4691,Tablet,Canada,Email,0,0,2025-06-21 09:16:13,home
session_4692,Desktop,USA,Social Media,0,1,2025-04-17 09:53:08,product_page
session_4693,Mobile,Germany,Google,0,1,2025-02-03 21:17:12,product_page
session_4694,Mobile,Germany,Google,0,0,2025-05-14 21:32:42,home
session_4695,Tablet,Canada,Google,1,4,2025-02-13 17:43:55,confirmation
session_4696,Desktop,UK,Social Media,0,1,2025-08-29 13:26:09,product_page
session_4697,Mobile,India,Email,1,4,2025-03-05 22:58:50,confirmation
session_4698,Mobile,France,Email,0,0,2025-01-19 01:27:39,home
session_4699,Desktop,Canada,Google,1,4,2025-05-27 02:00:23,confirmation
session_47,Desktop,UK,Email,1,4,2025-04-13 09:15:08,confirmation
session_470,Desktop,Germany,Direct,1,4,2025-04-02 17:30:48,confirmation
session_4700,Mobile,Australia,Google,0,1,2025-08-24 16:18:13,product_page
session_4701,Desktop,USA,Direct,0,0,2025-08-18 09:23:02,home
session_4702,Mobile,UK,Direct,1,4,2025-02-17 13:06:03,confirmation
session_4703,Tablet,France,Google,1,4,2025-07-03 01:10:05,confirmation
session_4704,Desktop,Canada,Email,0,1,2025-06-13 04:57:03,product_page
session_4705,Desktop,UK,Email,0,2,2025-07-03 15:38:40,cart
session_4706,Mobile,Germany,Social Media,0,1,2025-04-28 13:39:25,product_page
session_4707,Mobile,India,Google,0,2,2025-03-20 15:30:45,cart
session_4708,Mobile,Australia,Direct,0,0,2025-04-12 10:25:41,home
session_4709,Tablet,USA,Social Media,0,0,2025-05-22 14:27:54,home
session_471,Desktop,USA,Google,0,1,2025-03-16 16:21:32,product_page
session_4710,Desktop,Canada,Google,1,4,2025-05-17 07:17:37,confirmation
session_4711,Mobile,India,Email,0,1,2025-08-14 16:11:47,product_page
session_4712,Mobile,UK,Email,1,4,2025-01-03 20:48:09,confirmation
session_4713,Tablet,UK,Direct,1,4,2025-05-03 15:14:30,confirmation
session_4714,Desktop,Germany,Social Media,0,1,2025-04-03 19:55:38,product_page
session_4715,Desktop,USA,Direct,0,1,2025-02-10 17:52:09,product_page
session_4716,Tablet,Canada,Social Media,0,1,2025-07-04 05:10:09,product_page
session_4717,Mobile,India,Email,1,4,2025-05-03 05:48:03,confirmation
session_4718,Tablet,Canada,Google,0,1,2025-08-01 11:36:58,product_page
session_4719,Desktop,Australia,Social Media,1,4,2025-04-22 23:37:41,confirmation
session_472,Tablet,Canada,Social Media,1,4,2025-05-01 07:04:36,confirmation
session_4720,Tablet,UK,Direct,0,1,2025-04-28 06:12:35,product_page
session_4721,Desktop,Australia,Social Media,1,4,2025-08-15 21:39:26,confirmation
session_4722,Desktop,Germany,Social Media,1,4,2025-08-08 16:03:37,confirmation
session_4723,Desktop,USA,Email,0,2,2025-07-04 21:50:22,cart
session_4724,Mobile,USA,Direct,0,1,2025-05-08 12:26:17,product_page
session_4725,Mobile,Canada,Direct,0,1,2025-01-25 12:44:07,product_page
session_4726,Mobile,India,Google,0,1,2025-01-02 14:04:50,product_page
session_4727,Tablet,USA,Social Media,0,1,2025-08-22 04:07:41,product_page
session_4728,Desktop,India,Social Media,0,0,2025-05-07 21:43:00,home
session_4729,Tablet,France,Google,0,1,2025-01-18 03:23:03,product_page
session_473,Tablet,India,Direct,0,2,2025-04-05 05:38:29,cart
session_4730,Tablet,Canada,Social Media,0,1,2025-07-17 18:50:36,product_page
session_4731,Tablet,USA,Google,1,4,2025-05-25 01:52:17,confirmation
session_4732,Mobile,USA,Google,1,4,2025-05-24 05:31:30,confirmation
session_4733,Tablet,France,Direct,0,1,2025-06-11 05:06:11,product_page
session_4734,Desktop,Australia,Email,0,1,2025-01-13 06:37:54,product_page
session_4735,Mobile,Germany,Email,0,0,2025-04-15 10:25:02,home
session_4736,Mobile,Germany,Email,1,4,2025-02-17 23:19:00,confirmation
session_4737,Tablet,India,Social Media,0,1,2025-04-12 11:16:28,product_page
session_4738,Tablet,Germany,Email,0,2,2025-07-19 09:14:39,cart
session_4739,Tablet,Australia,Google,0,0,2025-07-27 12:48:44,home
session_474,Tablet,Australia,Direct,0,2,2025-06-07 16:54:02,cart
session_4740,Tablet,France,Social Media,1,4,2025-07-26 10:37:21,confirmation
session_4741,Mobile,UK,Direct,0,2,2025-02-21 20:20:02,cart
session_4742,Mobile,France,Email,0,1,2025-08-26 02:40:17,product_page
session_4743,Tablet,USA,Email,0,0,2025-05-16 18:50:59,home
session_4744,Desktop,UK,Email,0,2,2025-05-27 06:38:48,cart
session_4745,Tablet,Canada,Email,0,2,2025-01-17 14:43:38,cart
session_4746,Mobile,Germany,Email,0,1,2025-01-20 19:56:16,product_page
session_4747,Desktop,India,Direct,0,1,2025-06-03 18:13:19,product_page
session_4748,Tablet,France,Social Media,0,1,2025-07-01 18:24:50,product_page
session_4749,Tablet,USA,Social Media,0,1,2025-04-28 06:28:12,product_page
session_475,Mobile,UK,Google,0,1,2025-06-27 11:47:15,product_page
session_4750,Mobile,France,Social Media,0,1,2025-07-07 17:00:20,product_page
session_4751,Mobile,Canada,Social Media,0,1,2025-01-08 10:56:38,product_page
session_4752,Tablet,Canada,Direct,0,2,2025-08-18 10:41:53,cart
session_4753,Tablet,Canada,Social Media,0,2,2025-06-15 14:30:42,cart
session_4754,Desktop,Australia,Google,0,2,2025-06-14 13:22:51,cart
session_4755,Desktop,Canada,Social Media,0,1,2025-04-15 15:20:49,product_page
session_4756,Tablet,Australia,Social Media,0,1,2025-06-01 19:48:12,product_page
session_4757,Desktop,Germany,Google,1,4,2025-06-14 09:46:57,confirmation
session_4758,Tablet,USA,Email,0,2,2025-01-19 16:46:34,cart
session_4759,Mobile,Australia,Google,0,1,2025-04-28 03:26:10,product_page
session_476,Tablet,India,Social Media,0,0,2025-06-27 03:50:49,home
session_4760,Mobile,Canada,Google,0,0,2025-07-29 15:42:44,home
session_4761,Desktop,India,Email,0,2,2025-01-29 03:51:51,cart
session_4762,Desktop,Canada,Email,0,0,2025-03-16 00:12:02,home
session_4763,Desktop,Germany,Google,0,1,2025-08-02 13:11:13,product_page
session_4764,Tablet,UK,Direct,0,1,2025-05-21 12:50:47,product_page
session_4765,Desktop,Australia,Direct,0,1,2025-07-14 05:04:53,product_page
session_4766,Desktop,Germany,Social Media,0,2,2025-05-21 08:14:18,cart
session_4767,Mobile,Australia,Google,0,1,2025-05-21 02:35:17,product_page
session_4768,Mobile,Canada,Email,0,0,2025-06-15 04:21:45,home
session_4769,Tablet,Germany,Email,0,2,2025-06-01 07:23:54,cart
session_477,Tablet,Australia,Direct,0,2,2025-06-24 10:47:45,cart
session_4770,Desktop,France,Google,1,4,2025-04-13 13:05:36,confirmation
session_4771,Desktop,Germany,Google,1,4,2025-05-14 17:12:33,confirmation
session_4772,Mobile,UK,Direct,0,1,2025-05-28 13:40:36,product_page
session_4773,Tablet,Germany,Google,0,1,2025-05-02 13:13:37,product_page
session_4774,Desktop,France,Email,1,4,2025-05-12 15:55:33,confirmation
session_4775,Mobile,Australia,Email,0,1,2025-07-11 07:08:21,product_page
session_4776,Desktop,France,Social Media,0,0,2025-01-16 05:22:23,home
session_4777,Tablet,France,Social Media,0,2,2025-05-22 10:16:32,cart
session_4778,Desktop,Canada,Direct,0,1,2025-05-21 23:51:19,product_page
session_4779,Tablet,France,Social Media,0,1,2025-06-26 07:19:53,product_page
session_478,Desktop,Australia,Social Media,0,1,2025-01-23 19:12:35,product_page
session_4780,Mobile,Canada,Email,0,1,2025-05-26 22:50:22,product_page
session_4781,Mobile,USA,Social Media,0,1,2025-08-31 07:01:58,product_page
session_4782,Mobile,Canada,Social Media,0,2,2025-03-19 23:48:25,cart
session_4783,Mobile,India,Direct,0,1,2025-01-24 00:00:27,product_page
session_4784,Tablet,France,Email,1,4,2025-08-03 15:06:20,confirmation
session_4785,Mobile,Germany,Social Media,0,1,2025-02-12 09:00:03,product_page
session_4786,Mobile,USA,Social Media,0,0,2025-05-23 08:17:03,home
session_4787,Mobile,Australia,Social Media,0,1,2025-02-05 02:04:39,product_page
session_4788,Mobile,Canada,Email,0,1,2025-01-28 13:21:10,product_page
session_4789,Tablet,USA,Direct,0,1,2025-05-08 09:12:05,product_page
session_479,Desktop,UK,Direct,0,1,2025-08-12 03:30:00,product_page
session_4790,Mobile,UK,Google,0,2,2025-06-05 18:56:39,cart
session_4791,Mobile,Canada,Google,1,4,2025-06-29 04:09:32,confirmation
session_4792,Desktop,Germany,Google,0,1,2025-07-28 17:27:29,product_page
session_4793,Mobile,France,Direct,0,1,2025-08-22 09:14:19,product_page
session_4794,Desktop,France,Google,1,4,2025-07-21 08:50:57,confirmation
session_4795,Mobile,UK,Google,0,0,2025-05-18 07:16:42,home
session_4796,Mobile,France,Social Media,0,0,2025-01-25 21:23:52,home
session_4797,Desktop,Germany,Social Media,0,1,2025-03-30 17:56:06,product_page
session_4798,Desktop,Canada,Email,0,1,2025-07-22 16:24:52,product_page
session_4799,Desktop,Australia,Social Media,0,1,2025-04-13 15:44:22,product_page
session_48,Desktop,Australia,Social Media,0,1,2025-02-04 00:57:05,product_page
session_480,Desktop,Australia,Email,0,1,2025-07-16 18:50:41,product_page
session_4800,Desktop,Canada,Social Media,0,1,2025-05-25 01:56:37,product_page
session_4801,Tablet,Australia,Google,1,4,2025-03-17 17:26:59,confirmation
session_4802,Mobile,UK,Google,0,1,2025-03-04 23:42:16,product_page
session_4803,Desktop,France,Social Media,0,0,2025-06-24 23:23:42,home
session_4804,Tablet,Germany,Social Media,0,1,2025-05-09 04:54:48,product_page
session_4805,Desktop,UK,Google,0,1,2025-05-19 20:51:10,product_page
session_4806,Desktop,Australia,Direct,0,1,2025-02-06 10:43:47,product_page
session_4807,Mobile,India,Email,0,0,2025-08-05 10:25:08,home
session_4808,Desktop,France,Social Media,0,1,2025-04-13 06:27:41,product_page
session_4809,Desktop,Germany,Social Media,1,4,2025-01-14 04:36:26,confirmation
session_481,Desktop,France,Google,0,0,2025-02-25 08:37:39,home
session_4810,Tablet,UK,Email,0,0,2025-02-03 15:26:23,home
session_4811,Desktop,Germany,Social Media,0,3,2025-01-03 23:37:37,checkout
session_4812,Desktop,Germany,Social Media,0,1,2025-01-07 00:17:28,product_page
session_4813,Mobile,USA,Direct,1,4,2025-08-01 18:13:47,confirmation
session_4814,Desktop,Australia,Direct,0,1,2025-04-18 19:20:42,product_page
session_4815,Tablet,France,Google,0,1,2025-02-04 04:52:45,product_page
session_4816,Desktop,France,Social Media,0,0,2025-06-03 18:52:34,home
session_4817,Mobile,Australia,Google,0,1,2025-04-12 06:21:45,product_page
session_4818,Tablet,Canada,Direct,0,1,2025-04-14 07:33:55,product_page
session_4819,Desktop,Australia,Social Media,0,0,2025-05-26 05:08:03,home
session_482,Desktop,UK,Social Media,0,3,2025-08-11 22:33:17,checkout
session_4820,Desktop,France,Direct,0,1,2025-02-23 12:40:01,product_page
session_4821,Desktop,Germany,Email,0,1,2025-07-03 19:28:09,product_page
session_4822,Tablet,Australia,Google,0,1,2025-05-28 05:18:41,product_page
session_4823,Mobile,India,Social Media,0,1,2025-01-14 10:28:13,product_page
session_4824,Mobile,France,Direct,0,0,2025-01-07 23:05:40,home
session_4825,Mobile,UK,Direct,0,0,2025-05-30 12:56:56,home
session_4826,Desktop,France,Google,0,2,2025-07-17 10:09:22,cart
session_4827,Mobile,Australia,Google,0,0,2025-05-23 14:36:24,home
session_4828,Tablet,India,Email,1,4,2025-06-18 14:27:41,confirmation
session_4829,Mobile,Canada,Direct,0,0,2025-06-17 06:30:40,home
session_483,Tablet,UK,Google,0,0,2025-01-29 19:15:58,home
session_4830,Tablet,Canada,Direct,0,0,2025-08-04 19:24:07,home
session_4831,Desktop,France,Direct,1,4,2025-02-11 20:53:23,confirmation
session_4832,Desktop,Canada,Direct,0,1,2025-01-22 00:21:32,product_page
session_4833,Tablet,France,Email,0,1,2025-01-16 12:39:09,product_page
session_4834,Tablet,India,Google,0,1,2025-07-06 04:26:44,product_page
session_4835,Tablet,UK,Email,0,1,2025-02-20 14:10:24,product_page
session_4836,Tablet,USA,Social Media,0,0,2025-06-15 20:16:11,home
session_4837,Mobile,USA,Social Media,0,0,2025-04-15 17:34:30,home
session_4838,Desktop,UK,Google,0,1,2025-03-12 18:47:53,product_page
session_4839,Desktop,France,Email,0,1,2025-03-13 15:19:36,product_page
session_484,Mobile,Germany,Google,1,4,2025-07-10 15:11:30,confirmation
session_4840,Tablet,France,Google,0,1,2025-06-10 04:30:59,product_page
session_4841,Mobile,USA,Social Media,0,0,2025-07-08 12:13:47,home
session_4842,Mobile,Australia,Email,1,4,2025-08-16 05:01:14,confirmation
session_4843,Mobile,Canada,Email,0,1,2025-01-30 19:26:57,product_page
session_4844,Tablet,USA,Direct,1,4,2025-03-31 15:08:56,confirmation
session_4845,Desktop,Canada,Email,0,1,2025-08-12 16:37:32,product_page
session_4846,Desktop,Germany,Social Media,0,1,2025-01-14 09:48:04,product_page
session_4847,Mobile,UK,Social Media,0,1,2025-08-17 04:56:46,product_page
session_4848,Mobile,India,Email,0,1,2025-04-19 18:59:05,product_page
session_4849,Desktop,India,Social Media,1,4,2025-02-20 23:01:34,confirmation
session_485,Mobile,UK,Direct,0,0,2025-01-19 09:57:00,home
session_4850,Desktop,Australia,Direct,0,0,2025-06-28 15:25:55,home
session_4851,Mobile,USA,Direct,0,1,2025-02-21 14:05:54,product_page
session_4852,Desktop,India,Google,0,1,2025-03-26 03:00:38,product_page
session_4853,Desktop,Germany,Social Media,0,1,2025-03-08 03:24:50,product_page
session_4854,Mobile,France,Google,0,1,2025-06-06 01:22:26,product_page
session_4855,Mobile,India,Direct,0,1,2025-02-02 04:52:25,product_page
session_4856,Mobile,France,Direct,0,1,2025-02-27 03:04:39,product_page
session_4857,Mobile,Canada,Social Media,0,0,2025-03-08 13:40:29,home
session_4858,Tablet,France,Google,0,0,2025-02-04 02:31:18,home
session_4859,Mobile,UK,Social Media,0,1,2025-02-08 03:33:49,product_page
session_486,Desktop,UK,Direct,0,1,2025-01-14 15:20:10,product_page
session_4860,Mobile,Australia,Social Media,0,1,2025-02-07 08:49:35,product_page
session_4861,Tablet,Australia,Email,0,1,2025-07-24 10:11:32,product_page
session_4862,Tablet,Germany,Email,0,0,2025-08-05 10:19:32,home
session_4863,Tablet,USA,Google,0,1,2025-04-30 23:20:25,product_page
session_4864,Mobile,USA,Social Media,0,2,2025-04-10 21:28:43,cart
session_4865,Tablet,India,Direct,0,1,2025-08-23 08:23:08,product_page
session_4866,Tablet,USA,Direct,0,0,2025-06-15 16:31:26,home
session_4867,Tablet,France,Direct,0,0,2025-06-03 20:38:14,home
session_4868,Tablet,UK,Social Media,0,1,2025-02-18 23:36:45,product_page
session_4869,Mobile,India,Direct,0,0,2025-06-26 12:36:55,home
session_487,Tablet,Australia,Direct,0,0,2025-04-11 04:22:55,home
session_4870,Desktop,USA,Direct,0,0,2025-04-13 08:19:52,home
session_4871,Mobile,Germany,Direct,0,1,2025-05-24 07:43:22,product_page
session_4872,Mobile,France,Email,0,0,2025-05-30 13:35:04,home
session_4873,Tablet,USA,Social Media,0,2,2025-05-01 23:43:26,cart
session_4874,Desktop,UK,Email,0,0,2025-06-02 07:13:50,home
session_4875,Tablet,UK,Google,0,1,2025-03-26 06:40:50,product_page
session_4876,Mobile,Canada,Social Media,0,0,2025-08-26 14:29:14,home
session_4877,Desktop,India,Social Media,1,4,2025-08-21 10:35:19,confirmation
session_4878,Tablet,Australia,Social Media,0,1,2025-02-06 05:03:33,product_page
session_4879,Tablet,USA,Email,1,4,2025-05-15 16:25:06,confirmation
session_488,Desktop,Germany,Social Media,1,4,2025-01-12 01:02:04,confirmation
session_4880,Tablet,USA,Direct,0,1,2025-03-19 21:01:15,product_page
session_4881,Desktop,India,Google,0,2,2025-01-17 05:55:27,cart
session_4882,Mobile,Germany,Google,0,1,2025-04-12 11:25:43,product_page
session_4883,Tablet,UK,Direct,1,4,2025-02-15 17:38:48,confirmation
session_4884,Mobile,India,Direct,1,4,2025-08-25 02:28:56,confirmation
session_4885,Mobile,India,Social Media,0,1,2025-08-31 11:37:56,product_page
session_4886,Mobile,Germany,Direct,1,4,2025-05-26 13:55:24,confirmation
session_4887,Desktop,Germany,Direct,0,3,2025-01-19 08:40:48,checkout
session_4888,Mobile,Australia,Social Media,0,1,2025-06-24 04:46:28,product_page
session_4889,Tablet,France,Google,0,2,2025-05-14 08:27:17,cart
session_489,Tablet,USA,Direct,0,1,2025-07-09 08:29:12,product_page
session_4890,Desktop,Australia,Social Media,0,0,2025-01-24 09:31:23,home
session_4891,Tablet,France,Email,0,1,2025-06-14 08:36:41,product_page
session_4892,Desktop,USA,Direct,0,0,2025-07-18 07:50:57,home
session_4893,Tablet,UK,Email,0,1,2025-08-07 10:50:04,product_page
session_4894,Mobile,France,Direct,0,1,2025-03-02 07:28:00,product_page
session_4895,Tablet,India,Email,0,0,2025-08-23 02:23:42,home
session_4896,Mobile,India,Social Media,0,0,2025-05-21 06:35:49,home
session_4897,Desktop,Australia,Email,1,4,2025-05-02 08:48:12,confirmation
session_4898,Desktop,USA,Direct,1,4,2025-07-29 11:47:38,confirmation
session_4899,Desktop,Canada,Google,0,1,2025-02-16 17:07:56,product_page
session_49,Tablet,USA,Email,1,4,2025-06-04 19:27:55,confirmation
session_490,Mobile,Canada,Direct,0,2,2025-05-28 13:29:31,cart
session_4900,Tablet,Germany,Social Media,0,0,2025-07-31 23:45:00,home
session_4901,Tablet,Australia,Email,0,1,2025-05-19 10:27:32,product_page
session_4902,Mobile,France,Google,0,0,2025-06-18 19:08:57,home
session_4903,Desktop,Germany,Direct,0,1,2025-08-28 19:52:59,product_page
session_4904,Mobile,Canada,Google,1,4,2025-07-26 18:10:58,confirmation
session_4905,Tablet,France,Social Media,0,1,2025-03-02 23:10:06,product_page
session_4906,Mobile,India,Direct,0,3,2025-04-23 14:26:55,checkout
session_4907,Tablet,USA,Email,0,3,2025-01-27 11:23:27,checkout
session_4908,Tablet,USA,Direct,0,1,2025-07-28 18:21:03,product_page
session_4909,Tablet,India,Social Media,0,0,2025-05-28 19:44:49,home
session_491,Mobile,Canada,Email,0,1,2025-01-19 16:14:55,product_page
session_4910,Mobile,USA,Social Media,0,1,2025-08-19 02:20:44,product_page
session_4911,Desktop,UK,Google,1,4,2025-01-05 14:49:43,confirmation
session_4912,Mobile,India,Google,0,1,2025-08-04 13:55:22,product_page
session_4913,Mobile,UK,Email,0,1,2025-02-14 09:56:50,product_page
session_4914,Desktop,USA,Direct,1,4,2025-06-28 14:57:41,confirmation
session_4915,Tablet,Germany,Email,0,1,2025-06-13 22:35:58,product_page
session_4916,Tablet,Australia,Email,0,0,2025-01-29 14:20:02,home
session_4917,Desktop,India,Social Media,1,4,2025-06-13 19:36:19,confirmation
session_4918,Tablet,USA,Email,0,1,2025-04-25 10:38:45,product_page
session_4919,Desktop,Germany,Direct,0,0,2025-06-06 16:18:33,home
session_492,Mobile,USA,Google,0,1,2025-04-21 09:10:28,product_page
session_4920,Desktop,Canada,Direct,0,1,2025-05-31 08:23:40,product_page
session_4921,Tablet,France,Social Media,0,1,2025-03-12 07:46:18,product_page
session_4922,Mobile,Australia,Social Media,0,1,2025-01-09 01:44:32,product_page
session_4923,Tablet,Canada,Google,1,4,2025-05-03 14:23:31,confirmation
session_4924,Desktop,Australia,Email,0,2,2025-03-23 05:20:42,cart
session_4925,Mobile,India,Google,0,0,2025-08-06 02:31:31,home
session_4926,Desktop,Germany,Email,0,0,2025-05-06 17:27:00,home
session_4927,Desktop,Germany,Google,0,0,2025-07-05 11:54:40,home
session_4928,Desktop,India,Direct,0,1,2025-02-01 17:12:12,product_page
session_4929,Tablet,Canada,Email,0,2,2025-01-26 11:32:36,cart
session_493,Tablet,UK,Email,0,1,2025-07-24 23:47:37,product_page
session_4930,Tablet,Germany,Email,0,1,2025-06-07 00:35:27,product_page
session_4931,Mobile,Germany,Email,0,1,2025-06-26 18:22:16,product_page
session_4932,Mobile,Germany,Email,0,0,2025-07-05 16:03:22,home
session_4933,Mobile,USA,Email,0,0,2025-04-26 01:30:02,home
session_4934,Desktop,France,Email,0,1,2025-07-16 20:59:55,product_page
session_4935,Mobile,India,Direct,0,2,2025-01-27 02:11:19,cart
session_4936,Tablet,UK,Google,0,1,2025-06-25 17:38:19,product_page
session_4937,Desktop,USA,Social Media,0,0,2025-05-18 14:08:34,home
session_4938,Mobile,India,Direct,0,1,2025-03-22 15:34:30,product_page
session_4939,Tablet,Germany,Direct,0,1,2025-01-22 16:47:20,product_page
session_494,Desktop,Canada,Google,0,1,2025-08-03 13:49:07,product_page
session_4940,Mobile,France,Direct,0,2,2025-03-23 21:13:06,cart
session_4941,Desktop,Canada,Direct,1,4,2025-01-29 23:10:06,confirmation
session_4942,Desktop,UK,Email,0,2,2025-03-07 07:56:30,cart
session_4943,Mobile,India,Google,1,4,2025-06-09 13:46:54,confirmation
session_4944,Tablet,Australia,Google,0,1,2025-03-28 15:51:01,product_page
session_4945,Tablet,Germany,Email,0,1,2025-07-06 21:46:43,product_page
session_4946,Desktop,USA,Google,0,3,2025-05-10 00:46:00,checkout
session_4947,Desktop,Australia,Google,0,2,2025-04-10 02:52:00,cart
session_4948,Mobile,USA,Google,0,1,2025-05-18 20:49:36,product_page
session_4949,Desktop,France,Email,0,2,2025-01-05 21:56:45,cart
session_495,Desktop,UK,Google,0,1,2025-03-25 15:39:19,product_page
session_4950,Desktop,India,Google,0,1,2025-04-21 00:47:51,product_page
session_4951,Desktop,Canada,Social Media,0,0,2025-01-30 03:49:34,home
session_4952,Mobile,Australia,Social Media,0,2,2025-04-29 19:40:38,cart
session_4953,Desktop,Australia,Email,0,0,2025-02-15 05:17:51,home
session_4954,Mobile,UK,Email,0,0,2025-01-15 10:37:53,home
session_4955,Tablet,France,Social Media,0,1,2025-05-07 23:44:50,product_page
session_4956,Tablet,India,Social Media,0,0,2025-06-16 09:05:05,home
session_4957,Tablet,India,Google,0,3,2025-07-29 22:45:16,checkout
session_4958,Desktop,Canada,Google,0,1,2025-01-07 21:50:52,product_page
session_4959,Tablet,Australia,Social Media,0,1,2025-05-11 06:36:56,product_page
session_496,Tablet,Australia,Social Media,0,1,2025-03-08 23:23:20,product_page
session_4960,Desktop,France,Social Media,0,3,2025-04-28 00:53:18,checkout
session_4961,Desktop,Germany,Google,0,0,2025-04-23 08:41:20,home
session_4962,Mobile,Australia,Social Media,0,0,2025-05-18 21:30:13,home
session_4963,Mobile,India,Direct,0,2,2025-01-12 18:51:42,cart
session_4964,Tablet,France,Direct,0,1,2025-02-21 03:54:55,product_page
session_4965,Tablet,Australia,Email,1,4,2025-06-09 20:35:23,confirmation
session_4966,Tablet,USA,Social Media,0,1,2025-08-17 16:04:27,product_page
session_4967,Desktop,Canada,Direct,0,1,2025-03-09 09:54:33,product_page
session_4968,Desktop,Australia,Email,1,4,2025-04-05 23:05:46,confirmation
session_4969,Mobile,Australia,Google,0,1,2025-05-06 02:02:35,product_page
session_497,Tablet,France,Email,0,0,2025-03-16 10:10:52,home
session_4970,Mobile,France,Direct,0,1,2025-07-01 22:08:22,product_page
session_4971,Desktop,Germany,Social Media,1,4,2025-03-19 23:52:56,confirmation
session_4972,Mobile,France,Social Media,0,1,2025-01-02 10:23:33,product_page
session_4973,Tablet,India,Social Media,0,0,2025-04-11 19:21:55,home
session_4974,Mobile,France,Social Media,0,1,2025-01-05 02:40:06,product_page
session_4975,Tablet,USA,Direct,1,4,2025-05-29 14:01:38,confirmation
session_4976,Desktop,Canada,Social Media,0,1,2025-02-01 21:18:41,product_page
session_4977,Mobile,Canada,Social Media,0,2,2025-03-24 20:08:46,cart
session_4978,Desktop,India,Direct,0,2,2025-03-27 13:41:52,cart
session_4979,Tablet,USA,Social Media,1,4,2025-05-15 06:39:55,confirmation
session_498,Tablet,Australia,Google,0,1,2025-02-03 13:00:56,product_page
session_4980,Desktop,Australia,Direct,0,1,2025-06-06 21:49:50,product_page
session_4981,Desktop,Canada,Email,1,4,2025-03-18 22:30:45,confirmation
session_4982,Desktop,France,Email,0,0,2025-03-14 23:37:24,home
session_4983,Tablet,India,Social Media,0,1,2025-08-08 04:03:00,product_page
session_4984,Desktop,USA,Email,1,4,2025-04-24 00:56:43,confirmation
session_4985,Desktop,India,Email,0,1,2025-07-18 15:29:53,product_page
session_4986,Desktop,France,Google,0,0,2025-03-05 12:49:44,home
session_4987,Mobile,Germany,Google,0,1,2025-04-25 03:27:46,product_page
session_4988,Tablet,France,Google,0,1,2025-02-04 20:56:38,product_page
session_4989,Tablet,India,Direct,1,4,2025-01-05 14:38:33,confirmation
session_499,Tablet,France,Google,0,1,2025-03-27 11:15:06,product_page
session_4990,Tablet,Germany,Direct,0,1,2025-02-13 14:32:23,product_page
session_4991,Mobile,Australia,Direct,0,0,2025-05-10 00:16:12,home
session_4992,Mobile,India,Google,0,0,2025-02-16 04:26:35,home
session_4993,Mobile,USA,Direct,0,1,2025-02-16 00:51:39,product_page
session_4994,Mobile,USA,Google,0,1,2025-02-25 11:06:50,product_page
session_4995,Mobile,India,Google,0,0,2025-02-08 18:59:21,home
session_4996,Desktop,Germany,Email,0,1,2025-07-11 10:19:43,product_page
session_4997,Desktop,Germany,Social Media,0,0,2025-05-27 19:54:51,home
session_4998,Tablet,Germany,Google,0,1,2025-01-07 04:26:16,product_page
session_4999,Mobile,Germany,Social Media,0,0,2025-05-24 05:09:58,home
session_5,Desktop,UK,Email,1,4,2025-01-08 20:58:18,confirmation
session_50,Mobile,UK,Direct,0,1,2025-06-27 16:43:33,product_page
session_500,Desktop,India,Email,0,0,2025-05-02 15:05:06,home
session_501,Desktop,Australia,Google,0,1,2025-03-12 11:45:11,product_page
session_502,Desktop,Germany,Social Media,0,1,2025-04-05 01:30:35,product_page
session_503,Desktop,Australia,Email,0,1,2025-02-26 23:13:33,product_page
session_504,Tablet,USA,Google,0,1,2025-08-06 02:02:42,product_page
session_505,Tablet,Canada,Social Media,0,1,2025-04-05 17:18:38,product_page
session_506,Desktop,Germany,Social Media,0,0,2025-03-13 19:53:13,home
session_507,Desktop,UK,Direct,0,1,2025-03-11 10:22:08,product_page
session_508,Mobile,Germany,Google,1,4,2025-03-14 17:47:04,confirmation
session_509,Tablet,Canada,Email,0,0,2025-02-01 15:17:58,home
session_51,Desktop,France,Social Media,1,4,2025-08-21 18:07:50,confirmation
session_510,Desktop,Australia,Direct,0,1,2025-05-24 06:11:55,product_page
session_511,Desktop,Canada,Email,0,1,2025-07-28 15:33:21,product_page
session_512,Tablet,France,Direct,0,1,2025-08-24 04:09:00,product_page
session_513,Mobile,Australia,Direct,0,1,2025-03-10 19:47:10,product_page
session_514,Mobile,Canada,Google,0,0,2025-01-07 23:33:35,home
session_515,Desktop,UK,Social Media,0,1,2025-04-21 18:34:14,product_page
session_516,Desktop,France,Social Media,0,1,2025-05-16 23:44:20,product_page
session_517,Desktop,Australia,Email,0,0,2025-06-13 03:46:38,home
session_518,Desktop,Canada,Social Media,0,1,2025-06-09 13:56:03,product_page
session_519,Desktop,Germany,Google,1,4,2025-03-07 07:52:58,confirmation
session_52,Tablet,Canada,Social Media,0,1,2025-06-09 14:55:06,product_page
session_520,Tablet,India,Direct,0,0,2025-07-30 09:18:20,home
session_521,Desktop,Germany,Email,0,2,2025-01-14 04:27:11,cart
session_522,Tablet,Canada,Email,0,0,2025-01-25 20:47:05,home
session_523,Tablet,France,Social Media,0,1,2025-06-13 06:36:51,product_page
session_524,Tablet,India,Email,0,1,2025-05-28 15:04:06,product_page
session_525,Mobile,Canada,Email,0,1,2025-07-01 18:00:23,product_page
session_526,Tablet,USA,Google,0,1,2025-06-14 15:42:15,product_page
session_527,Tablet,UK,Google,0,1,2025-01-01 12:51:56,product_page
session_528,Desktop,Germany,Social Media,0,1,2025-07-24 09:39:44,product_page
session_529,Tablet,India,Direct,0,0,2025-01-05 04:09:50,home
session_53,Desktop,India,Email,0,0,2025-01-24 13:06:02,home
session_530,Mobile,Canada,Google,1,4,2025-08-09 21:35:17,confirmation
session_531,Desktop,USA,Google,0,1,2025-02-17 21:19:11,product_page
session_532,Tablet,UK,Email,0,0,2025-04-26 11:56:50,home
session_533,Mobile,Canada,Google,0,1,2025-03-28 22:23:06,product_page
session_534,Desktop,USA,Direct,0,2,2025-01-07 12:35:31,cart
session_535,Mobile,USA,Social Media,1,4,2025-02-04 11:13:56,confirmation
session_536,Desktop,India,Google,0,0,2025-03-12 13:16:12,home
session_537,Desktop,Canada,Google,0,1,2025-08-19 14:00:52,product_page
session_538,Desktop,UK,Social Media,0,0,2025-04-05 13:04:10,home
session_539,Desktop,India,Google,0,1,2025-06-21 11:29:46,product_page
session_54,Desktop,India,Email,0,1,2025-07-15 22:13:28,product_page
session_540,Tablet,Australia,Direct,0,1,2025-07-13 23:14:07,product_page
session_541,Desktop,Germany,Google,0,1,2025-07-29 04:15:25,product_page
session_542,Tablet,UK,Social Media,0,1,2025-02-15 11:50:36,product_page
session_543,Tablet,India,Social Media,1,4,2025-05-16 02:43:58,confirmation
session_544,Tablet,France,Direct,0,0,2025-07-01 12:49:06,home
session_545,Mobile,Australia,Google,0,1,2025-01-24 13:48:49,product_page
session_546,Mobile,Germany,Email,0,1,2025-05-14 03:03:56,product_page
session_547,Tablet,Australia,Direct,0,1,2025-02-12 17:24:20,product_page
session_548,Mobile,Canada,Social Media,1,4,2025-05-05 04:49:05,confirmation
session_549,Desktop,Canada,Direct,0,1,2025-08-13 21:59:36,product_page
session_55,Tablet,UK,Google,0,1,2025-02-18 14:01:18,product_page
session_550,Tablet,India,Social Media,0,2,2025-03-25 17:40:23,cart
session_551,Tablet,France,Email,0,1,2025-01-23 13:38:32,product_page
session_552,Tablet,Canada,Google,0,2,2025-05-04 01:13:33,cart
session_553,Tablet,Canada,Direct,0,0,2025-06-30 18:52:54,home
session_554,Desktop,UK,Google,1,4,2025-08-22 02:26:53,confirmation
session_555,Tablet,UK,Direct,0,1,2025-08-18 11:58:38,product_page
session_556,Mobile,USA,Social Media,1,4,2025-05-26 03:35:38,confirmation
session_557,Mobile,Australia,Email,0,1,2025-03-10 12:46:38,product_page
session_558,Mobile,France,Social Media,0,1,2025-01-02 14:49:53,product_page
session_559,Mobile,UK,Social Media,1,4,2025-03-18 23:26:16,confirmation
session_56,Tablet,USA,Direct,0,1,2025-03-17 06:59:07,product_page
session_560,Desktop,UK,Email,0,0,2025-08-17 11:08:26,home
session_561,Mobile,Canada,Email,0,1,2025-05-24 21:06:19,product_page
session_562,Mobile,France,Email,0,2,2025-03-11 21:45:48,cart
session_563,Desktop,USA,Email,0,1,2025-05-03 02:39:49,product_page
session_564,Tablet,USA,Direct,0,0,2025-02-09 16:23:23,home
session_565,Desktop,Canada,Social Media,0,0,2025-08-08 12:32:06,home
session_566,Mobile,UK,Google,1,4,2025-06-02 12:57:16,confirmation
session_567,Tablet,Australia,Direct,0,0,2025-08-19 00:30:56,home
session_568,Tablet,Germany,Direct,0,0,2025-03-19 05:41:02,home
session_569,Desktop,Canada,Social Media,0,1,2025-05-25 18:52:02,product_page
session_57,Mobile,Germany,Social Media,1,4,2025-06-03 13:56:17,confirmation
session_570,Desktop,France,Google,0,1,2025-08-10 06:20:35,product_page
session_571,Mobile,UK,Email,0,1,2025-05-29 22:19:36,product_page
session_572,Tablet,India,Email,1,4,2025-02-01 14:42:02,confirmation
session_573,Tablet,Germany,Email,0,1,2025-08-08 06:26:57,product_page
session_574,Mobile,Germany,Google,0,1,2025-02-06 15:54:50,product_page
session_575,Tablet,UK,Direct,0,1,2025-06-23 18:13:45,product_page
session_576,Tablet,Australia,Email,0,1,2025-03-01 22:54:44,product_page
session_577,Tablet,India,Google,1,4,2025-02-27 16:01:15,confirmation
session_578,Mobile,USA,Social Media,0,1,2025-01-27 05:59:41,product_page
session_579,Tablet,Canada,Social Media,0,2,2025-01-02 01:03:42,cart
session_58,Mobile,UK,Email,0,0,2025-02-16 17:27:17,home
session_580,Tablet,Australia,Email,0,3,2025-05-05 19:12:12,checkout
session_581,Tablet,Germany,Email,0,1,2025-05-07 22:51:01,product_page
session_582,Desktop,USA,Direct,0,0,2025-07-26 01:45:54,home
session_583,Mobile,UK,Social Media,0,1,2025-06-21 15:28:06,product_page
session_584,Tablet,India,Social Media,0,0,2025-02-09 06:15:41,home
session_585,Tablet,Germany,Direct,0,0,2025-07-10 20:12:40,home
session_586,Tablet,Australia,Email,1,4,2025-03-29 18:34:32,confirmation
session_587,Tablet,India,Google,0,1,2025-05-19 19:42:54,product_page
session_588,Tablet,France,Email,0,1,2025-07-01 18:15:57,product_page
session_589,Desktop,Canada,Email,0,1,2025-05-12 07:13:34,product_page
session_59,Desktop,Australia,Email,0,1,2025-07-10 21:44:11,product_page
session_590,Mobile,France,Email,0,1,2025-06-19 15:59:24,product_page
session_591,Desktop,France,Social Media,0,0,2025-06-08 15:17:46,home
session_592,Tablet,UK,Direct,0,0,2025-06-13 13:59:58,home
session_593,Desktop,India,Email,0,2,2025-04-03 04:40:29,cart
session_594,Desktop,Canada,Social Media,0,1,2025-02-04 04:58:04,product_page
session_595,Tablet,India,Direct,0,1,2025-06-10 10:28:59,product_page
session_596,Mobile,Germany,Email,1,4,2025-04-16 01:00:00,confirmation
session_597,Tablet,Germany,Email,0,1,2025-06-07 18:32:22,product_page
session_598,Tablet,Canada,Direct,0,1,2025-02-15 03:52:02,product_page
session_599,Tablet,Australia,Google,1,4,2025-04-07 02:12:10,confirmation
session_6,Desktop,Australia,Social Media,0,0,2025-05-07 06:16:05,home
session_60,Desktop,USA,Email,0,0,2025-05-09 13:10:09,home
session_600,Mobile,UK,Google,0,0,2025-05-22 19:18:26,home
session_601,Desktop,Germany,Google,0,2,2025-01-30 01:15:09,cart
session_602,Desktop,Australia,Google,0,0,2025-03-14 10:58:39,home
session_603,Tablet,Australia,Direct,0,1,2025-07-25 12:29:57,product_page
session_604,Tablet,Australia,Direct,0,2,2025-02-09 09:48:39,cart
session_605,Mobile,Germany,Direct,1,4,2025-08-08 07:38:53,confirmation
session_606,Tablet,Germany,Social Media,0,0,2025-03-23 03:29:28,home
session_607,Desktop,USA,Google,0,1,2025-07-29 03:34:37,product_page
session_608,Tablet,Australia,Email,1,4,2025-07-09 01:59:56,confirmation
session_609,Mobile,USA,Email,1,4,2025-01-19 02:04:14,confirmation
session_61,Desktop,Germany,Social Media,0,1,2025-03-01 18:53:35,product_page
session_610,Mobile,Australia,Email,0,0,2025-01-11 21:16:39,home
session_611,Tablet,France,Social Media,0,3,2025-02-07 03:31:03,checkout
session_612,Desktop,Canada,Social Media,1,4,2025-07-11 23:38:38,confirmation
session_613,Tablet,UK,Social Media,0,1,2025-07-26 13:33:54,product_page
session_614,Tablet,France,Email,0,1,2025-04-04 18:42:44,product_page
session_615,Desktop,Germany,Social Media,0,1,2025-03-13 22:22:07,product_page
session_616,Tablet,UK,Direct,0,0,2025-05-03 07:20:20,home
session_617,Tablet,India,Social Media,1,4,2025-01-08 04:52:39,confirmation
session_618,Tablet,India,Google,0,1,2025-02-10 07:44:23,product_page
session_619,Desktop,France,Email,0,3,2025-04-07 13:30:14,checkout
session_62,Desktop,Germany,Email,0,1,2025-08-30 13:35:34,product_page
session_620,Tablet,Canada,Email,0,1,2025-01-25 15:45:22,product_page
session_621,Desktop,Germany,Social Media,1,4,2025-08-13 23:05:03,confirmation
session_622,Mobile,Australia,Social Media,0,0,2025-02-12 13:27:47,home
session_623,Desktop,Australia,Direct,0,0,2025-08-20 07:45:54,home
session_624,Mobile,UK,Direct,0,2,2025-05-08 16:30:36,cart
session_625,Mobile,USA,Email,0,1,2025-01-24 06:06:09,product_page
session_626,Tablet,France,Social Media,0,0,2025-03-22 12:07:56,home
session_627,Tablet,UK,Social Media,0,3,2025-03-23 14:55:37,checkout
session_628,Mobile,USA,Google,0,1,2025-07-13 21:51:03,product_page
session_629,Desktop,Germany,Email,0,1,2025-03-15 03:29:41,product_page
session_63,Desktop,India,Social Media,1,4,2025-08-14 15:12:15,confirmation
session_630,Tablet,USA,Google,0,1,2025-04-16 01:11:39,product_page
session_631,Desktop,Australia,Direct,0,1,2025-03-01 07:54:56,product_page
session_632,Mobile,Australia,Google,0,0,2025-02-08 21:17:14,home
session_633,Mobile,India,Direct,1,4,2025-08-22 21:44:57,confirmation
session_634,Tablet,USA,Direct,0,0,2025-01-14 18:38:38,home
session_635,Desktop,France,Google,0,1,2025-07-26 15:56:56,product_page
session_636,Desktop,France,Direct,0,2,2025-04-16 18:57:15,cart
session_637,Mobile,UK,Email,1,4,2025-04-04 19:08:42,confirmation
session_638,Mobile,Canada,Social Media,0,1,2025-04-05 22:08:31,product_page
session_639,Desktop,Australia,Social Media,0,0,2025-08-15 05:45:30,home
session_64,Tablet,Canada,Direct,0,2,2025-01-06 22:18:14,cart
session_640,Desktop,Germany,Google,0,1,2025-04-14 21:29:30,product_page
session_641,Desktop,Germany,Google,0,1,2025-08-31 13:51:16,product_page
session_642,Tablet,Canada,Email,0,1,2025-05-12 19:31:49,product_page
session_643,Tablet,UK,Social Media,1,4,2025-02-11 14:12:03,confirmation
session_644,Tablet,France,Direct,0,2,2025-03-21 03:28:06,cart
session_645,Tablet,UK,Direct,0,1,2025-01-27 11:36:43,product_page
session_646,Mobile,India,Google,0,0,2025-06-20 00:44:57,home
session_647,Desktop,Australia,Email,0,1,2025-08-03 09:49:56,product_page
session_648,Mobile,Germany,Direct,1,4,2025-06-05 07:24:47,confirmation
session_649,Tablet,Australia,Google,0,1,2025-04-23 13:30:44,product_page
session_65,Tablet,India,Google,1,4,2025-03-05 19:49:12,confirmation
session_650,Desktop,USA,Email,0,0,2025-07-27 20:05:52,home
session_651,Tablet,USA,Social Media,0,0,2025-04-25 02:57:14,home
session_652,Mobile,USA,Social Media,0,1,2025-05-11 20:10:59,product_page
session_653,Desktop,USA,Social Media,1,4,2025-04-14 04:07:43,confirmation
session_654,Tablet,France,Social Media,0,1,2025-08-10 02:09:41,product_page
session_655,Mobile,USA,Social Media,0,1,2025-01-23 20:26:33,product_page
session_656,Tablet,UK,Google,0,0,2025-06-08 23:43:54,home
session_657,Mobile,India,Email,0,0,2025-05-06 16:16:07,home
session_658,Tablet,France,Direct,0,1,2025-02-25 09:58:01,product_page
session_659,Mobile,Australia,Social Media,0,2,2025-03-29 03:03:53,cart
session_66,Mobile,UK,Social Media,0,1,2025-03-17 04:23:43,product_page
session_660,Mobile,Canada,Google,1,4,2025-03-07 17:21:58,confirmation
session_661,Mobile,Germany,Social Media,0,0,2025-06-24 05:51:21,home
session_662,Desktop,India,Google,1,4,2025-01-13 14:38:34,confirmation
session_663,Desktop,Canada,Direct,0,2,2025-05-09 15:26:26,cart
session_664,Desktop,France,Email,0,1,2025-04-24 15:10:45,product_page
session_665,Desktop,USA,Social Media,0,0,2025-02-03 10:35:04,home
session_666,Mobile,France,Google,0,0,2025-08-16 03:40:23,home
session_667,Desktop,Canada,Google,0,2,2025-02-16 02:24:28,cart
session_668,Tablet,Canada,Google,0,1,2025-07-29 01:09:40,product_page
session_669,Desktop,Australia,Social Media,0,2,2025-08-31 23:03:05,cart
session_67,Mobile,UK,Direct,0,1,2025-05-20 22:42:31,product_page
session_670,Mobile,India,Email,1,4,2025-08-28 02:05:24,confirmation
session_671,Desktop,UK,Direct,0,0,2025-05-25 23:47:21,home
session_672,Tablet,India,Social Media,0,1,2025-02-04 23:16:36,product_page
session_673,Desktop,USA,Social Media,0,1,2025-03-21 12:18:22,product_page
session_674,Mobile,India,Social Media,1,4,2025-03-30 19:04:38,confirmation
session_675,Desktop,UK,Social Media,0,0,2025-07-09 22:56:34,home
session_676,Mobile,Canada,Google,1,4,2025-08-03 09:59:47,confirmation
session_677,Tablet,Germany,Social Media,0,1,2025-01-19 19:01:09,product_page
session_678,Tablet,UK,Direct,0,0,2025-01-18 23:01:29,home
session_679,Tablet,Australia,Social Media,1,4,2025-06-07 17:29:50,confirmation
session_68,Desktop,Germany,Social Media,1,4,2025-02-02 23:11:17,confirmation
session_680,Tablet,USA,Email,0,1,2025-01-24 08:32:46,product_page
session_681,Tablet,Australia,Google,1,4,2025-03-21 23:36:24,confirmation
session_682,Tablet,India,Email,0,0,2025-05-19 13:25:00,home
session_683,Tablet,Australia,Google,0,0,2025-01-09 00:30:22,home
session_684,Mobile,Canada,Email,0,1,2025-08-04 04:37:56,product_page
session_685,Desktop,UK,Google,0,1,2025-08-19 22:01:50,product_page
session_686,Tablet,UK,Direct,1,4,2025-07-25 15:53:30,confirmation
session_687,Desktop,India,Social Media,0,1,2025-03-25 15:25:32,product_page
session_688,Tablet,Germany,Email,1,4,2025-07-26 13:58:09,confirmation
session_689,Mobile,Germany,Direct,1,4,2025-06-04 16:44:10,confirmation
session_69,Mobile,France,Social Media,0,1,2025-08-07 15:18:08,product_page
session_690,Mobile,UK,Google,0,1,2025-05-16 11:30:44,product_page
session_691,Desktop,Australia,Google,0,0,2025-03-14 02:06:27,home
session_692,Mobile,Germany,Google,0,2,2025-05-26 20:41:13,cart
session_693,Desktop,Canada,Direct,0,1,2025-08-01 18:09:56,product_page
session_694,Mobile,USA,Direct,0,0,2025-03-14 16:13:04,home
session_695,Mobile,France,Google,1,4,2025-03-30 16:48:30,confirmation
session_696,Mobile,France,Direct,0,1,2025-01-20 17:13:33,product_page
session_697,Mobile,Australia,Email,0,1,2025-03-10 18:07:00,product_page
session_698,Tablet,Canada,Direct,0,1,2025-07-30 15:12:27,product_page
session_699,Tablet,India,Google,0,1,2025-04-20 22:41:08,product_page
session_7,Desktop,Australia,Google,0,1,2025-08-04 20:16:03,product_page
session_70,Tablet,Australia,Email,1,4,2025-02-27 02:03:59,confirmation
session_700,Desktop,Australia,Social Media,0,1,2025-04-09 14:16:04,product_page
session_701,Desktop,UK,Direct,0,1,2025-05-19 00:04:31,product_page
session_702,Mobile,USA,Google,0,1,2025-06-25 19:53:46,product_page
session_703,Tablet,France,Social Media,1,4,2025-05-21 17:00:58,confirmation
session_704,Mobile,Germany,Direct,0,1,2025-01-04 16:20:52,product_page
session_705,Mobile,Canada,Social Media,0,0,2025-07-07 10:54:24,home
session_706,Mobile,UK,Direct,1,4,2025-02-15 22:13:09,confirmation
session_707,Mobile,Australia,Google,0,1,2025-04-05 15:28:30,product_page
session_708,Tablet,France,Social Media,0,0,2025-07-04 08:37:29,home
session_709,Tablet,USA,Social Media,0,1,2025-07-07 10:53:09,product_page
session_71,Mobile,Canada,Social Media,1,4,2025-02-03 02:46:00,confirmation
session_710,Tablet,Australia,Email,0,1,2025-04-04 05:15:16,product_page
session_711,Desktop,Canada,Direct,0,0,2025-04-18 23:38:21,home
session_712,Desktop,USA,Direct,0,1,2025-07-28 08:58:02,product_page
session_713,Tablet,Germany,Social Media,0,0,2025-05-21 19:00:13,home
session_714,Desktop,Germany,Google,0,1,2025-06-22 00:23:59,product_page
session_715,Tablet,Australia,Email,1,4,2025-02-06 01:44:38,confirmation
session_716,Desktop,USA,Social Media,0,1,2025-06-15 20:09:35,product_page
session_717,Desktop,UK,Social Media,0,0,2025-01-30 03:30:03,home
session_718,Mobile,Canada,Google,0,0,2025-01-09 17:56:52,home
session_719,Tablet,Australia,Google,0,1,2025-06-28 04:20:28,product_page
session_72,Desktop,France,Direct,1,4,2025-06-14 11:02:04,confirmation
session_720,Tablet,Germany,Direct,0,1,2025-02-17 14:28:45,product_page
session_721,Desktop,USA,Direct,0,1,2025-04-21 02:03:38,product_page
session_722,Desktop,Australia,Direct,0,0,2025-02-17 07:19:18,home
session_723,Mobile,USA,Social Media,0,1,2025-02-17 14:02:20,product_page
session_724,Desktop,USA,Email,0,3,2025-01-20 11:45:49,checkout
session_725,Mobile,France,Social Media,1,4,2025-04-22 09:58:53,confirmation
session_726,Mobile,France,Social Media,0,1,2025-05-25 12:44:36,product_page
session_727,Desktop,USA,Email,0,0,2025-08-22 08:42:47,home
session_728,Mobile,USA,Google,0,1,2025-08-25 06:53:39,product_page
session_729,Desktop,Canada,Direct,0,1,2025-07-30 16:39:15,product_page
session_73,Desktop,Germany,Email,0,1,2025-01-15 00:15:21,product_page
session_730,Mobile,Australia,Email,0,0,2025-02-15 10:57:44,home
session_731,Tablet,India,Google,0,1,2025-08-16 19:13:32,product_page
session_732,Desktop,Germany,Email,0,2,2025-04-13 14:41:31,cart
session_733,Tablet,USA,Direct,0,0,2025-04-17 14:20:07,home
session_734,Mobile,Canada,Social Media,0,2,2025-06-02 07:58:29,cart
session_735,Desktop,USA,Direct,0,0,2025-06-19 21:22:52,home
session_736,Mobile,France,Social Media,0,1,2025-08-20 16:02:24,product_page
session_737,Desktop,UK,Google,0,0,2025-06-03 13:56:04,home
session_738,Desktop,India,Direct,0,1,2025-08-14 09:55:03,product_page
session_739,Mobile,India,Google,0,1,2025-02-11 08:11:11,product_page
session_74,Mobile,Germany,Google,0,1,2025-03-13 16:04:05,product_page
session_740,Tablet,India,Email,0,1,2025-06-01 20:06:48,product_page
session_741,Tablet,UK,Direct,0,0,2025-07-29 19:22:53,home
session_742,Mobile,Germany,Email,0,1,2025-06-01 09:24:51,product_page
session_743,Tablet,Australia,Google,0,2,2025-03-12 07:49:25,cart
session_744,Tablet,USA,Direct,0,1,2025-02-18 23:48:32,product_page
session_745,Desktop,Germany,Direct,0,1,2025-07-31 17:27:14,product_page
session_746,Desktop,India,Direct,0,1,2025-06-10 06:55:38,product_page
session_747,Tablet,USA,Google,0,0,2025-07-24 16:48:09,home
session_748,Desktop,USA,Email,0,2,2025-02-17 13:03:51,cart
session_749,Tablet,France,Social Media,0,0,2025-05-16 23:48:41,home
session_75,Desktop,Canada,Email,0,0,2025-03-11 08:11:01,home
session_750,Mobile,Australia,Social Media,0,1,2025-04-25 02:13:55,product_page
session_751,Mobile,Australia,Social Media,0,1,2025-03-12 16:36:17,product_page
session_752,Desktop,Australia,Google,0,1,2025-03-19 22:57:26,product_page
session_753,Desktop,France,Email,0,1,2025-03-16 08:50:42,product_page
session_754,Mobile,UK,Google,0,3,2025-03-18 12:15:11,checkout
session_755,Mobile,Germany,Social Media,0,1,2025-03-11 21:18:55,product_page
session_756,Desktop,France,Social Media,0,1,2025-05-05 06:25:29,product_page
session_757,Desktop,Canada,Google,0,1,2025-07-02 04:16:41,product_page
session_758,Tablet,USA,Social Media,0,0,2025-08-24 13:15:47,home
session_759,Mobile,USA,Social Media,0,2,2025-05-30 02:29:25,cart
session_76,Desktop,USA,Email,0,0,2025-08-24 23:07:24,home
session_760,Mobile,Australia,Email,0,0,2025-06-15 14:26:38,home
session_761,Tablet,Australia,Email,0,1,2025-02-10 23:39:33,product_page
session_762,Desktop,Canada,Google,1,4,2025-03-08 16:05:42,confirmation
session_763,Desktop,Australia,Direct,0,1,2025-04-15 19:03:37,product_page
session_764,Mobile,India,Email,0,1,2025-01-14 04:29:43,product_page
session_765,Desktop,Australia,Social Media,0,1,2025-05-07 20:20:37,product_page
session_766,Mobile,Canada,Social Media,1,4,2025-05-19 19:46:43,confirmation
session_767,Mobile,UK,Direct,0,0,2025-04-10 08:25:34,home
session_768,Tablet,Canada,Email,1,4,2025-04-29 00:20:28,confirmation
session_769,Desktop,USA,Social Media,0,1,2025-05-08 16:46:36,product_page
session_77,Mobile,Australia,Social Media,0,1,2025-06-26 15:44:59,product_page
session_770,Tablet,UK,Social Media,0,2,2025-04-02 17:55:46,cart
session_771,Tablet,UK,Direct,1,4,2025-06-15 20:58:22,confirmation
session_772,Tablet,USA,Google,1,4,2025-05-15 23:07:34,confirmation
session_773,Tablet,Australia,Social Media,0,0,2025-06-28 20:17:47,home
session_774,Tablet,France,Direct,0,1,2025-01-05 23:30:25,product_page
session_775,Mobile,Canada,Direct,0,1,2025-01-16 01:59:15,product_page
session_776,Tablet,India,Social Media,0,2,2025-02-26 07:44:14,cart
session_777,Mobile,India,Direct,0,1,2025-01-18 19:15:31,product_page
session_778,Tablet,UK,Social Media,0,1,2025-08-18 07:51:12,product_page
session_779,Tablet,Germany,Google,0,1,2025-07-04 01:35:27,product_page
session_78,Mobile,USA,Social Media,0,1,2025-08-01 08:20:58,product_page
session_780,Tablet,Germany,Email,0,3,2025-05-04 05:39:58,checkout
session_781,Mobile,Australia,Social Media,0,1,2025-02-25 07:08:31,product_page
session_782,Mobile,India,Email,0,0,2025-05-12 16:52:53,home
session_783,Desktop,Germany,Direct,0,1,2025-08-20 09:36:38,product_page
session_784,Tablet,USA,Social Media,1,4,2025-06-28 17:30:45,confirmation
session_785,Tablet,Germany,Google,0,0,2025-02-19 14:51:22,home
session_786,Mobile,Australia,Google,0,1,2025-07-27 21:17:43,product_page
session_787,Tablet,Germany,Social Media,0,2,2025-01-22 21:09:25,cart
session_788,Tablet,Germany,Social Media,1,4,2025-08-31 08:18:33,confirmation
session_789,Tablet,India,Direct,0,0,2025-05-03 15:51:21,home
session_79,Desktop,Canada,Social Media,0,1,2025-07-13 02:29:02,product_page
session_790,Desktop,USA,Social Media,0,1,2025-02-10 02:46:37,product_page
session_791,Desktop,UK,Direct,0,0,2025-02-16 06:22:37,home
session_792,Mobile,Australia,Social Media,0,1,2025-04-07 21:14:19,product_page
session_793,Desktop,UK,Social Media,0,1,2025-05-06 12:54:11,product_page
session_794,Desktop,UK,Direct,0,0,2025-01-09 06:26:10,home
session_795,Mobile,USA,Google,0,1,2025-03-07 14:25:33,product_page
session_796,Tablet,France,Social Media,0,0,2025-06-29 09:23:13,home
session_797,Tablet,USA,Google,1,4,2025-05-26 12:21:15,confirmation
session_798,Desktop,Canada,Social Media,0,0,2025-04-07 00:05:49,home
session_799,Mobile,India,Direct,0,1,2025-07-02 08:22:34,product_page
session_8,Mobile,France,Email,0,1,2025-07-19 02:20:56,product_page
session_80,Mobile,Australia,Social Media,0,1,2025-03-12 13:18:44,product_page
session_800,Tablet,India,Email,0,3,2025-03-19 05:18:20,checkout
session_801,Tablet,UK,Google,0,0,2025-01-05 19:56:04,home
session_802,Mobile,India,Direct,1,4,2025-04-16 16:07:09,confirmation
session_803,Mobile,UK,Direct,0,1,2025-07-06 05:53:06,product_page
session_804,Tablet,Australia,Social Media,0,1,2025-06-29 05:50:36,product_page
session_805,Mobile,USA,Direct,1,4,2025-03-10 21:37:35,confirmation
session_806,Tablet,Australia,Social Media,1,4,2025-07-01 12:55:28,confirmation
session_807,Desktop,India,Google,0,0,2025-08-26 01:31:03,home
session_808,Desktop,UK,Email,0,1,2025-01-19 03:13:25,product_page
session_809,Mobile,Canada,Email,0,1,2025-05-15 00:12:14,product_page
session_81,Desktop,Germany,Direct,0,1,2025-01-10 01:15:25,product_page
session_810,Mobile,Germany,Direct,0,2,2025-03-08 10:13:21,cart
session_811,Desktop,Germany,Google,0,0,2025-01-07 01:38:35,home
session_812,Desktop,UK,Email,0,0,2025-03-06 11:20:45,home
session_813,Tablet,Canada,Direct,0,1,2025-05-23 20:02:41,product_page
session_814,Tablet,France,Google,0,1,2025-06-26 04:57:31,product_page
session_815,Desktop,Germany,Direct,0,1,2025-01-09 06:57:41,product_page
session_816,Mobile,India,Email,0,1,2025-01-01 00:09:11,product_page
session_817,Desktop,France,Google,0,1,2025-08-12 12:15:47,product_page
session_818,Desktop,Germany,Direct,0,0,2025-05-13 21:18:06,home
session_819,Desktop,USA,Google,0,1,2025-08-13 03:17:54,product_page
session_82,Mobile,France,Google,0,1,2025-01-24 22:09:59,product_page
session_820,Tablet,France,Social Media,0,1,2025-05-25 13:58:02,product_page
session_821,Mobile,Germany,Social Media,0,2,2025-08-26 12:17:39,cart
session_822,Mobile,USA,Google,0,1,2025-02-10 18:41:01,product_page
session_823,Desktop,Australia,Direct,0,2,2025-07-18 02:13:41,cart
session_824,Mobile,Canada,Social Media,0,1,2025-05-11 21:32:45,product_page
session_825,Mobile,Canada,Google,1,4,2025-01-17 08:53:37,confirmation
session_826,Mobile,USA,Direct,0,2,2025-03-29 21:54:03,cart
session_827,Mobile,Germany,Google,0,1,2025-08-31 07:05:35,product_page
session_828,Mobile,France,Social Media,1,4,2025-06-18 22:28:07,confirmation
session_829,Mobile,Germany,Social Media,0,1,2025-02-28 02:23:48,product_page
session_83,Tablet,Australia,Direct,0,2,2025-08-01 15:43:00,cart
session_830,Desktop,UK,Social Media,1,4,2025-02-12 11:30:25,confirmation
session_831,Tablet,USA,Social Media,0,1,2025-03-03 09:42:51,product_page
session_832,Tablet,India,Social Media,0,0,2025-05-18 07:12:10,home
session_833,Mobile,Australia,Social Media,0,0,2025-04-09 00:02:32,home
session_834,Desktop,Australia,Email,0,2,2025-04-08 09:21:21,cart
session_835,Desktop,Australia,Direct,0,1,2025-06-18 15:40:40,product_page
session_836,Mobile,UK,Email,0,0,2025-07-26 02:31:53,home
session_837,Mobile,Australia,Social Media,0,1,2025-04-09 21:27:00,product_page
session_838,Mobile,France,Direct,1,4,2025-01-10 13:50:41,confirmation
session_839,Desktop,India,Social Media,1,4,2025-07-22 16:00:01,confirmation
session_84,Desktop,France,Email,1,4,2025-04-19 11:59:52,confirmation
session_840,Mobile,Australia,Social Media,0,1,2025-01-02 11:03:20,product_page
session_841,Tablet,Australia,Direct,0,0,2025-08-22 09:46:33,home
session_842,Tablet,USA,Social Media,0,0,2025-01-21 06:44:33,home
session_843,Tablet,India,Social Media,0,0,2025-01-19 11:18:30,home
session_844,Mobile,India,Direct,0,1,2025-08-08 06:09:15,product_page
session_845,Mobile,France,Google,0,1,2025-07-13 09:11:01,product_page
session_846,Tablet,USA,Email,0,1,2025-08-14 23:44:11,product_page
session_847,Mobile,India,Email,0,2,2025-08-22 22:28:54,cart
session_848,Tablet,UK,Email,0,0,2025-06-06 23:16:28,home
session_849,Mobile,France,Google,0,2,2025-06-04 16:03:51,cart
session_85,Mobile,USA,Email,0,1,2025-05-09 07:33:46,product_page
session_850,Desktop,Australia,Google,0,2,2025-03-17 14:53:11,cart
session_851,Mobile,Canada,Email,0,1,2025-01-17 03:36:19,product_page
session_852,Mobile,Germany,Email,0,1,2025-02-26 08:01:42,product_page
session_853,Tablet,France,Email,0,1,2025-03-01 08:13:59,product_page
session_854,Desktop,UK,Email,0,2,2025-02-10 19:00:38,cart
session_855,Mobile,Canada,Email,0,0,2025-05-10 19:14:34,home
session_856,Mobile,France,Social Media,0,3,2025-03-04 08:57:30,checkout
session_857,Tablet,India,Social Media,0,0,2025-06-08 05:06:45,home
session_858,Desktop,India,Google,0,1,2025-04-24 16:43:47,product_page
session_859,Mobile,Germany,Google,0,1,2025-01-13 04:30:21,product_page
session_86,Mobile,India,Direct,0,1,2025-07-31 15:29:10,product_page
session_860,Tablet,Germany,Direct,0,0,2025-05-28 13:37:12,home
session_861,Tablet,India,Social Media,0,1,2025-07-16 23:29:04,product_page
session_862,Desktop,India,Email,0,0,2025-08-15 19:44:07,home
session_863,Tablet,USA,Social Media,0,1,2025-01-18 20:50:10,product_page
session_864,Mobile,Germany,Email,0,1,2025-08-16 21:59:50,product_page
session_865,Desktop,Canada,Google,0,1,2025-01-23 22:52:37,product_page
session_866,Desktop,UK,Social Media,0,2,2025-04-20 04:59:56,cart
session_867,Mobile,USA,Google,1,4,2025-03-12 01:06:21,confirmation
session_868,Mobile,Canada,Direct,0,1,2025-05-15 07:56:21,product_page
session_869,Mobile,Australia,Email,0,3,2025-04-05 09:02:55,checkout
session_87,Tablet,India,Email,0,1,2025-07-17 04:23:56,product_page
session_870,Mobile,France,Direct,0,1,2025-05-14 20:46:04,product_page
session_871,Desktop,UK,Direct,0,0,2025-03-11 13:55:28,home
session_872,Tablet,UK,Direct,1,4,2025-03-04 05:56:32,confirmation
session_873,Desktop,India,Social Media,0,0,2025-01-04 11:23:56,home
session_874,Mobile,India,Email,0,1,2025-01-06 03:35:24,product_page
session_875,Mobile,USA,Google,0,2,2025-01-10 09:40:33,cart
session_876,Mobile,UK,Email,0,0,2025-02-28 05:44:38,home
session_877,Mobile,Canada,Google,1,4,2025-02-17 17:34:22,confirmation
session_878,Desktop,Canada,Email,0,1,2025-07-01 06:16:03,product_page
session_879,Mobile,India,Direct,0,0,2025-08-29 18:39:12,home
session_88,Desktop,France,Social Media,0,2,2025-04-29 10:09:31,cart
session_880,Tablet,UK,Direct,0,1,2025-05-04 04:19:08,product_page
session_881,Desktop,UK,Social Media,1,4,2025-07-28 10:01:10,confirmation
session_882,Tablet,India,Social Media,0,1,2025-08-13 11:55:53,product_page
session_883,Desktop,Germany,Email,0,1,2025-03-19 11:22:34,product_page
session_884,Mobile,India,Email,0,1,2025-05-15 21:46:17,product_page
session_885,Desktop,India,Social Media,0,1,2025-08-14 05:21:10,product_page
session_886,Tablet,Canada,Social Media,1,4,2025-06-15 18:16:25,confirmation
session_887,Desktop,India,Email,0,3,2025-01-17 12:22:33,checkout
session_888,Tablet,Germany,Google,0,1,2025-04-28 03:48:18,product_page
session_889,Desktop,USA,Email,0,1,2025-06-06 17:16:27,product_page
session_89,Mobile,France,Direct,1,4,2025-03-21 17:21:03,confirmation
session_890,Desktop,Canada,Social Media,0,1,2025-06-18 14:16:13,product_page
session_891,Desktop,UK,Email,0,1,2025-07-03 03:32:36,product_page
session_892,Mobile,UK,Direct,0,1,2025-02-10 21:18:00,product_page
session_893,Desktop,Australia,Google,0,3,2025-03-16 08:58:57,checkout
session_894,Mobile,Australia,Email,0,2,2025-05-03 13:26:54,cart
session_895,Mobile,UK,Social Media,0,0,2025-06-24 10:24:10,home
session_896,Tablet,USA,Email,0,1,2025-03-27 17:07:01,product_page
session_897,Tablet,France,Google,0,1,2025-08-27 04:04:06,product_page
session_898,Tablet,UK,Google,0,1,2025-08-04 18:46:34,product_page
session_899,Desktop,India,Email,0,2,2025-05-30 21:36:20,cart
session_9,Tablet,India,Social Media,0,2,2025-02-14 21:33:16,cart
session_90,Tablet,Germany,Google,0,2,2025-06-22 16:00:12,cart
session_900,Desktop,India,Social Media,0,0,2025-04-28 19:12:13,home
session_901,Desktop,India,Google,0,1,2025-01-14 13:20:54,product_page
session_902,Mobile,Australia,Direct,0,1,2025-04-15 15:29:03,product_page
session_903,Tablet,India,Email,1,4,2025-08-04 06:17:44,confirmation
session_904,Tablet,India,Direct,0,1,2025-08-09 09:09:23,product_page
session_905,Mobile,UK,Direct,0,2,2025-03-17 14:44:36,cart
session_906,Mobile,Australia,Email,0,1,2025-01-28 14:10:39,product_page
session_907,Desktop,Germany,Google,0,1,2025-07-16 00:35:25,product_page
session_908,Mobile,Germany,Direct,0,1,2025-03-06 00:27:16,product_page
session_909,Desktop,Germany,Email,0,1,2025-04-22 16:41:23,product_page
session_91,Desktop,France,Social Media,0,0,2025-02-20 19:25:41,home
session_910,Tablet,Germany,Google,0,0,2025-05-11 02:32:44,home
session_911,Desktop,USA,Google,0,1,2025-02-25 20:32:40,product_page
session_912,Desktop,France,Google,1,4,2025-03-25 23:41:07,confirmation
session_913,Tablet,USA,Direct,0,1,2025-01-21 15:48:09,product_page
session_914,Mobile,India,Social Media,0,1,2025-03-14 10:01:01,product_page
session_915,Tablet,Canada,Direct,1,4,2025-04-05 02:27:57,confirmation
session_916,Desktop,USA,Google,0,3,2025-08-12 10:18:59,checkout
session_917,Tablet,India,Direct,0,1,2025-06-24 22:34:21,product_page
session_918,Desktop,Australia,Google,0,1,2025-03-20 11:17:26,product_page
session_919,Mobile,India,Social Media,1,4,2025-08-03 20:48:05,confirmation
session_92,Mobile,UK,Email,0,2,2025-01-30 07:01:49,cart
session_920,Tablet,USA,Social Media,0,1,2025-08-04 18:10:01,product_page
session_921,Desktop,USA,Google,0,0,2025-04-11 11:06:00,home
session_922,Desktop,France,Social Media,0,0,2025-05-31 12:46:20,home
session_923,Mobile,Australia,Email,0,1,2025-05-16 17:32:26,product_page
session_924,Desktop,Germany,Email,1,4,2025-08-22 05:07:41,confirmation
session_925,Desktop,France,Google,1,4,2025-06-30 16:24:33,confirmation
session_926,Mobile,India,Direct,0,1,2025-02-22 06:51:46,product_page
session_927,Desktop,UK,Google,0,1,2025-08-28 04:18:11,product_page
session_928,Mobile,Australia,Social Media,0,1,2025-02-05 14:22:43,product_page
session_929,Tablet,Canada,Direct,0,1,2025-01-02 22:08:28,product_page
session_93,Desktop,India,Google,1,4,2025-01-16 17:17:05,confirmation
session_930,Mobile,Canada,Social Media,0,0,2025-07-25 05:34:02,home
session_931,Tablet,Germany,Direct,0,1,2025-01-28 00:13:24,product_page
session_932,Mobile,India,Direct,0,2,2025-02-07 17:34:13,cart
session_933,Desktop,Germany,Social Media,0,3,2025-07-30 08:40:01,checkout
session_934,Desktop,India,Email,0,1,2025-01-01 17:59:05,product_page
session_935,Tablet,UK,Social Media,0,1,2025-06-28 18:11:50,product_page
session_936,Tablet,Canada,Direct,0,2,2025-01-20 06:56:34,cart
session_937,Mobile,UK,Social Media,0,1,2025-07-08 20:49:08,product_page
session_938,Tablet,Canada,Social Media,0,1,2025-05-09 09:53:16,product_page
session_939,Desktop,Canada,Google,0,1,2025-04-22 19:23:37,product_page
session_94,Mobile,Germany,Google,0,0,2025-01-19 20:17:08,home
session_940,Mobile,India,Email,0,1,2025-07-07 13:44:47,product_page
session_941,Tablet,Canada,Social Media,0,0,2025-02-06 05:41:05,home
session_942,Mobile,India,Direct,0,0,2025-03-31 03:50:40,home
session_943,Desktop,Australia,Social Media,0,1,2025-06-10 14:56:55,product_page
session_944,Tablet,Germany,Social Media,0,1,2025-06-12 20:40:22,product_page
session_945,Tablet,USA,Google,0,1,2025-07-19 00:05:44,product_page
session_946,Mobile,Canada,Email,0,1,2025-08-09 19:31:07,product_page
session_947,Desktop,UK,Email,0,0,2025-08-03 03:57:31,home
session_948,Mobile,Germany,Direct,0,1,2025-06-04 21:34:10,product_page
session_949,Tablet,USA,Email,0,0,2025-05-17 15:54:11,home
session_95,Mobile,Australia,Direct,0,1,2025-03-03 09:26:35,product_page
session_950,Desktop,UK,Email,0,1,2025-08-01 08:36:31,product_page
session_951,Desktop,Canada,Google,0,2,2025-02-28 17:28:03,cart
session_952,Mobile,Canada,Email,1,4,2025-08-19 05:04:53,confirmation
session_953,Desktop,India,Email,0,1,2025-07-31 02:53:21,product_page
session_954,Mobile,France,Social Media,0,3,2025-04-20 11:57:27,checkout
session_955,Desktop,Australia,Direct,0,2,2025-08-01 02:51:05,cart
session_956,Desktop,India,Google,0,1,2025-03-31 15:37:13,product_page
session_957,Desktop,Germany,Email,0,0,2025-01-25 12:10:42,home
session_958,Mobile,Canada,Direct,0,1,2025-08-16 03:07:59,product_page
session_959,Tablet,France,Google,1,4,2025-05-20 05:40:32,confirmation
session_96,Desktop,Australia,Google,0,2,2025-03-07 01:58:20,cart
session_960,Desktop,Germany,Direct,0,0,2025-06-18 00:05:47,home
session_961,Desktop,USA,Email,0,0,2025-08-02 20:13:37,home
session_962,Mobile,Germany,Google,0,1,2025-07-30 19:30:14,product_page
session_963,Tablet,Australia,Email,0,1,2025-07-15 17:59:16,product_page
session_964,Tablet,India,Direct,0,2,2025-06-03 15:24:44,cart
session_965,Tablet,Germany,Google,0,0,2025-03-13 00:22:39,home
session_966,Desktop,UK,Google,0,1,2025-07-19 00:13:48,product_page
session_967,Mobile,Canada,Direct,0,0,2025-04-14 18:45:52,home
session_968,Desktop,France,Social Media,0,1,2025-07-30 06:54:28,product_page
session_969,Desktop,Canada,Google,0,0,2025-05-27 19:20:36,home
session_97,Tablet,Germany,Email,0,1,2025-01-01 20:58:48,product_page
session_970,Desktop,France,Email,1,4,2025-04-11 05:16:17,confirmation
session_971,Desktop,USA,Google,0,2,2025-01-31 12:46:49,cart
session_972,Mobile,Germany,Google,0,1,2025-05-17 00:08:03,product_page
session_973,Tablet,Canada,Direct,0,2,2025-05-11 20:18:22,cart
session_974,Desktop,France,Direct,0,1,2025-02-21 05:55:22,product_page
session_975,Tablet,Canada,Google,0,1,2025-07-12 23:34:01,product_page
session_976,Desktop,UK,Email,0,1,2025-06-24 21:38:16,product_page
session_977,Mobile,France,Direct,1,4,2025-03-25 09:40:57,confirmation
session_978,Tablet,France,Email,0,0,2025-01-20 09:35:26,home
session_979,Desktop,Germany,Email,0,2,2025-06-26 21:06:53,cart
session_98,Tablet,Canada,Social Media,0,2,2025-03-22 04:55:19,cart
session_980,Tablet,USA,Social Media,0,0,2025-05-03 13:49:52,home
session_981,Tablet,Australia,Social Media,1,4,2025-03-14 12:11:23,confirmation
session_982,Desktop,USA,Direct,0,1,2025-07-30 21:51:25,product_page
session_983,Tablet,India,Google,1,4,2025-01-11 11:41:41,confirmation
session_984,Desktop,Canada,Social Media,0,1,2025-04-19 02:08:36,product_page
session_985,Desktop,UK,Google,1,4,2025-08-04 12:00:03,confirmation
session_986,Mobile,India,Google,0,1,2025-06-18 19:43:17,product_page
session_987,Desktop,USA,Email,1,4,2025-01-01 05:55:12,confirmation
session_988,Tablet,UK,Email,1,4,2025-02-20 02:42:58,confirmation
session_989,Tablet,Canada,Direct,0,0,2025-02-07 15:20:04,home
session_99,Mobile,USA,Direct,1,4,2025-08-18 05:49:00,confirmation
session_990,Desktop,USA,Email,1,4,2025-01-17 11:14:17,confirmation
session_991,Desktop,Australia,Email,0,0,2025-07-29 19:35:33,home
session_992,Mobile,Australia,Google,0,2,2025-05-18 22:11:38,cart
session_993,Mobile,Australia,Social Media,0,1,2025-02-04 09:55:35,product_page
session_994,Mobile,Germany,Direct,0,3,2025-06-13 09:41:05,checkout
session_995,Mobile,USA,Google,0,1,2025-02-02 19:43:33,product_page
session_996,Desktop,France,Social Media,0,1,2025-05-15 23:49:31,product_page
session_997,Desktop,USA,Direct,1,4,2025-02-23 07:23:48,confirmation
session_998,Desktop,Australia,Social Media,0,1,2025-01-09 04:22:08,product_page
session_999,Mobile,UK,Google,0,2,2025-06-30 03:19:51,cart
