SessionID,PageType,StepOrder,Timestamp,TimeOnPage_seconds,ItemsInCart
session_0,home,0,2025-01-20 22:53:34,55,0
session_1,home,0,2025-02-26 12:57:10,99,0
session_1,product_page,1,2025-02-26 12:59:11,121,0
session_2,home,0,2025-06-24 15:40:46,160,0
session_3,home,0,2025-06-11 07:21:02,113,0
session_4,home,0,2025-04-12 23:58:16,49,0
session_4,product_page,1,2025-04-13 00:00:31,135,4
session_5,home,0,2025-01-08 20:58:18,155,0
session_5,product_page,1,2025-01-08 20:59:57,99,0
session_5,cart,2,2025-01-08 21:00:23,26,5
session_5,checkout,3,2025-01-08 21:00:38,15,5
session_5,confirmation,4,2025-01-08 21:02:48,130,0
session_6,home,0,2025-05-07 06:16:05,145,0
session_7,home,0,2025-08-04 20:16:03,61,0
session_7,product_page,1,2025-08-04 20:18:12,129,1
session_8,home,0,2025-07-19 02:20:56,93,0
session_8,product_page,1,2025-07-19 02:23:13,137,2
session_9,home,0,2025-02-14 21:33:16,160,0
session_9,product_page,1,2025-02-14 21:35:08,112,5
session_9,cart,2,2025-02-14 21:37:41,153,5
session_10,home,0,2025-05-17 22:11:37,75,0
session_10,product_page,1,2025-05-17 22:13:33,116,0
session_11,home,0,2025-06-11 20:27:05,54,0
session_11,product_page,1,2025-06-11 20:28:26,81,4
session_11,cart,2,2025-06-11 20:30:19,113,4
session_12,home,0,2025-03-31 11:11:46,31,0
session_12,product_page,1,2025-03-31 11:14:13,147,1
session_12,cart,2,2025-03-31 11:15:45,92,1
session_13,home,0,2025-08-01 19:45:33,42,0
session_13,product_page,1,2025-08-01 19:48:24,171,5
session_13,cart,2,2025-08-01 19:50:48,144,5
session_14,home,0,2025-04-14 13:14:53,130,0
session_14,product_page,1,2025-04-14 13:16:10,77,0
session_15,home,0,2025-05-04 18:51:40,178,0
session_15,product_page,1,2025-05-04 18:53:36,116,5
session_15,cart,2,2025-05-04 18:55:53,137,5
session_16,home,0,2025-07-01 07:57:56,163,0
session_17,home,0,2025-06-02 13:09:58,47,0
session_17,product_page,1,2025-06-02 13:12:07,129,3
session_17,cart,2,2025-06-02 13:13:25,78,3
session_18,home,0,2025-05-11 10:48:00,78,0
session_18,product_page,1,2025-05-11 10:49:44,104,0
session_18,cart,2,2025-05-11 10:50:35,51,0
session_18,checkout,3,2025-05-11 10:52:57,142,2
session_18,confirmation,4,2025-05-11 10:53:55,58,0
session_19,home,0,2025-04-15 22:13:33,150,0
session_19,product_page,1,2025-04-15 22:14:07,34,4
session_20,home,0,2025-03-18 04:06:06,119,0
session_20,product_page,1,2025-03-18 04:07:30,84,0
session_21,home,0,2025-02-14 06:39:24,32,0
session_21,product_page,1,2025-02-14 06:40:39,75,5
session_22,home,0,2025-02-24 18:32:54,167,0
session_23,home,0,2025-04-18 05:34:24,63,0
session_23,product_page,1,2025-04-18 05:36:53,149,4
session_23,cart,2,2025-04-18 05:39:49,176,4
session_23,checkout,3,2025-04-18 05:41:22,93,4
session_23,confirmation,4,2025-04-18 05:42:40,78,0
session_24,home,0,2025-05-29 02:09:07,20,0
session_24,product_page,1,2025-05-29 02:10:36,89,0
session_25,home,0,2025-05-06 03:32:59,151,0
session_25,product_page,1,2025-05-06 03:35:59,180,3
session_26,home,0,2025-05-09 15:42:12,69,0
session_26,product_page,1,2025-05-09 15:42:45,33,0
session_27,home,0,2025-03-19 23:40:45,131,0
session_28,home,0,2025-08-26 05:06:48,141,0
session_29,home,0,2025-04-12 13:30:44,136,0
session_29,product_page,1,2025-04-12 13:32:47,123,0
session_30,home,0,2025-08-10 18:55:46,108,0
session_30,product_page,1,2025-08-10 18:58:07,141,1
session_31,home,0,2025-04-22 07:00:23,115,0
session_31,product_page,1,2025-04-22 07:01:10,47,4
session_32,home,0,2025-08-09 19:10:33,35,0
session_33,home,0,2025-07-07 00:26:21,55,0
session_33,product_page,1,2025-07-07 00:28:29,128,5
session_34,home,0,2025-08-09 14:02:55,84,0
session_34,product_page,1,2025-08-09 14:04:53,118,0
session_34,cart,2,2025-08-09 14:07:39,166,0
session_34,checkout,3,2025-08-09 14:08:36,57,1
session_34,confirmation,4,2025-08-09 14:10:56,140,0
session_35,home,0,2025-06-23 22:52:19,119,0
session_35,product_page,1,2025-06-23 22:53:52,93,0
session_36,home,0,2025-07-12 08:13:47,163,0
session_36,product_page,1,2025-07-12 08:15:48,121,2
session_37,home,0,2025-03-21 12:20:03,119,0
session_37,product_page,1,2025-03-21 12:22:57,174,1
session_37,cart,2,2025-03-21 12:24:32,95,1
session_37,checkout,3,2025-03-21 12:26:09,97,1
session_38,home,0,2025-05-02 01:18:12,148,0
session_39,home,0,2025-05-30 00:12:04,173,0
session_39,product_page,1,2025-05-30 00:12:31,27,3
session_39,cart,2,2025-05-30 00:14:25,114,3
session_39,checkout,3,2025-05-30 00:15:08,43,3
session_39,confirmation,4,2025-05-30 00:15:54,46,0
session_40,home,0,2025-02-18 11:25:39,162,0
session_40,product_page,1,2025-02-18 11:27:14,95,0
session_40,cart,2,2025-02-18 11:27:44,30,4
session_40,checkout,3,2025-02-18 11:29:09,85,4
session_41,home,0,2025-05-21 01:00:06,166,0
session_42,home,0,2025-04-05 02:30:40,94,0
session_43,home,0,2025-05-04 23:24:28,114,0
session_43,product_page,1,2025-05-04 23:27:25,177,4
session_44,home,0,2025-03-10 08:18:17,39,0
session_45,home,0,2025-08-07 00:20:02,25,0
session_46,home,0,2025-07-11 01:55:27,80,0
session_47,home,0,2025-04-13 09:15:08,32,0
session_47,product_page,1,2025-04-13 09:16:40,92,0
session_47,cart,2,2025-04-13 09:18:53,133,1
session_47,checkout,3,2025-04-13 09:20:35,102,1
session_47,confirmation,4,2025-04-13 09:23:05,150,0
session_48,home,0,2025-02-04 00:57:05,152,0
session_48,product_page,1,2025-02-04 00:57:51,46,2
session_49,home,0,2025-06-04 19:27:55,124,0
session_49,product_page,1,2025-06-04 19:30:21,146,2
session_49,cart,2,2025-06-04 19:31:52,91,2
session_49,checkout,3,2025-06-04 19:33:10,78,2
session_49,confirmation,4,2025-06-04 19:33:47,37,0
session_50,home,0,2025-06-27 16:43:33,129,0
session_50,product_page,1,2025-06-27 16:45:51,138,0
session_51,home,0,2025-08-21 18:07:50,82,0
session_51,product_page,1,2025-08-21 18:10:37,167,0
session_51,cart,2,2025-08-21 18:11:38,61,5
session_51,checkout,3,2025-08-21 18:13:38,120,5
session_51,confirmation,4,2025-08-21 18:15:51,133,0
session_52,home,0,2025-06-09 14:55:06,106,0
session_52,product_page,1,2025-06-09 14:57:09,123,0
session_53,home,0,2025-01-24 13:06:02,19,0
session_54,home,0,2025-07-15 22:13:28,146,0
session_54,product_page,1,2025-07-15 22:13:54,26,4
session_55,home,0,2025-02-18 14:01:18,66,0
session_55,product_page,1,2025-02-18 14:02:18,60,0
session_56,home,0,2025-03-17 06:59:07,79,0
session_56,product_page,1,2025-03-17 07:00:27,80,4
session_57,home,0,2025-06-03 13:56:17,147,0
session_57,product_page,1,2025-06-03 13:56:51,34,0
session_57,cart,2,2025-06-03 13:58:45,114,2
session_57,checkout,3,2025-06-03 13:59:52,67,2
session_57,confirmation,4,2025-06-03 14:00:29,37,0
session_58,home,0,2025-02-16 17:27:17,94,0
session_59,home,0,2025-07-10 21:44:11,69,0
session_59,product_page,1,2025-07-10 21:47:02,171,0
session_60,home,0,2025-05-09 13:10:09,128,0
session_61,home,0,2025-03-01 18:53:35,133,0
session_61,product_page,1,2025-03-01 18:54:47,72,2
session_62,home,0,2025-08-30 13:35:34,31,0
session_62,product_page,1,2025-08-30 13:36:52,78,2
session_63,home,0,2025-08-14 15:12:15,134,0
session_63,product_page,1,2025-08-14 15:13:10,55,5
session_63,cart,2,2025-08-14 15:14:24,74,5
session_63,checkout,3,2025-08-14 15:16:32,128,5
session_63,confirmation,4,2025-08-14 15:16:56,24,0
session_64,home,0,2025-01-06 22:18:14,80,0
session_64,product_page,1,2025-01-06 22:18:33,19,0
session_64,cart,2,2025-01-06 22:19:18,45,0
session_65,home,0,2025-03-05 19:49:12,153,0
session_65,product_page,1,2025-03-05 19:49:41,29,1
session_65,cart,2,2025-03-05 19:52:19,158,1
session_65,checkout,3,2025-03-05 19:55:01,162,1
session_65,confirmation,4,2025-03-05 19:57:16,135,0
session_66,home,0,2025-03-17 04:23:43,69,0
session_66,product_page,1,2025-03-17 04:24:58,75,2
session_67,home,0,2025-05-20 22:42:31,44,0
session_67,product_page,1,2025-05-20 22:43:57,86,4
session_68,home,0,2025-02-02 23:11:17,17,0
session_68,product_page,1,2025-02-02 23:11:55,38,0
session_68,cart,2,2025-02-02 23:12:16,21,0
session_68,checkout,3,2025-02-02 23:12:33,17,2
session_68,confirmation,4,2025-02-02 23:15:25,172,0
session_69,home,0,2025-08-07 15:18:08,27,0
session_69,product_page,1,2025-08-07 15:20:32,144,0
session_70,home,0,2025-02-27 02:03:59,28,0
session_70,product_page,1,2025-02-27 02:06:03,124,5
session_70,cart,2,2025-02-27 02:06:30,27,5
session_70,checkout,3,2025-02-27 02:09:04,154,5
session_70,confirmation,4,2025-02-27 02:09:33,29,0
session_71,home,0,2025-02-03 02:46:00,54,0
session_71,product_page,1,2025-02-03 02:46:44,44,0
session_71,cart,2,2025-02-03 02:47:56,72,0
session_71,checkout,3,2025-02-03 02:48:29,33,3
session_71,confirmation,4,2025-02-03 02:49:59,90,0
session_72,home,0,2025-06-14 11:02:04,149,0
session_72,product_page,1,2025-06-14 11:04:10,126,2
session_72,cart,2,2025-06-14 11:06:22,132,2
session_72,checkout,3,2025-06-14 11:07:53,91,2
session_72,confirmation,4,2025-06-14 11:09:54,121,0
session_73,home,0,2025-01-15 00:15:21,100,0
session_73,product_page,1,2025-01-15 00:17:12,111,0
session_74,home,0,2025-03-13 16:04:05,77,0
session_74,product_page,1,2025-03-13 16:06:55,170,0
session_75,home,0,2025-03-11 08:11:01,139,0
session_76,home,0,2025-08-24 23:07:24,131,0
session_77,home,0,2025-06-26 15:44:59,37,0
session_77,product_page,1,2025-06-26 15:47:10,131,0
session_78,home,0,2025-08-01 08:20:58,164,0
session_78,product_page,1,2025-08-01 08:23:06,128,2
session_79,home,0,2025-07-13 02:29:02,151,0
session_79,product_page,1,2025-07-13 02:30:04,62,4
session_80,home,0,2025-03-12 13:18:44,121,0
session_80,product_page,1,2025-03-12 13:19:57,73,1
session_81,home,0,2025-01-10 01:15:25,108,0
session_81,product_page,1,2025-01-10 01:15:55,30,0
session_82,home,0,2025-01-24 22:09:59,179,0
session_82,product_page,1,2025-01-24 22:12:46,167,0
session_83,home,0,2025-08-01 15:43:00,114,0
session_83,product_page,1,2025-08-01 15:43:48,48,4
session_83,cart,2,2025-08-01 15:44:12,24,4
session_84,home,0,2025-04-19 11:59:52,132,0
session_84,product_page,1,2025-04-19 12:01:42,110,5
session_84,cart,2,2025-04-19 12:02:06,24,5
session_84,checkout,3,2025-04-19 12:02:31,25,5
session_84,confirmation,4,2025-04-19 12:02:59,28,0
session_85,home,0,2025-05-09 07:33:46,40,0
session_85,product_page,1,2025-05-09 07:34:40,54,5
session_86,home,0,2025-07-31 15:29:10,166,0
session_86,product_page,1,2025-07-31 15:30:13,63,3
session_87,home,0,2025-07-17 04:23:56,56,0
session_87,product_page,1,2025-07-17 04:26:41,165,2
session_88,home,0,2025-04-29 10:09:31,163,0
session_88,product_page,1,2025-04-29 10:10:44,73,2
session_88,cart,2,2025-04-29 10:11:02,18,2
session_89,home,0,2025-03-21 17:21:03,74,0
session_89,product_page,1,2025-03-21 17:21:53,50,1
session_89,cart,2,2025-03-21 17:24:26,153,1
session_89,checkout,3,2025-03-21 17:26:17,111,1
session_89,confirmation,4,2025-03-21 17:29:01,164,0
session_90,home,0,2025-06-22 16:00:12,28,0
session_90,product_page,1,2025-06-22 16:02:30,138,5
session_90,cart,2,2025-06-22 16:05:07,157,5
session_91,home,0,2025-02-20 19:25:41,116,0
session_92,home,0,2025-01-30 07:01:49,17,0
session_92,product_page,1,2025-01-30 07:02:05,16,2
session_92,cart,2,2025-01-30 07:04:24,139,2
session_93,home,0,2025-01-16 17:17:05,55,0
session_93,product_page,1,2025-01-16 17:18:57,112,1
session_93,cart,2,2025-01-16 17:20:30,93,1
session_93,checkout,3,2025-01-16 17:23:23,173,1
session_93,confirmation,4,2025-01-16 17:25:27,124,0
session_94,home,0,2025-01-19 20:17:08,142,0
session_95,home,0,2025-03-03 09:26:35,136,0
session_95,product_page,1,2025-03-03 09:28:33,118,4
session_96,home,0,2025-03-07 01:58:20,109,0
session_96,product_page,1,2025-03-07 01:58:42,22,0
session_96,cart,2,2025-03-07 01:59:39,57,3
session_97,home,0,2025-01-01 20:58:48,90,0
session_97,product_page,1,2025-01-01 20:59:16,28,2
session_98,home,0,2025-03-22 04:55:19,94,0
session_98,product_page,1,2025-03-22 04:56:19,60,1
session_98,cart,2,2025-03-22 04:57:31,72,1
session_99,home,0,2025-08-18 05:49:00,118,0
session_99,product_page,1,2025-08-18 05:51:08,128,0
session_99,cart,2,2025-08-18 05:51:37,29,4
session_99,checkout,3,2025-08-18 05:52:26,49,4
session_99,confirmation,4,2025-08-18 05:55:15,169,0
session_100,home,0,2025-04-02 11:24:36,36,0
session_100,product_page,1,2025-04-02 11:25:41,65,1
session_101,home,0,2025-04-14 06:47:08,128,0
session_101,product_page,1,2025-04-14 06:47:50,42,0
session_101,cart,2,2025-04-14 06:49:32,102,0
session_101,checkout,3,2025-04-14 06:51:29,117,2
session_101,confirmation,4,2025-04-14 06:54:24,175,0
session_102,home,0,2025-02-12 23:06:34,69,0
session_102,product_page,1,2025-02-12 23:08:57,143,0
session_103,home,0,2025-01-10 20:14:17,90,0
session_103,product_page,1,2025-01-10 20:15:15,58,3
session_104,home,0,2025-07-22 13:46:16,15,0
session_104,product_page,1,2025-07-22 13:46:55,39,4
session_105,home,0,2025-02-28 20:54:48,66,0
session_105,product_page,1,2025-02-28 20:57:01,133,2
session_106,home,0,2025-01-26 20:08:51,139,0
session_106,product_page,1,2025-01-26 20:09:57,66,1
session_107,home,0,2025-01-02 05:30:07,15,0
session_107,product_page,1,2025-01-02 05:30:37,30,0
session_108,home,0,2025-02-21 13:57:38,47,0
session_108,product_page,1,2025-02-21 13:58:28,50,5
session_109,home,0,2025-07-30 14:11:29,149,0
session_109,product_page,1,2025-07-30 14:12:01,32,0
session_109,cart,2,2025-07-30 14:14:53,172,2
session_109,checkout,3,2025-07-30 14:17:14,141,2
session_109,confirmation,4,2025-07-30 14:17:56,42,0
session_110,home,0,2025-01-30 08:29:05,35,0
session_110,product_page,1,2025-01-30 08:30:09,64,3
session_110,cart,2,2025-01-30 08:31:03,54,3
session_110,checkout,3,2025-01-30 08:33:25,142,3
session_110,confirmation,4,2025-01-30 08:34:15,50,0
session_111,home,0,2025-08-27 10:04:00,45,0
session_111,product_page,1,2025-08-27 10:05:11,71,0
session_112,home,0,2025-06-22 06:14:23,129,0
session_112,product_page,1,2025-06-22 06:15:35,72,3
session_113,home,0,2025-01-24 01:46:09,21,0
session_113,product_page,1,2025-01-24 01:48:10,121,4
session_114,home,0,2025-03-07 16:44:46,79,0
session_114,product_page,1,2025-03-07 16:45:08,22,0
session_115,home,0,2025-04-17 22:20:10,80,0
session_115,product_page,1,2025-04-17 22:21:16,66,4
session_116,home,0,2025-08-09 08:34:48,162,0
session_116,product_page,1,2025-08-09 08:35:32,44,0
session_117,home,0,2025-05-04 20:49:01,139,0
session_117,product_page,1,2025-05-04 20:51:51,170,0
session_118,home,0,2025-02-10 09:54:26,39,0
session_118,product_page,1,2025-02-10 09:57:17,171,0
session_119,home,0,2025-08-06 05:01:41,119,0
session_119,product_page,1,2025-08-06 05:03:53,132,5
session_119,cart,2,2025-08-06 05:06:36,163,5
session_119,checkout,3,2025-08-06 05:09:04,148,5
session_119,confirmation,4,2025-08-06 05:12:01,177,0
session_120,home,0,2025-07-04 20:22:01,126,0
session_120,product_page,1,2025-07-04 20:24:42,161,1
session_120,cart,2,2025-07-04 20:26:30,108,1
session_120,checkout,3,2025-07-04 20:27:58,88,1
session_120,confirmation,4,2025-07-04 20:30:36,158,0
session_121,home,0,2025-03-22 20:52:08,168,0
session_121,product_page,1,2025-03-22 20:52:48,40,1
session_121,cart,2,2025-03-22 20:54:23,95,1
session_122,home,0,2025-04-14 17:49:42,158,0
session_122,product_page,1,2025-04-14 17:50:24,42,5
session_123,home,0,2025-05-31 18:23:17,43,0
session_123,product_page,1,2025-05-31 18:23:39,22,0
session_124,home,0,2025-07-10 12:27:01,45,0
session_124,product_page,1,2025-07-10 12:29:49,168,0
session_124,cart,2,2025-07-10 12:30:28,39,0
session_124,checkout,3,2025-07-10 12:32:16,108,2
session_124,confirmation,4,2025-07-10 12:33:47,91,0
session_125,home,0,2025-04-16 21:41:55,129,0
session_125,product_page,1,2025-04-16 21:43:54,119,3
session_126,home,0,2025-04-04 21:24:43,76,0
session_127,home,0,2025-07-02 12:04:14,90,0
session_127,product_page,1,2025-07-02 12:07:05,171,2
session_127,cart,2,2025-07-02 12:09:54,169,2
session_128,home,0,2025-06-09 20:30:32,57,0
session_128,product_page,1,2025-06-09 20:32:11,99,0
session_128,cart,2,2025-06-09 20:32:26,15,0
session_128,checkout,3,2025-06-09 20:33:35,69,3
session_128,confirmation,4,2025-06-09 20:33:58,23,0
session_129,home,0,2025-04-11 17:04:06,166,0
session_129,product_page,1,2025-04-11 17:05:01,55,0
session_130,home,0,2025-03-24 20:29:41,157,0
session_130,product_page,1,2025-03-24 20:30:34,53,4
session_130,cart,2,2025-03-24 20:31:12,38,4
session_130,checkout,3,2025-03-24 20:33:55,163,4
session_130,confirmation,4,2025-03-24 20:35:36,101,0
session_131,home,0,2025-03-03 18:27:07,51,0
session_131,product_page,1,2025-03-03 18:28:12,65,3
session_132,home,0,2025-03-06 23:58:12,150,0
session_133,home,0,2025-04-11 04:38:11,66,0
session_133,product_page,1,2025-04-11 04:39:50,99,0
session_134,home,0,2025-03-18 14:12:14,127,0
session_134,product_page,1,2025-03-18 14:14:27,133,2
session_135,home,0,2025-04-08 05:48:29,56,0
session_135,product_page,1,2025-04-08 05:49:31,62,3
session_135,cart,2,2025-04-08 05:50:14,43,3
session_135,checkout,3,2025-04-08 05:52:26,132,3
session_136,home,0,2025-03-15 10:09:41,180,0
session_136,product_page,1,2025-03-15 10:11:23,102,5
session_137,home,0,2025-03-31 15:09:39,131,0
session_137,product_page,1,2025-03-31 15:10:01,22,0
session_138,home,0,2025-07-19 22:50:50,92,0
session_138,product_page,1,2025-07-19 22:52:50,120,0
session_138,cart,2,2025-07-19 22:55:22,152,2
session_138,checkout,3,2025-07-19 22:57:01,99,2
session_138,confirmation,4,2025-07-19 22:59:03,122,0
session_139,home,0,2025-03-15 14:00:00,124,0
session_139,product_page,1,2025-03-15 14:01:38,98,1
session_140,home,0,2025-04-17 17:37:40,63,0
session_140,product_page,1,2025-04-17 17:39:41,121,0
session_140,cart,2,2025-04-17 17:40:52,71,1
session_141,home,0,2025-06-09 06:55:12,67,0
session_141,product_page,1,2025-06-09 06:57:35,143,0
session_142,home,0,2025-05-03 06:26:48,138,0
session_142,product_page,1,2025-05-03 06:28:49,121,3
session_143,home,0,2025-07-22 22:17:32,25,0
session_143,product_page,1,2025-07-22 22:20:06,154,0
session_144,home,0,2025-03-25 18:38:49,45,0
session_144,product_page,1,2025-03-25 18:40:52,123,0
session_145,home,0,2025-08-04 13:59:38,180,0
session_145,product_page,1,2025-08-04 14:02:32,174,0
session_145,cart,2,2025-08-04 14:04:32,120,0
session_145,checkout,3,2025-08-04 14:06:45,133,2
session_145,confirmation,4,2025-08-04 14:08:55,130,0
session_146,home,0,2025-02-09 13:19:12,44,0
session_146,product_page,1,2025-02-09 13:22:05,173,4
session_147,home,0,2025-08-11 06:00:33,141,0
session_147,product_page,1,2025-08-11 06:02:34,121,0
session_147,cart,2,2025-08-11 06:04:35,121,0
session_147,checkout,3,2025-08-11 06:06:23,108,3
session_147,confirmation,4,2025-08-11 06:06:44,21,0
session_148,home,0,2025-05-09 12:32:45,26,0
session_148,product_page,1,2025-05-09 12:33:09,24,3
session_148,cart,2,2025-05-09 12:33:30,21,3
session_148,checkout,3,2025-05-09 12:36:06,156,3
session_148,confirmation,4,2025-05-09 12:37:44,98,0
session_149,home,0,2025-03-14 16:27:55,41,0
session_150,home,0,2025-03-13 04:31:52,46,0
session_151,home,0,2025-02-04 18:21:30,20,0
session_151,product_page,1,2025-02-04 18:22:09,39,0
session_151,cart,2,2025-02-04 18:24:05,116,0
session_151,checkout,3,2025-02-04 18:26:02,117,2
session_152,home,0,2025-08-15 21:26:35,145,0
session_152,product_page,1,2025-08-15 21:28:45,130,0
session_153,home,0,2025-07-23 09:50:33,78,0
session_153,product_page,1,2025-07-23 09:51:29,56,0
session_154,home,0,2025-03-24 20:31:29,81,0
session_155,home,0,2025-05-02 23:51:52,82,0
session_155,product_page,1,2025-05-02 23:53:11,79,4
session_155,cart,2,2025-05-02 23:55:10,119,4
session_156,home,0,2025-06-18 02:09:46,159,0
session_156,product_page,1,2025-06-18 02:11:59,133,4
session_156,cart,2,2025-06-18 02:12:59,60,4
session_156,checkout,3,2025-06-18 02:14:24,85,4
session_156,confirmation,4,2025-06-18 02:16:55,151,0
session_157,home,0,2025-03-24 09:24:46,104,0
session_157,product_page,1,2025-03-24 09:26:58,132,3
session_158,home,0,2025-07-10 07:31:11,131,0
session_158,product_page,1,2025-07-10 07:31:53,42,0
session_158,cart,2,2025-07-10 07:33:26,93,5
session_159,home,0,2025-07-23 21:07:05,55,0
session_160,home,0,2025-06-09 21:48:37,114,0
session_160,product_page,1,2025-06-09 21:49:16,39,0
session_160,cart,2,2025-06-09 21:49:47,31,1
session_160,checkout,3,2025-06-09 21:52:18,151,1
session_161,home,0,2025-08-20 21:44:47,130,0
session_161,product_page,1,2025-08-20 21:46:00,73,0
session_162,home,0,2025-08-30 23:26:35,78,0
session_162,product_page,1,2025-08-30 23:28:01,86,2
session_162,cart,2,2025-08-30 23:28:45,44,2
session_162,checkout,3,2025-08-30 23:30:43,118,2
session_162,confirmation,4,2025-08-30 23:32:13,90,0
session_163,home,0,2025-02-23 19:38:10,65,0
session_163,product_page,1,2025-02-23 19:38:53,43,0
session_163,cart,2,2025-02-23 19:39:31,38,4
session_163,checkout,3,2025-02-23 19:39:56,25,4
session_163,confirmation,4,2025-02-23 19:41:44,108,0
session_164,home,0,2025-05-16 18:38:23,145,0
session_164,product_page,1,2025-05-16 18:41:14,171,0
session_164,cart,2,2025-05-16 18:43:13,119,1
session_165,home,0,2025-01-27 08:53:51,64,0
session_165,product_page,1,2025-01-27 08:54:26,35,0
session_166,home,0,2025-07-31 13:30:11,37,0
session_166,product_page,1,2025-07-31 13:31:03,52,5
session_167,home,0,2025-02-27 23:29:10,172,0
session_167,product_page,1,2025-02-27 23:31:09,119,0
session_168,home,0,2025-02-16 02:42:06,17,0
session_168,product_page,1,2025-02-16 02:43:47,101,2
session_168,cart,2,2025-02-16 02:44:29,42,2
session_168,checkout,3,2025-02-16 02:46:55,146,2
session_168,confirmation,4,2025-02-16 02:48:33,98,0
session_169,home,0,2025-08-02 10:09:12,106,0
session_169,product_page,1,2025-08-02 10:11:00,108,0
session_169,cart,2,2025-08-02 10:11:23,23,2
session_170,home,0,2025-05-21 09:07:02,120,0
session_170,product_page,1,2025-05-21 09:07:56,54,3
session_170,cart,2,2025-05-21 09:09:19,83,3
session_171,home,0,2025-03-18 19:36:04,43,0
session_171,product_page,1,2025-03-18 19:37:14,70,0
session_172,home,0,2025-08-31 18:34:39,55,0
session_172,product_page,1,2025-08-31 18:35:01,22,0
session_173,home,0,2025-04-27 22:10:33,92,0
session_173,product_page,1,2025-04-27 22:10:53,20,0
session_174,home,0,2025-02-11 08:30:31,132,0
session_174,product_page,1,2025-02-11 08:31:39,68,0
session_175,home,0,2025-03-09 20:26:56,105,0
session_176,home,0,2025-08-19 16:43:10,94,0
session_177,home,0,2025-07-27 21:49:41,38,0
session_178,home,0,2025-07-03 14:55:04,180,0
session_178,product_page,1,2025-07-03 14:57:22,138,1
session_178,cart,2,2025-07-03 14:58:08,46,1
session_178,checkout,3,2025-07-03 15:00:08,120,1
session_178,confirmation,4,2025-07-03 15:03:01,173,0
session_179,home,0,2025-08-22 08:20:48,58,0
session_179,product_page,1,2025-08-22 08:21:10,22,2
session_180,home,0,2025-07-06 05:57:25,32,0
session_180,product_page,1,2025-07-06 05:59:56,151,0
session_180,cart,2,2025-07-06 06:02:08,132,0
session_181,home,0,2025-04-15 07:30:46,38,0
session_181,product_page,1,2025-04-15 07:31:43,57,1
session_182,home,0,2025-03-06 05:06:40,40,0
session_183,home,0,2025-03-07 01:57:51,125,0
session_183,product_page,1,2025-03-07 01:58:35,44,1
session_184,home,0,2025-05-22 10:59:23,177,0
session_185,home,0,2025-08-05 20:29:27,64,0
session_186,home,0,2025-03-26 22:42:00,22,0
session_186,product_page,1,2025-03-26 22:42:34,34,0
session_187,home,0,2025-07-06 01:21:13,154,0
session_187,product_page,1,2025-07-06 01:22:41,88,0
session_188,home,0,2025-06-24 10:26:57,46,0
session_188,product_page,1,2025-06-24 10:29:39,162,0
session_188,cart,2,2025-06-24 10:31:59,140,1
session_188,checkout,3,2025-06-24 10:34:16,137,1
session_188,confirmation,4,2025-06-24 10:37:02,166,0
session_189,home,0,2025-07-13 06:34:25,158,0
session_189,product_page,1,2025-07-13 06:36:09,104,2
session_189,cart,2,2025-07-13 06:38:07,118,2
session_189,checkout,3,2025-07-13 06:38:24,17,2
session_189,confirmation,4,2025-07-13 06:40:50,146,0
session_190,home,0,2025-05-31 10:27:31,119,0
session_191,home,0,2025-02-07 21:14:28,42,0
session_191,product_page,1,2025-02-07 21:14:56,28,3
session_192,home,0,2025-05-29 02:00:37,34,0
session_192,product_page,1,2025-05-29 02:01:34,57,1
session_193,home,0,2025-04-27 20:55:20,72,0
session_193,product_page,1,2025-04-27 20:57:47,147,3
session_194,home,0,2025-05-27 14:04:02,51,0
session_195,home,0,2025-05-24 11:16:58,76,0
session_195,product_page,1,2025-05-24 11:19:47,169,0
session_196,home,0,2025-08-09 18:41:48,88,0
session_196,product_page,1,2025-08-09 18:42:52,64,5
session_197,home,0,2025-04-07 23:24:28,78,0
session_197,product_page,1,2025-04-07 23:27:27,179,4
session_198,home,0,2025-05-11 22:02:11,119,0
session_198,product_page,1,2025-05-11 22:04:38,147,0
session_198,cart,2,2025-05-11 22:07:15,157,0
session_199,home,0,2025-01-09 19:56:59,89,0
session_199,product_page,1,2025-01-09 19:57:18,19,2
session_200,home,0,2025-03-29 12:58:29,115,0
session_200,product_page,1,2025-03-29 12:58:54,25,2
session_200,cart,2,2025-03-29 13:01:41,167,2
session_200,checkout,3,2025-03-29 13:02:13,32,2
session_200,confirmation,4,2025-03-29 13:03:01,48,0
session_201,home,0,2025-08-05 16:07:49,65,0
session_201,product_page,1,2025-08-05 16:10:32,163,1
session_201,cart,2,2025-08-05 16:11:18,46,1
session_201,checkout,3,2025-08-05 16:12:51,93,1
session_201,confirmation,4,2025-08-05 16:13:37,46,0
session_202,home,0,2025-01-20 15:40:21,119,0
session_202,product_page,1,2025-01-20 15:42:04,103,2
session_202,cart,2,2025-01-20 15:44:41,157,2
session_202,checkout,3,2025-01-20 15:45:04,23,2
session_202,confirmation,4,2025-01-20 15:46:26,82,0
session_203,home,0,2025-07-24 16:52:43,30,0
session_203,product_page,1,2025-07-24 16:54:16,93,4
session_203,cart,2,2025-07-24 16:56:28,132,4
session_204,home,0,2025-03-29 00:36:13,163,0
session_204,product_page,1,2025-03-29 00:39:09,176,3
session_204,cart,2,2025-03-29 00:40:33,84,3
session_204,checkout,3,2025-03-29 00:42:13,100,3
session_204,confirmation,4,2025-03-29 00:44:09,116,0
session_205,home,0,2025-06-18 22:04:46,58,0
session_205,product_page,1,2025-06-18 22:07:40,174,1
session_205,cart,2,2025-06-18 22:08:34,54,1
session_205,checkout,3,2025-06-18 22:10:33,119,1
session_205,confirmation,4,2025-06-18 22:11:18,45,0
session_206,home,0,2025-07-12 05:15:38,123,0
session_206,product_page,1,2025-07-12 05:16:26,48,0
session_206,cart,2,2025-07-12 05:19:04,158,1
session_207,home,0,2025-03-31 03:17:45,158,0
session_207,product_page,1,2025-03-31 03:20:41,176,3
session_208,home,0,2025-03-26 21:22:38,171,0
session_208,product_page,1,2025-03-26 21:24:26,108,5
session_209,home,0,2025-07-23 17:29:09,139,0
session_209,product_page,1,2025-07-23 17:29:28,19,0
session_209,cart,2,2025-07-23 17:31:45,137,0
session_209,checkout,3,2025-07-23 17:34:20,155,2
session_209,confirmation,4,2025-07-23 17:35:39,79,0
session_210,home,0,2025-01-04 10:20:09,168,0
session_210,product_page,1,2025-01-04 10:21:06,57,0
session_210,cart,2,2025-01-04 10:23:20,134,5
session_210,checkout,3,2025-01-04 10:24:50,90,5
session_210,confirmation,4,2025-01-04 10:26:33,103,0
session_211,home,0,2025-01-25 23:20:02,135,0
session_211,product_page,1,2025-01-25 23:21:25,83,0
session_212,home,0,2025-08-03 11:36:16,171,0
session_212,product_page,1,2025-08-03 11:39:05,169,0
session_212,cart,2,2025-08-03 11:41:03,118,0
session_212,checkout,3,2025-08-03 11:41:48,45,3
session_213,home,0,2025-01-16 10:53:01,147,0
session_213,product_page,1,2025-01-16 10:55:53,172,0
session_214,home,0,2025-04-03 03:52:49,102,0
session_215,home,0,2025-04-05 08:07:57,23,0
session_215,product_page,1,2025-04-05 08:08:13,16,4
session_215,cart,2,2025-04-05 08:10:43,150,4
session_216,home,0,2025-04-19 06:21:53,125,0
session_216,product_page,1,2025-04-19 06:23:58,125,0
session_216,cart,2,2025-04-19 06:24:37,39,2
session_216,checkout,3,2025-04-19 06:25:59,82,2
session_216,confirmation,4,2025-04-19 06:28:40,161,0
session_217,home,0,2025-01-28 08:39:38,35,0
session_217,product_page,1,2025-01-28 08:40:06,28,0
session_217,cart,2,2025-01-28 08:40:43,37,5
session_217,checkout,3,2025-01-28 08:42:26,103,5
session_217,confirmation,4,2025-01-28 08:44:16,110,0
session_218,home,0,2025-05-22 20:41:14,143,0
session_218,product_page,1,2025-05-22 20:43:42,148,3
session_219,home,0,2025-02-24 23:10:13,15,0
session_219,product_page,1,2025-02-24 23:12:38,145,1
session_220,home,0,2025-06-08 08:39:33,166,0
session_220,product_page,1,2025-06-08 08:40:38,65,0
session_221,home,0,2025-08-04 00:07:40,155,0
session_221,product_page,1,2025-08-04 00:08:48,68,2
session_222,home,0,2025-01-06 06:48:30,147,0
session_223,home,0,2025-03-13 12:58:59,131,0
session_224,home,0,2025-07-18 21:53:18,65,0
session_225,home,0,2025-06-29 18:34:51,71,0
session_225,product_page,1,2025-06-29 18:35:12,21,0
session_225,cart,2,2025-06-29 18:35:27,15,0
session_225,checkout,3,2025-06-29 18:38:03,156,3
session_225,confirmation,4,2025-06-29 18:40:32,149,0
session_226,home,0,2025-06-11 17:50:19,129,0
session_226,product_page,1,2025-06-11 17:53:13,174,3
session_227,home,0,2025-01-05 18:20:29,111,0
session_227,product_page,1,2025-01-05 18:22:24,115,1
session_228,home,0,2025-01-29 03:50:53,35,0
session_228,product_page,1,2025-01-29 03:53:24,151,5
session_229,home,0,2025-01-23 18:49:00,35,0
session_230,home,0,2025-06-20 22:08:41,41,0
session_230,product_page,1,2025-06-20 22:11:11,150,5
session_230,cart,2,2025-06-20 22:13:46,155,5
session_230,checkout,3,2025-06-20 22:16:44,178,5
session_230,confirmation,4,2025-06-20 22:17:00,16,0
session_231,home,0,2025-06-30 01:49:21,144,0
session_232,home,0,2025-06-05 05:14:21,79,0
session_233,home,0,2025-04-01 00:40:21,161,0
session_234,home,0,2025-06-22 19:08:26,132,0
session_235,home,0,2025-07-10 13:40:25,85,0
session_235,product_page,1,2025-07-10 13:41:07,42,0
session_236,home,0,2025-03-14 01:35:41,74,0
session_236,product_page,1,2025-03-14 01:37:33,112,0
session_237,home,0,2025-04-03 10:18:02,162,0
session_237,product_page,1,2025-04-03 10:19:17,75,0
session_238,home,0,2025-05-10 02:16:37,155,0
session_238,product_page,1,2025-05-10 02:19:08,151,3
session_238,cart,2,2025-05-10 02:21:03,115,3
session_239,home,0,2025-08-04 10:46:29,53,0
session_240,home,0,2025-06-10 16:22:48,122,0
session_240,product_page,1,2025-06-10 16:23:06,18,5
session_241,home,0,2025-01-29 14:01:14,45,0
session_241,product_page,1,2025-01-29 14:03:23,129,5
session_242,home,0,2025-02-03 11:14:30,111,0
session_242,product_page,1,2025-02-03 11:15:22,52,0
session_242,cart,2,2025-02-03 11:16:13,51,0
session_242,checkout,3,2025-02-03 11:16:29,16,2
session_242,confirmation,4,2025-02-03 11:19:24,175,0
session_243,home,0,2025-06-07 17:28:28,135,0
session_243,product_page,1,2025-06-07 17:30:48,140,2
session_244,home,0,2025-04-21 06:48:53,68,0
session_244,product_page,1,2025-04-21 06:50:42,109,4
session_245,home,0,2025-07-03 06:53:53,85,0
session_245,product_page,1,2025-07-03 06:55:51,118,0
session_246,home,0,2025-01-17 04:22:09,101,0
session_246,product_page,1,2025-01-17 04:24:05,116,2
session_247,home,0,2025-05-10 18:11:39,43,0
session_247,product_page,1,2025-05-10 18:12:06,27,3
session_247,cart,2,2025-05-10 18:13:47,101,3
session_248,home,0,2025-05-01 10:57:02,100,0
session_249,home,0,2025-01-26 18:55:19,46,0
session_249,product_page,1,2025-01-26 18:57:26,127,0
session_250,home,0,2025-05-25 12:05:49,180,0
session_250,product_page,1,2025-05-25 12:06:32,43,0
session_250,cart,2,2025-05-25 12:07:36,64,3
session_250,checkout,3,2025-05-25 12:09:21,105,3
session_250,confirmation,4,2025-05-25 12:10:39,78,0
session_251,home,0,2025-02-16 14:10:59,85,0
session_252,home,0,2025-07-26 01:21:50,97,0
session_252,product_page,1,2025-07-26 01:24:26,156,0
session_252,cart,2,2025-07-26 01:25:53,87,3
session_252,checkout,3,2025-07-26 01:27:18,85,3
session_252,confirmation,4,2025-07-26 01:28:59,101,0
session_253,home,0,2025-08-26 16:28:39,110,0
session_253,product_page,1,2025-08-26 16:29:27,48,1
session_254,home,0,2025-08-09 05:19:32,70,0
session_254,product_page,1,2025-08-09 05:21:20,108,1
session_255,home,0,2025-07-19 11:38:29,177,0
session_255,product_page,1,2025-07-19 11:38:59,30,0
session_255,cart,2,2025-07-19 11:40:47,108,1
session_256,home,0,2025-02-11 16:02:59,134,0
session_257,home,0,2025-06-21 18:56:28,172,0
session_257,product_page,1,2025-06-21 18:59:28,180,5
session_258,home,0,2025-08-25 01:11:15,167,0
session_258,product_page,1,2025-08-25 01:12:20,65,0
session_259,home,0,2025-06-23 14:09:59,131,0
session_259,product_page,1,2025-06-23 14:11:39,100,5
session_260,home,0,2025-06-11 03:14:29,108,0
session_260,product_page,1,2025-06-11 03:16:13,104,0
session_260,cart,2,2025-06-11 03:16:51,38,0
session_261,home,0,2025-04-13 05:03:55,124,0
session_262,home,0,2025-08-31 23:50:49,89,0
session_262,product_page,1,2025-08-31 23:51:09,20,0
session_263,home,0,2025-04-02 17:41:42,178,0
session_264,home,0,2025-04-10 18:17:03,161,0
session_264,product_page,1,2025-04-10 18:18:41,98,0
session_264,cart,2,2025-04-10 18:20:25,104,0
session_265,home,0,2025-04-01 06:24:56,46,0
session_265,product_page,1,2025-04-01 06:25:55,59,0
session_265,cart,2,2025-04-01 06:27:11,76,3
session_266,home,0,2025-02-01 18:52:10,22,0
session_266,product_page,1,2025-02-01 18:54:03,113,0
session_267,home,0,2025-04-10 05:39:20,22,0
session_267,product_page,1,2025-04-10 05:41:34,134,1
session_268,home,0,2025-08-03 09:21:10,110,0
session_268,product_page,1,2025-08-03 09:22:33,83,1
session_269,home,0,2025-06-25 06:23:00,166,0
session_269,product_page,1,2025-06-25 06:25:50,170,5
session_270,home,0,2025-06-18 12:01:22,161,0
session_270,product_page,1,2025-06-18 12:01:47,25,0
session_271,home,0,2025-05-31 09:31:27,48,0
session_271,product_page,1,2025-05-31 09:33:27,120,4
session_271,cart,2,2025-05-31 09:33:55,28,4
session_272,home,0,2025-03-16 01:04:22,66,0
session_272,product_page,1,2025-03-16 01:04:39,17,0
session_273,home,0,2025-01-09 18:43:16,20,0
session_273,product_page,1,2025-01-09 18:44:18,62,0
session_274,home,0,2025-08-24 00:11:38,93,0
session_274,product_page,1,2025-08-24 00:14:03,145,0
session_274,cart,2,2025-08-24 00:16:46,163,4
session_275,home,0,2025-04-18 10:51:20,68,0
session_275,product_page,1,2025-04-18 10:53:57,157,4
session_275,cart,2,2025-04-18 10:54:42,45,4
session_276,home,0,2025-02-21 03:07:59,89,0
session_276,product_page,1,2025-02-21 03:09:15,76,3
session_277,home,0,2025-02-01 19:09:39,32,0
session_277,product_page,1,2025-02-01 19:12:11,152,3
session_278,home,0,2025-07-17 15:41:44,180,0
session_279,home,0,2025-02-21 07:35:36,29,0
session_279,product_page,1,2025-02-21 07:36:46,70,1
session_279,cart,2,2025-02-21 07:37:50,64,1
session_279,checkout,3,2025-02-21 07:39:22,92,1
session_279,confirmation,4,2025-02-21 07:42:20,178,0
session_280,home,0,2025-08-14 03:05:03,58,0
session_280,product_page,1,2025-08-14 03:06:25,82,3
session_280,cart,2,2025-08-14 03:06:54,29,3
session_280,checkout,3,2025-08-14 03:09:16,142,3
session_280,confirmation,4,2025-08-14 03:11:27,131,0
session_281,home,0,2025-01-07 00:21:28,60,0
session_281,product_page,1,2025-01-07 00:22:26,58,3
session_281,cart,2,2025-01-07 00:25:16,170,3
session_282,home,0,2025-02-20 20:24:15,69,0
session_283,home,0,2025-05-17 11:03:20,65,0
session_283,product_page,1,2025-05-17 11:06:06,166,0
session_284,home,0,2025-04-12 18:30:06,40,0
session_284,product_page,1,2025-04-12 18:32:05,119,1
session_284,cart,2,2025-04-12 18:34:48,163,1
session_284,checkout,3,2025-04-12 18:35:13,25,1
session_284,confirmation,4,2025-04-12 18:37:13,120,0
session_285,home,0,2025-06-11 10:39:55,147,0
session_285,product_page,1,2025-06-11 10:41:38,103,3
session_286,home,0,2025-08-16 06:31:57,132,0
session_286,product_page,1,2025-08-16 06:32:17,20,0
session_286,cart,2,2025-08-16 06:34:03,106,1
session_286,checkout,3,2025-08-16 06:34:28,25,1
session_286,confirmation,4,2025-08-16 06:36:22,114,0
session_287,home,0,2025-05-09 13:10:19,48,0
session_287,product_page,1,2025-05-09 13:12:55,156,0
session_288,home,0,2025-08-29 21:57:47,157,0
session_288,product_page,1,2025-08-29 21:58:19,32,5
session_288,cart,2,2025-08-29 21:59:55,96,5
session_289,home,0,2025-07-24 06:49:08,43,0
session_289,product_page,1,2025-07-24 06:50:32,84,4
session_290,home,0,2025-07-15 00:05:05,76,0
session_291,home,0,2025-01-14 21:29:20,107,0
session_291,product_page,1,2025-01-14 21:31:32,132,0
session_292,home,0,2025-04-10 01:23:20,154,0
session_293,home,0,2025-04-26 12:25:32,129,0
session_294,home,0,2025-07-26 20:32:09,177,0
session_294,product_page,1,2025-07-26 20:35:01,172,0
session_295,home,0,2025-07-14 11:17:44,63,0
session_295,product_page,1,2025-07-14 11:19:36,112,0
session_296,home,0,2025-07-27 14:28:15,53,0
session_296,product_page,1,2025-07-27 14:29:12,57,0
session_297,home,0,2025-03-28 01:19:54,73,0
session_297,product_page,1,2025-03-28 01:22:14,140,0
session_297,cart,2,2025-03-28 01:22:34,20,2
session_297,checkout,3,2025-03-28 01:23:28,54,2
session_297,confirmation,4,2025-03-28 01:23:46,18,0
session_298,home,0,2025-05-01 10:47:34,90,0
session_298,product_page,1,2025-05-01 10:48:06,32,1
session_298,cart,2,2025-05-01 10:50:08,122,1
session_298,checkout,3,2025-05-01 10:50:38,30,1
session_298,confirmation,4,2025-05-01 10:53:09,151,0
session_299,home,0,2025-07-18 21:46:31,46,0
session_299,product_page,1,2025-07-18 21:47:29,58,4
session_299,cart,2,2025-07-18 21:48:31,62,4
session_299,checkout,3,2025-07-18 21:50:26,115,4
session_299,confirmation,4,2025-07-18 21:51:47,81,0
session_300,home,0,2025-08-21 00:22:57,15,0
session_300,product_page,1,2025-08-21 00:24:22,85,4
session_301,home,0,2025-02-05 19:21:06,111,0
session_302,home,0,2025-06-24 09:50:09,170,0
session_302,product_page,1,2025-06-24 09:53:01,172,1
session_303,home,0,2025-01-05 20:13:35,63,0
session_303,product_page,1,2025-01-05 20:15:51,136,0
session_304,home,0,2025-08-09 07:19:13,96,0
session_304,product_page,1,2025-08-09 07:20:26,73,0
session_304,cart,2,2025-08-09 07:23:20,174,1
session_304,checkout,3,2025-08-09 07:24:26,66,1
session_304,confirmation,4,2025-08-09 07:26:14,108,0
session_305,home,0,2025-06-29 00:42:57,50,0
session_305,product_page,1,2025-06-29 00:44:38,101,1
session_306,home,0,2025-02-04 20:08:57,96,0
session_307,home,0,2025-01-10 09:38:46,58,0
session_307,product_page,1,2025-01-10 09:39:08,22,1
session_308,home,0,2025-07-04 16:58:42,61,0
session_309,home,0,2025-07-09 11:39:10,51,0
session_309,product_page,1,2025-07-09 11:41:01,111,4
session_310,home,0,2025-05-08 13:14:11,130,0
session_310,product_page,1,2025-05-08 13:15:44,93,0
session_310,cart,2,2025-05-08 13:16:37,53,3
session_310,checkout,3,2025-05-08 13:17:22,45,3
session_310,confirmation,4,2025-05-08 13:19:47,145,0
session_311,home,0,2025-03-28 13:28:03,105,0
session_311,product_page,1,2025-03-28 13:28:51,48,0
session_312,home,0,2025-05-13 13:00:42,80,0
session_312,product_page,1,2025-05-13 13:01:30,48,0
session_313,home,0,2025-02-10 18:25:43,166,0
session_313,product_page,1,2025-02-10 18:27:15,92,0
session_313,cart,2,2025-02-10 18:30:11,176,0
session_313,checkout,3,2025-02-10 18:32:16,125,2
session_313,confirmation,4,2025-02-10 18:32:58,42,0
session_314,home,0,2025-03-08 02:01:50,140,0
session_314,product_page,1,2025-03-08 02:02:31,41,5
session_315,home,0,2025-07-20 12:42:25,118,0
session_315,product_page,1,2025-07-20 12:45:14,169,4
session_316,home,0,2025-02-05 13:10:59,112,0
session_316,product_page,1,2025-02-05 13:13:20,141,4
session_316,cart,2,2025-02-05 13:14:48,88,4
session_316,checkout,3,2025-02-05 13:17:36,168,4
session_316,confirmation,4,2025-02-05 13:18:30,54,0
session_317,home,0,2025-03-21 11:21:59,147,0
session_317,product_page,1,2025-03-21 11:22:53,54,3
session_317,cart,2,2025-03-21 11:25:06,133,3
session_317,checkout,3,2025-03-21 11:27:22,136,3
session_317,confirmation,4,2025-03-21 11:27:57,35,0
session_318,home,0,2025-03-20 15:24:05,105,0
session_318,product_page,1,2025-03-20 15:25:39,94,0
session_319,home,0,2025-01-16 23:25:58,176,0
session_319,product_page,1,2025-01-16 23:28:08,130,5
session_319,cart,2,2025-01-16 23:29:23,75,5
session_319,checkout,3,2025-01-16 23:31:36,133,5
session_319,confirmation,4,2025-01-16 23:34:21,165,0
session_320,home,0,2025-02-20 19:42:17,165,0
session_320,product_page,1,2025-02-20 19:44:46,149,1
session_321,home,0,2025-02-08 15:00:34,101,0
session_321,product_page,1,2025-02-08 15:01:20,46,3
session_321,cart,2,2025-02-08 15:03:43,143,3
session_321,checkout,3,2025-02-08 15:05:44,121,3
session_321,confirmation,4,2025-02-08 15:06:05,21,0
session_322,home,0,2025-07-07 06:50:00,164,0
session_322,product_page,1,2025-07-07 06:52:06,126,2
session_323,home,0,2025-04-30 06:25:09,132,0
session_323,product_page,1,2025-04-30 06:26:45,96,0
session_324,home,0,2025-01-06 09:36:47,43,0
session_324,product_page,1,2025-01-06 09:39:13,146,3
session_324,cart,2,2025-01-06 09:41:33,140,3
session_324,checkout,3,2025-01-06 09:42:54,81,3
session_324,confirmation,4,2025-01-06 09:43:41,47,0
session_325,home,0,2025-03-23 20:12:41,30,0
session_326,home,0,2025-05-12 05:36:42,128,0
session_326,product_page,1,2025-05-12 05:37:45,63,0
session_327,home,0,2025-03-14 21:04:05,135,0
session_327,product_page,1,2025-03-14 21:05:17,72,0
session_327,cart,2,2025-03-14 21:07:21,124,2
session_327,checkout,3,2025-03-14 21:08:05,44,2
session_327,confirmation,4,2025-03-14 21:09:33,88,0
session_328,home,0,2025-08-17 22:01:39,105,0
session_328,product_page,1,2025-08-17 22:04:00,141,2
session_328,cart,2,2025-08-17 22:04:52,52,2
session_328,checkout,3,2025-08-17 22:05:31,39,2
session_328,confirmation,4,2025-08-17 22:08:25,174,0
session_329,home,0,2025-02-03 00:41:50,85,0
session_329,product_page,1,2025-02-03 00:42:17,27,0
session_330,home,0,2025-05-02 14:46:58,123,0
session_330,product_page,1,2025-05-02 14:49:51,173,0
session_331,home,0,2025-06-21 01:24:37,116,0
session_331,product_page,1,2025-06-21 01:25:30,53,5
session_331,cart,2,2025-06-21 01:28:17,167,5
session_331,checkout,3,2025-06-21 01:30:22,125,5
session_331,confirmation,4,2025-06-21 01:32:15,113,0
session_332,home,0,2025-04-30 21:32:31,145,0
session_332,product_page,1,2025-04-30 21:35:16,165,5
session_332,cart,2,2025-04-30 21:37:54,158,5
session_332,checkout,3,2025-04-30 21:38:47,53,5
session_332,confirmation,4,2025-04-30 21:40:28,101,0
session_333,home,0,2025-03-04 18:45:22,39,0
session_333,product_page,1,2025-03-04 18:45:53,31,5
session_334,home,0,2025-03-23 13:36:54,115,0
session_334,product_page,1,2025-03-23 13:39:38,164,5
session_335,home,0,2025-07-19 11:36:04,50,0
session_335,product_page,1,2025-07-19 11:37:12,68,0
session_335,cart,2,2025-07-19 11:39:10,118,2
session_336,home,0,2025-08-04 17:11:37,46,0
session_336,product_page,1,2025-08-04 17:13:02,85,5
session_336,cart,2,2025-08-04 17:15:08,126,5
session_337,home,0,2025-01-03 09:03:34,102,0
session_337,product_page,1,2025-01-03 09:05:45,131,0
session_337,cart,2,2025-01-03 09:06:22,37,0
session_337,checkout,3,2025-01-03 09:09:21,179,1
session_337,confirmation,4,2025-01-03 09:11:20,119,0
session_338,home,0,2025-02-09 06:18:57,25,0
session_338,product_page,1,2025-02-09 06:21:32,155,5
session_338,cart,2,2025-02-09 06:23:54,142,5
session_339,home,0,2025-08-29 17:26:11,158,0
session_339,product_page,1,2025-08-29 17:26:58,47,2
session_339,cart,2,2025-08-29 17:29:16,138,2
session_339,checkout,3,2025-08-29 17:31:16,120,2
session_339,confirmation,4,2025-08-29 17:33:12,116,0
session_340,home,0,2025-01-14 13:47:31,83,0
session_340,product_page,1,2025-01-14 13:49:47,136,3
session_341,home,0,2025-02-24 22:39:47,57,0
session_341,product_page,1,2025-02-24 22:40:38,51,0
session_342,home,0,2025-06-04 16:36:57,31,0
session_342,product_page,1,2025-06-04 16:39:14,137,2
session_343,home,0,2025-03-14 12:05:59,124,0
session_343,product_page,1,2025-03-14 12:08:58,179,0
session_343,cart,2,2025-03-14 12:09:32,34,0
session_343,checkout,3,2025-03-14 12:10:11,39,1
session_343,confirmation,4,2025-03-14 12:12:36,145,0
session_344,home,0,2025-06-05 08:02:59,29,0
session_344,product_page,1,2025-06-05 08:04:32,93,1
session_344,cart,2,2025-06-05 08:05:37,65,1
session_344,checkout,3,2025-06-05 08:07:04,87,1
session_345,home,0,2025-01-24 23:12:54,23,0
session_345,product_page,1,2025-01-24 23:13:51,57,0
session_346,home,0,2025-02-18 18:11:17,120,0
session_346,product_page,1,2025-02-18 18:14:16,179,1
session_347,home,0,2025-08-31 20:13:24,56,0
session_347,product_page,1,2025-08-31 20:16:10,166,3
session_348,home,0,2025-08-10 01:36:44,98,0
session_348,product_page,1,2025-08-10 01:39:26,162,0
session_349,home,0,2025-07-15 10:20:05,90,0
session_349,product_page,1,2025-07-15 10:21:49,104,0
session_350,home,0,2025-06-19 14:32:09,106,0
session_350,product_page,1,2025-06-19 14:33:07,58,0
session_350,cart,2,2025-06-19 14:33:50,43,3
session_350,checkout,3,2025-06-19 14:36:05,135,3
session_350,confirmation,4,2025-06-19 14:37:12,67,0
session_351,home,0,2025-05-09 13:29:02,27,0
session_351,product_page,1,2025-05-09 13:31:10,128,5
session_352,home,0,2025-03-21 02:18:43,50,0
session_352,product_page,1,2025-03-21 02:21:14,151,4
session_352,cart,2,2025-03-21 02:21:56,42,4
session_352,checkout,3,2025-03-21 02:23:53,117,4
session_352,confirmation,4,2025-03-21 02:24:09,16,0
session_353,home,0,2025-08-11 13:59:58,70,0
session_354,home,0,2025-05-21 17:19:17,92,0
session_354,product_page,1,2025-05-21 17:21:42,145,0
session_354,cart,2,2025-05-21 17:24:27,165,1
session_354,checkout,3,2025-05-21 17:26:34,127,1
session_354,confirmation,4,2025-05-21 17:27:18,44,0
session_355,home,0,2025-05-27 07:40:42,144,0
session_355,product_page,1,2025-05-27 07:42:39,117,3
session_355,cart,2,2025-05-27 07:45:10,151,3
session_355,checkout,3,2025-05-27 07:47:15,125,3
session_355,confirmation,4,2025-05-27 07:47:31,16,0
session_356,home,0,2025-08-19 08:19:27,40,0
session_356,product_page,1,2025-08-19 08:20:44,77,0
session_356,cart,2,2025-08-19 08:22:28,104,2
session_356,checkout,3,2025-08-19 08:24:59,151,2
session_357,home,0,2025-01-29 20:20:26,131,0
session_357,product_page,1,2025-01-29 20:23:00,154,5
session_357,cart,2,2025-01-29 20:23:35,35,5
session_358,home,0,2025-04-26 16:59:47,81,0
session_359,home,0,2025-07-03 19:56:18,103,0
session_359,product_page,1,2025-07-03 19:58:02,104,5
session_359,cart,2,2025-07-03 20:00:31,149,5
session_359,checkout,3,2025-07-03 20:01:02,31,5
session_360,home,0,2025-03-29 19:50:11,127,0
session_360,product_page,1,2025-03-29 19:50:50,39,1
session_361,home,0,2025-02-15 10:22:03,142,0
session_361,product_page,1,2025-02-15 10:22:39,36,2
session_361,cart,2,2025-02-15 10:25:14,155,2
session_362,home,0,2025-03-26 13:32:13,15,0
session_363,home,0,2025-07-08 11:56:05,106,0
session_363,product_page,1,2025-07-08 11:58:14,129,4
session_364,home,0,2025-07-04 00:58:12,167,0
session_365,home,0,2025-04-08 13:52:26,102,0
session_365,product_page,1,2025-04-08 13:53:37,71,3
session_366,home,0,2025-01-21 09:07:41,121,0
session_366,product_page,1,2025-01-21 09:08:58,77,4
session_366,cart,2,2025-01-21 09:10:11,73,4
session_367,home,0,2025-03-21 02:58:55,82,0
session_367,product_page,1,2025-03-21 03:00:42,107,0
session_368,home,0,2025-03-30 03:22:54,100,0
session_369,home,0,2025-03-19 15:40:48,68,0
session_370,home,0,2025-07-28 13:54:56,87,0
session_371,home,0,2025-01-07 23:13:17,162,0
session_371,product_page,1,2025-01-07 23:15:55,158,0
session_372,home,0,2025-03-29 09:33:58,149,0
session_372,product_page,1,2025-03-29 09:36:47,169,0
session_373,home,0,2025-06-06 17:46:30,43,0
session_373,product_page,1,2025-06-06 17:48:53,143,5
session_374,home,0,2025-03-25 17:31:52,178,0
session_374,product_page,1,2025-03-25 17:32:09,17,3
session_375,home,0,2025-03-12 03:08:52,155,0
session_375,product_page,1,2025-03-12 03:10:43,111,3
session_375,cart,2,2025-03-12 03:12:40,117,3
session_376,home,0,2025-06-26 18:41:13,150,0
session_376,product_page,1,2025-06-26 18:41:38,25,3
session_377,home,0,2025-06-20 04:55:36,174,0
session_377,product_page,1,2025-06-20 04:56:42,66,3
session_378,home,0,2025-02-15 16:39:27,100,0
session_378,product_page,1,2025-02-15 16:40:54,87,0
session_378,cart,2,2025-02-15 16:41:18,24,0
session_379,home,0,2025-01-13 14:59:47,59,0
session_379,product_page,1,2025-01-13 15:00:53,66,0
session_379,cart,2,2025-01-13 15:03:05,132,2
session_379,checkout,3,2025-01-13 15:04:02,57,2
session_379,confirmation,4,2025-01-13 15:05:53,111,0
session_380,home,0,2025-08-09 18:07:22,110,0
session_380,product_page,1,2025-08-09 18:09:04,102,3
session_380,cart,2,2025-08-09 18:09:58,54,3
session_380,checkout,3,2025-08-09 18:11:49,111,3
session_380,confirmation,4,2025-08-09 18:12:20,31,0
session_381,home,0,2025-04-04 08:58:57,16,0
session_382,home,0,2025-03-01 02:08:35,160,0
session_383,home,0,2025-04-04 06:39:17,47,0
session_383,product_page,1,2025-04-04 06:39:35,18,3
session_384,home,0,2025-02-28 23:59:10,122,0
session_384,product_page,1,2025-02-28 23:59:41,31,5
session_385,home,0,2025-01-08 12:10:27,51,0
session_385,product_page,1,2025-01-08 12:11:42,75,3
session_386,home,0,2025-05-25 10:19:31,16,0
session_386,product_page,1,2025-05-25 10:20:01,30,3
session_387,home,0,2025-08-30 14:23:54,127,0
session_387,product_page,1,2025-08-30 14:26:15,141,3
session_388,home,0,2025-08-17 05:44:34,137,0
session_388,product_page,1,2025-08-17 05:45:46,72,4
session_388,cart,2,2025-08-17 05:48:24,158,4
session_388,checkout,3,2025-08-17 05:49:32,68,4
session_388,confirmation,4,2025-08-17 05:49:51,19,0
session_389,home,0,2025-07-21 08:32:01,128,0
session_390,home,0,2025-07-18 00:19:15,146,0
session_390,product_page,1,2025-07-18 00:19:50,35,1
session_390,cart,2,2025-07-18 00:21:30,100,1
session_390,checkout,3,2025-07-18 00:22:31,61,1
session_390,confirmation,4,2025-07-18 00:24:49,138,0
session_391,home,0,2025-03-07 20:19:46,117,0
session_391,product_page,1,2025-03-07 20:20:50,64,3
session_391,cart,2,2025-03-07 20:23:09,139,3
session_391,checkout,3,2025-03-07 20:25:58,169,3
session_391,confirmation,4,2025-03-07 20:28:28,150,0
session_392,home,0,2025-03-11 05:37:55,127,0
session_392,product_page,1,2025-03-11 05:40:20,145,5
session_393,home,0,2025-07-05 08:30:23,144,0
session_393,product_page,1,2025-07-05 08:32:01,98,1
session_394,home,0,2025-08-04 10:04:17,158,0
session_394,product_page,1,2025-08-04 10:06:22,125,0
session_394,cart,2,2025-08-04 10:07:43,81,2
session_395,home,0,2025-08-06 10:27:10,36,0
session_395,product_page,1,2025-08-06 10:28:49,99,3
session_395,cart,2,2025-08-06 10:29:26,37,3
session_395,checkout,3,2025-08-06 10:31:27,121,3
session_396,home,0,2025-04-10 15:23:04,48,0
session_397,home,0,2025-06-16 04:52:30,96,0
session_397,product_page,1,2025-06-16 04:54:32,122,0
session_398,home,0,2025-07-26 10:35:15,98,0
session_399,home,0,2025-07-21 06:41:00,83,0
session_399,product_page,1,2025-07-21 06:43:48,168,1
session_400,home,0,2025-04-12 01:34:19,173,0
session_400,product_page,1,2025-04-12 01:35:24,65,5
session_401,home,0,2025-03-16 07:23:28,67,0
session_401,product_page,1,2025-03-16 07:24:25,57,5
session_401,cart,2,2025-03-16 07:25:21,56,5
session_401,checkout,3,2025-03-16 07:27:11,110,5
session_401,confirmation,4,2025-03-16 07:27:49,38,0
session_402,home,0,2025-08-04 00:29:13,116,0
session_402,product_page,1,2025-08-04 00:31:13,120,0
session_402,cart,2,2025-08-04 00:31:52,39,4
session_402,checkout,3,2025-08-04 00:32:07,15,4
session_402,confirmation,4,2025-08-04 00:34:32,145,0
session_403,home,0,2025-07-06 20:06:01,56,0
session_403,product_page,1,2025-07-06 20:09:00,179,0
session_403,cart,2,2025-07-06 20:09:32,32,0
session_404,home,0,2025-08-28 01:30:54,171,0
session_404,product_page,1,2025-08-28 01:32:56,122,4
session_405,home,0,2025-03-29 14:09:03,39,0
session_405,product_page,1,2025-03-29 14:09:28,25,3
session_406,home,0,2025-07-14 05:01:17,22,0
session_406,product_page,1,2025-07-14 05:03:02,105,2
session_407,home,0,2025-06-15 04:34:55,65,0
session_407,product_page,1,2025-06-15 04:36:38,103,1
session_407,cart,2,2025-06-15 04:39:27,169,1
session_407,checkout,3,2025-06-15 04:40:26,59,1
session_407,confirmation,4,2025-06-15 04:42:12,106,0
session_408,home,0,2025-02-27 07:51:15,40,0
session_409,home,0,2025-08-12 18:25:24,139,0
session_409,product_page,1,2025-08-12 18:25:44,20,1
session_410,home,0,2025-03-01 11:30:43,134,0
session_410,product_page,1,2025-03-01 11:32:29,106,0
session_411,home,0,2025-01-24 06:36:27,119,0
session_411,product_page,1,2025-01-24 06:38:57,150,0
session_412,home,0,2025-04-02 17:07:13,82,0
session_412,product_page,1,2025-04-02 17:10:08,175,2
session_413,home,0,2025-01-14 02:59:40,114,0
session_413,product_page,1,2025-01-14 03:00:57,77,0
session_414,home,0,2025-01-18 17:35:41,67,0
session_414,product_page,1,2025-01-18 17:36:07,26,0
session_414,cart,2,2025-01-18 17:38:10,123,0
session_414,checkout,3,2025-01-18 17:38:42,32,1
session_414,confirmation,4,2025-01-18 17:41:19,157,0
session_415,home,0,2025-05-10 22:22:19,17,0
session_415,product_page,1,2025-05-10 22:23:48,89,4
session_415,cart,2,2025-05-10 22:25:27,99,4
session_416,home,0,2025-04-30 05:33:32,165,0
session_416,product_page,1,2025-04-30 05:35:35,123,2
session_416,cart,2,2025-04-30 05:38:00,145,2
session_416,checkout,3,2025-04-30 05:40:35,155,2
session_416,confirmation,4,2025-04-30 05:42:07,92,0
session_417,home,0,2025-08-15 00:46:34,75,0
session_417,product_page,1,2025-08-15 00:46:51,17,0
session_418,home,0,2025-01-23 20:36:40,137,0
session_418,product_page,1,2025-01-23 20:37:51,71,0
session_419,home,0,2025-06-18 20:14:20,162,0
session_419,product_page,1,2025-06-18 20:16:33,133,2
session_419,cart,2,2025-06-18 20:17:41,68,2
session_419,checkout,3,2025-06-18 20:20:22,161,2
session_419,confirmation,4,2025-06-18 20:21:45,83,0
session_420,home,0,2025-05-01 00:52:44,111,0
session_420,product_page,1,2025-05-01 00:55:17,153,3
session_421,home,0,2025-02-12 03:32:48,33,0
session_422,home,0,2025-07-02 01:49:52,133,0
session_422,product_page,1,2025-07-02 01:51:33,101,3
session_423,home,0,2025-03-05 19:54:18,75,0
session_423,product_page,1,2025-03-05 19:56:58,160,1
session_424,home,0,2025-08-29 16:15:24,87,0
session_425,home,0,2025-08-15 07:53:16,42,0
session_425,product_page,1,2025-08-15 07:53:58,42,3
session_425,cart,2,2025-08-15 07:55:30,92,3
session_426,home,0,2025-05-03 11:04:50,167,0
session_427,home,0,2025-08-01 23:46:04,86,0
session_427,product_page,1,2025-08-01 23:47:52,108,3
session_428,home,0,2025-08-06 10:34:25,16,0
session_428,product_page,1,2025-08-06 10:35:57,92,0
session_428,cart,2,2025-08-06 10:36:25,28,2
session_428,checkout,3,2025-08-06 10:36:55,30,2
session_429,home,0,2025-01-14 17:12:59,154,0
session_429,product_page,1,2025-01-14 17:14:53,114,0
session_430,home,0,2025-03-30 18:43:55,94,0
session_430,product_page,1,2025-03-30 18:44:24,29,3
session_430,cart,2,2025-03-30 18:46:57,153,3
session_430,checkout,3,2025-03-30 18:49:05,128,3
session_430,confirmation,4,2025-03-30 18:52:01,176,0
session_431,home,0,2025-01-09 09:01:10,116,0
session_432,home,0,2025-08-11 03:28:48,139,0
session_432,product_page,1,2025-08-11 03:29:41,53,0
session_433,home,0,2025-06-16 19:38:57,138,0
session_433,product_page,1,2025-06-16 19:39:26,29,0
session_434,home,0,2025-08-27 16:33:49,153,0
session_434,product_page,1,2025-08-27 16:36:08,139,0
session_434,cart,2,2025-08-27 16:38:38,150,0
session_435,home,0,2025-06-23 12:41:20,132,0
session_435,product_page,1,2025-06-23 12:42:54,94,0
session_435,cart,2,2025-06-23 12:45:04,130,3
session_435,checkout,3,2025-06-23 12:45:34,30,3
session_435,confirmation,4,2025-06-23 12:47:40,126,0
session_436,home,0,2025-07-21 05:38:04,160,0
session_436,product_page,1,2025-07-21 05:40:36,152,0
session_436,cart,2,2025-07-21 05:41:18,42,0
session_436,checkout,3,2025-07-21 05:43:39,141,1
session_436,confirmation,4,2025-07-21 05:43:59,20,0
session_437,home,0,2025-02-02 00:07:12,116,0
session_437,product_page,1,2025-02-02 00:07:53,41,0
session_438,home,0,2025-06-13 23:35:37,128,0
session_438,product_page,1,2025-06-13 23:36:46,69,0
session_438,cart,2,2025-06-13 23:37:42,56,5
session_438,checkout,3,2025-06-13 23:39:34,112,5
session_438,confirmation,4,2025-06-13 23:40:33,59,0
session_439,home,0,2025-07-21 08:33:15,138,0
session_439,product_page,1,2025-07-21 08:35:52,157,3
session_440,home,0,2025-08-14 04:24:35,144,0
session_440,product_page,1,2025-08-14 04:26:31,116,5
session_440,cart,2,2025-08-14 04:28:47,136,5
session_440,checkout,3,2025-08-14 04:31:06,139,5
session_441,home,0,2025-01-01 15:11:19,62,0
session_441,product_page,1,2025-01-01 15:13:15,116,4
session_442,home,0,2025-01-02 22:20:20,54,0
session_442,product_page,1,2025-01-02 22:20:56,36,0
session_443,home,0,2025-07-07 06:32:38,24,0
session_443,product_page,1,2025-07-07 06:34:17,99,0
session_444,home,0,2025-01-25 02:34:04,122,0
session_445,home,0,2025-07-30 06:14:48,38,0
session_445,product_page,1,2025-07-30 06:16:18,90,0
session_446,home,0,2025-03-03 04:58:17,147,0
session_446,product_page,1,2025-03-03 04:59:46,89,5
session_446,cart,2,2025-03-03 05:00:42,56,5
session_446,checkout,3,2025-03-03 05:02:14,92,5
session_446,confirmation,4,2025-03-03 05:05:14,180,0
session_447,home,0,2025-02-25 18:08:57,163,0
session_447,product_page,1,2025-02-25 18:11:35,158,1
session_448,home,0,2025-05-19 15:22:59,118,0
session_449,home,0,2025-06-01 12:46:33,165,0
session_449,product_page,1,2025-06-01 12:48:40,127,4
session_449,cart,2,2025-06-01 12:49:43,63,4
session_449,checkout,3,2025-06-01 12:52:19,156,4
session_449,confirmation,4,2025-06-01 12:52:43,24,0
session_450,home,0,2025-07-31 09:17:21,156,0
session_450,product_page,1,2025-07-31 09:19:07,106,0
session_450,cart,2,2025-07-31 09:19:29,22,0
session_450,checkout,3,2025-07-31 09:21:48,139,3
session_450,confirmation,4,2025-07-31 09:22:19,31,0
session_451,home,0,2025-08-14 09:16:48,34,0
session_451,product_page,1,2025-08-14 09:18:18,90,0
session_451,cart,2,2025-08-14 09:19:36,78,0
session_451,checkout,3,2025-08-14 09:20:52,76,3
session_451,confirmation,4,2025-08-14 09:23:17,145,0
session_452,home,0,2025-02-09 08:24:42,87,0
session_452,product_page,1,2025-02-09 08:26:20,98,2
session_452,cart,2,2025-02-09 08:27:49,89,2
session_452,checkout,3,2025-02-09 08:28:29,40,2
session_452,confirmation,4,2025-02-09 08:29:36,67,0
session_453,home,0,2025-07-31 11:48:14,21,0
session_453,product_page,1,2025-07-31 11:49:06,52,1
session_454,home,0,2025-07-29 06:53:27,78,0
session_454,product_page,1,2025-07-29 06:53:48,21,0
session_455,home,0,2025-07-28 15:30:04,56,0
session_456,home,0,2025-04-15 09:40:21,31,0
session_456,product_page,1,2025-04-15 09:41:15,54,1
session_457,home,0,2025-06-10 15:44:40,158,0
session_457,product_page,1,2025-06-10 15:45:15,35,2
session_457,cart,2,2025-06-10 15:47:53,158,2
session_457,checkout,3,2025-06-10 15:48:51,58,2
session_457,confirmation,4,2025-06-10 15:51:08,137,0
session_458,home,0,2025-03-07 14:40:24,90,0
session_458,product_page,1,2025-03-07 14:41:03,39,0
session_459,home,0,2025-01-29 10:38:41,111,0
session_460,home,0,2025-05-22 08:34:04,152,0
session_461,home,0,2025-07-07 19:30:10,21,0
session_461,product_page,1,2025-07-07 19:31:50,100,1
session_462,home,0,2025-04-02 14:21:55,134,0
session_462,product_page,1,2025-04-02 14:24:12,137,0
session_463,home,0,2025-01-10 14:02:53,110,0
session_463,product_page,1,2025-01-10 14:04:03,70,5
session_463,cart,2,2025-01-10 14:05:21,78,5
session_463,checkout,3,2025-01-10 14:06:07,46,5
session_463,confirmation,4,2025-01-10 14:08:20,133,0
session_464,home,0,2025-06-29 11:53:18,67,0
session_465,home,0,2025-04-04 19:37:07,44,0
session_466,home,0,2025-01-27 20:23:46,154,0
session_466,product_page,1,2025-01-27 20:25:57,131,0
session_467,home,0,2025-01-20 04:10:17,75,0
session_467,product_page,1,2025-01-20 04:13:02,165,3
session_468,home,0,2025-06-24 13:01:10,150,0
session_469,home,0,2025-02-23 23:37:27,151,0
session_469,product_page,1,2025-02-23 23:38:34,67,2
session_470,home,0,2025-04-02 17:30:48,80,0
session_470,product_page,1,2025-04-02 17:31:42,54,2
session_470,cart,2,2025-04-02 17:33:20,98,2
session_470,checkout,3,2025-04-02 17:34:09,49,2
session_470,confirmation,4,2025-04-02 17:34:37,28,0
session_471,home,0,2025-03-16 16:21:32,176,0
session_471,product_page,1,2025-03-16 16:24:29,177,5
session_472,home,0,2025-05-01 07:04:36,126,0
session_472,product_page,1,2025-05-01 07:04:54,18,0
session_472,cart,2,2025-05-01 07:06:40,106,5
session_472,checkout,3,2025-05-01 07:09:10,150,5
session_472,confirmation,4,2025-05-01 07:10:39,89,0
session_473,home,0,2025-04-05 05:38:29,152,0
session_473,product_page,1,2025-04-05 05:39:49,80,4
session_473,cart,2,2025-04-05 05:41:35,106,4
session_474,home,0,2025-06-07 16:54:02,173,0
session_474,product_page,1,2025-06-07 16:54:20,18,0
session_474,cart,2,2025-06-07 16:54:51,31,0
session_475,home,0,2025-06-27 11:47:15,89,0
session_475,product_page,1,2025-06-27 11:48:59,104,4
session_476,home,0,2025-06-27 03:50:49,159,0
session_477,home,0,2025-06-24 10:47:45,117,0
session_477,product_page,1,2025-06-24 10:50:39,174,0
session_477,cart,2,2025-06-24 10:51:39,60,1
session_478,home,0,2025-01-23 19:12:35,170,0
session_478,product_page,1,2025-01-23 19:15:22,167,5
session_479,home,0,2025-08-12 03:30:00,66,0
session_479,product_page,1,2025-08-12 03:32:06,126,1
session_480,home,0,2025-07-16 18:50:41,127,0
session_480,product_page,1,2025-07-16 18:53:01,140,1
session_481,home,0,2025-02-25 08:37:39,74,0
session_482,home,0,2025-08-11 22:33:17,39,0
session_482,product_page,1,2025-08-11 22:34:02,45,0
session_482,cart,2,2025-08-11 22:34:46,44,0
session_482,checkout,3,2025-08-11 22:36:56,130,1
session_483,home,0,2025-01-29 19:15:58,115,0
session_484,home,0,2025-07-10 15:11:30,123,0
session_484,product_page,1,2025-07-10 15:12:37,67,2
session_484,cart,2,2025-07-10 15:14:57,140,2
session_484,checkout,3,2025-07-10 15:17:49,172,2
session_484,confirmation,4,2025-07-10 15:20:16,147,0
session_485,home,0,2025-01-19 09:57:00,152,0
session_486,home,0,2025-01-14 15:20:10,165,0
session_486,product_page,1,2025-01-14 15:22:06,116,0
session_487,home,0,2025-04-11 04:22:55,174,0
session_488,home,0,2025-01-12 01:02:04,138,0
session_488,product_page,1,2025-01-12 01:03:14,70,0
session_488,cart,2,2025-01-12 01:04:58,104,1
session_488,checkout,3,2025-01-12 01:05:53,55,1
session_488,confirmation,4,2025-01-12 01:06:49,56,0
session_489,home,0,2025-07-09 08:29:12,85,0
session_489,product_page,1,2025-07-09 08:31:24,132,4
session_490,home,0,2025-05-28 13:29:31,137,0
session_490,product_page,1,2025-05-28 13:31:58,147,3
session_490,cart,2,2025-05-28 13:32:26,28,3
session_491,home,0,2025-01-19 16:14:55,31,0
session_491,product_page,1,2025-01-19 16:16:04,69,4
session_492,home,0,2025-04-21 09:10:28,118,0
session_492,product_page,1,2025-04-21 09:12:15,107,0
session_493,home,0,2025-07-24 23:47:37,58,0
session_493,product_page,1,2025-07-24 23:50:22,165,0
session_494,home,0,2025-08-03 13:49:07,23,0
session_494,product_page,1,2025-08-03 13:51:48,161,0
session_495,home,0,2025-03-25 15:39:19,180,0
session_495,product_page,1,2025-03-25 15:40:09,50,2
session_496,home,0,2025-03-08 23:23:20,33,0
session_496,product_page,1,2025-03-08 23:24:02,42,0
session_497,home,0,2025-03-16 10:10:52,155,0
session_498,home,0,2025-02-03 13:00:56,177,0
session_498,product_page,1,2025-02-03 13:01:11,15,0
session_499,home,0,2025-03-27 11:15:06,35,0
session_499,product_page,1,2025-03-27 11:17:34,148,1
session_500,home,0,2025-05-02 15:05:06,30,0
session_501,home,0,2025-03-12 11:45:11,122,0
session_501,product_page,1,2025-03-12 11:48:03,172,1
session_502,home,0,2025-04-05 01:30:35,116,0
session_502,product_page,1,2025-04-05 01:31:16,41,3
session_503,home,0,2025-02-26 23:13:33,127,0
session_503,product_page,1,2025-02-26 23:15:37,124,5
session_504,home,0,2025-08-06 02:02:42,23,0
session_504,product_page,1,2025-08-06 02:04:07,85,3
session_505,home,0,2025-04-05 17:18:38,71,0
session_505,product_page,1,2025-04-05 17:19:02,24,5
session_506,home,0,2025-03-13 19:53:13,73,0
session_507,home,0,2025-03-11 10:22:08,136,0
session_507,product_page,1,2025-03-11 10:22:55,47,0
session_508,home,0,2025-03-14 17:47:04,179,0
session_508,product_page,1,2025-03-14 17:49:01,117,2
session_508,cart,2,2025-03-14 17:51:56,175,2
session_508,checkout,3,2025-03-14 17:53:54,118,2
session_508,confirmation,4,2025-03-14 17:55:12,78,0
session_509,home,0,2025-02-01 15:17:58,82,0
session_510,home,0,2025-05-24 06:11:55,64,0
session_510,product_page,1,2025-05-24 06:12:44,49,1
session_511,home,0,2025-07-28 15:33:21,54,0
session_511,product_page,1,2025-07-28 15:33:37,16,0
session_512,home,0,2025-08-24 04:09:00,114,0
session_512,product_page,1,2025-08-24 04:09:32,32,0
session_513,home,0,2025-03-10 19:47:10,101,0
session_513,product_page,1,2025-03-10 19:49:39,149,4
session_514,home,0,2025-01-07 23:33:35,85,0
session_515,home,0,2025-04-21 18:34:14,154,0
session_515,product_page,1,2025-04-21 18:35:59,105,0
session_516,home,0,2025-05-16 23:44:20,104,0
session_516,product_page,1,2025-05-16 23:46:45,145,0
session_517,home,0,2025-06-13 03:46:38,16,0
session_518,home,0,2025-06-09 13:56:03,150,0
session_518,product_page,1,2025-06-09 13:57:06,63,0
session_519,home,0,2025-03-07 07:52:58,127,0
session_519,product_page,1,2025-03-07 07:53:34,36,1
session_519,cart,2,2025-03-07 07:56:19,165,1
session_519,checkout,3,2025-03-07 07:57:53,94,1
session_519,confirmation,4,2025-03-07 07:58:19,26,0
session_520,home,0,2025-07-30 09:18:20,41,0
session_521,home,0,2025-01-14 04:27:11,153,0
session_521,product_page,1,2025-01-14 04:28:31,80,0
session_521,cart,2,2025-01-14 04:30:14,103,0
session_522,home,0,2025-01-25 20:47:05,96,0
session_523,home,0,2025-06-13 06:36:51,75,0
session_523,product_page,1,2025-06-13 06:37:54,63,0
session_524,home,0,2025-05-28 15:04:06,102,0
session_524,product_page,1,2025-05-28 15:04:54,48,5
session_525,home,0,2025-07-01 18:00:23,130,0
session_525,product_page,1,2025-07-01 18:02:00,97,0
session_526,home,0,2025-06-14 15:42:15,127,0
session_526,product_page,1,2025-06-14 15:42:54,39,4
session_527,home,0,2025-01-01 12:51:56,75,0
session_527,product_page,1,2025-01-01 12:53:10,74,4
session_528,home,0,2025-07-24 09:39:44,30,0
session_528,product_page,1,2025-07-24 09:42:19,155,0
session_529,home,0,2025-01-05 04:09:50,85,0
session_530,home,0,2025-08-09 21:35:17,142,0
session_530,product_page,1,2025-08-09 21:37:56,159,0
session_530,cart,2,2025-08-09 21:39:34,98,0
session_530,checkout,3,2025-08-09 21:41:06,92,1
session_530,confirmation,4,2025-08-09 21:43:04,118,0
session_531,home,0,2025-02-17 21:19:11,164,0
session_531,product_page,1,2025-02-17 21:21:23,132,2
session_532,home,0,2025-04-26 11:56:50,68,0
session_533,home,0,2025-03-28 22:23:06,56,0
session_533,product_page,1,2025-03-28 22:24:06,60,4
session_534,home,0,2025-01-07 12:35:31,47,0
session_534,product_page,1,2025-01-07 12:38:25,174,1
session_534,cart,2,2025-01-07 12:40:52,147,1
session_535,home,0,2025-02-04 11:13:56,85,0
session_535,product_page,1,2025-02-04 11:16:23,147,2
session_535,cart,2,2025-02-04 11:17:34,71,2
session_535,checkout,3,2025-02-04 11:20:09,155,2
session_535,confirmation,4,2025-02-04 11:22:40,151,0
session_536,home,0,2025-03-12 13:16:12,173,0
session_537,home,0,2025-08-19 14:00:52,121,0
session_537,product_page,1,2025-08-19 14:02:48,116,1
session_538,home,0,2025-04-05 13:04:10,63,0
session_539,home,0,2025-06-21 11:29:46,121,0
session_539,product_page,1,2025-06-21 11:32:24,158,0
session_540,home,0,2025-07-13 23:14:07,118,0
session_540,product_page,1,2025-07-13 23:16:05,118,3
session_541,home,0,2025-07-29 04:15:25,133,0
session_541,product_page,1,2025-07-29 04:16:08,43,4
session_542,home,0,2025-02-15 11:50:36,20,0
session_542,product_page,1,2025-02-15 11:51:43,67,0
session_543,home,0,2025-05-16 02:43:58,116,0
session_543,product_page,1,2025-05-16 02:44:36,38,5
session_543,cart,2,2025-05-16 02:45:58,82,5
session_543,checkout,3,2025-05-16 02:47:26,88,5
session_543,confirmation,4,2025-05-16 02:49:28,122,0
session_544,home,0,2025-07-01 12:49:06,137,0
session_545,home,0,2025-01-24 13:48:49,131,0
session_545,product_page,1,2025-01-24 13:51:19,150,0
session_546,home,0,2025-05-14 03:03:56,149,0
session_546,product_page,1,2025-05-14 03:06:06,130,2
session_547,home,0,2025-02-12 17:24:20,170,0
session_547,product_page,1,2025-02-12 17:25:06,46,3
session_548,home,0,2025-05-05 04:49:05,162,0
session_548,product_page,1,2025-05-05 04:50:54,109,5
session_548,cart,2,2025-05-05 04:53:37,163,5
session_548,checkout,3,2025-05-05 04:54:03,26,5
session_548,confirmation,4,2025-05-05 04:56:30,147,0
session_549,home,0,2025-08-13 21:59:36,119,0
session_549,product_page,1,2025-08-13 22:02:14,158,3
session_550,home,0,2025-03-25 17:40:23,126,0
session_550,product_page,1,2025-03-25 17:42:51,148,1
session_550,cart,2,2025-03-25 17:44:04,73,1
session_551,home,0,2025-01-23 13:38:32,68,0
session_551,product_page,1,2025-01-23 13:41:12,160,2
session_552,home,0,2025-05-04 01:13:33,163,0
session_552,product_page,1,2025-05-04 01:14:48,75,0
session_552,cart,2,2025-05-04 01:16:04,76,3
session_553,home,0,2025-06-30 18:52:54,137,0
session_554,home,0,2025-08-22 02:26:53,37,0
session_554,product_page,1,2025-08-22 02:28:01,68,0
session_554,cart,2,2025-08-22 02:29:35,94,5
session_554,checkout,3,2025-08-22 02:30:56,81,5
session_554,confirmation,4,2025-08-22 02:32:10,74,0
session_555,home,0,2025-08-18 11:58:38,144,0
session_555,product_page,1,2025-08-18 12:01:27,169,2
session_556,home,0,2025-05-26 03:35:38,102,0
session_556,product_page,1,2025-05-26 03:37:02,84,0
session_556,cart,2,2025-05-26 03:37:42,40,5
session_556,checkout,3,2025-05-26 03:39:02,80,5
session_556,confirmation,4,2025-05-26 03:39:22,20,0
session_557,home,0,2025-03-10 12:46:38,101,0
session_557,product_page,1,2025-03-10 12:48:29,111,0
session_558,home,0,2025-01-02 14:49:53,53,0
session_558,product_page,1,2025-01-02 14:52:31,158,2
session_559,home,0,2025-03-18 23:26:16,148,0
session_559,product_page,1,2025-03-18 23:26:38,22,0
session_559,cart,2,2025-03-18 23:28:13,95,0
session_559,checkout,3,2025-03-18 23:30:29,136,3
session_559,confirmation,4,2025-03-18 23:31:18,49,0
session_560,home,0,2025-08-17 11:08:26,72,0
session_561,home,0,2025-05-24 21:06:19,157,0
session_561,product_page,1,2025-05-24 21:07:03,44,0
session_562,home,0,2025-03-11 21:45:48,142,0
session_562,product_page,1,2025-03-11 21:46:30,42,4
session_562,cart,2,2025-03-11 21:48:14,104,4
session_563,home,0,2025-05-03 02:39:49,91,0
session_563,product_page,1,2025-05-03 02:42:25,156,0
session_564,home,0,2025-02-09 16:23:23,161,0
session_565,home,0,2025-08-08 12:32:06,90,0
session_566,home,0,2025-06-02 12:57:16,108,0
session_566,product_page,1,2025-06-02 13:00:16,180,0
session_566,cart,2,2025-06-02 13:00:58,42,2
session_566,checkout,3,2025-06-02 13:02:13,75,2
session_566,confirmation,4,2025-06-02 13:04:22,129,0
session_567,home,0,2025-08-19 00:30:56,98,0
session_568,home,0,2025-03-19 05:41:02,169,0
session_569,home,0,2025-05-25 18:52:02,147,0
session_569,product_page,1,2025-05-25 18:54:45,163,0
session_570,home,0,2025-08-10 06:20:35,108,0
session_570,product_page,1,2025-08-10 06:21:21,46,3
session_571,home,0,2025-05-29 22:19:36,123,0
session_571,product_page,1,2025-05-29 22:20:57,81,4
session_572,home,0,2025-02-01 14:42:02,40,0
session_572,product_page,1,2025-02-01 14:44:46,164,1
session_572,cart,2,2025-02-01 14:47:23,157,1
session_572,checkout,3,2025-02-01 14:49:14,111,1
session_572,confirmation,4,2025-02-01 14:50:59,105,0
session_573,home,0,2025-08-08 06:26:57,147,0
session_573,product_page,1,2025-08-08 06:27:43,46,3
session_574,home,0,2025-02-06 15:54:50,36,0
session_574,product_page,1,2025-02-06 15:56:53,123,4
session_575,home,0,2025-06-23 18:13:45,124,0
session_575,product_page,1,2025-06-23 18:15:07,82,5
session_576,home,0,2025-03-01 22:54:44,81,0
session_576,product_page,1,2025-03-01 22:56:52,128,0
session_577,home,0,2025-02-27 16:01:15,69,0
session_577,product_page,1,2025-02-27 16:03:34,139,0
session_577,cart,2,2025-02-27 16:05:06,92,3
session_577,checkout,3,2025-02-27 16:07:43,157,3
session_577,confirmation,4,2025-02-27 16:08:50,67,0
session_578,home,0,2025-01-27 05:59:41,161,0
session_578,product_page,1,2025-01-27 06:01:34,113,2
session_579,home,0,2025-01-02 01:03:42,107,0
session_579,product_page,1,2025-01-02 01:03:59,17,1
session_579,cart,2,2025-01-02 01:04:29,30,1
session_580,home,0,2025-05-05 19:12:12,19,0
session_580,product_page,1,2025-05-05 19:13:44,92,1
session_580,cart,2,2025-05-05 19:14:05,21,1
session_580,checkout,3,2025-05-05 19:15:44,99,1
session_581,home,0,2025-05-07 22:51:01,43,0
session_581,product_page,1,2025-05-07 22:52:03,62,0
session_582,home,0,2025-07-26 01:45:54,79,0
session_583,home,0,2025-06-21 15:28:06,18,0
session_583,product_page,1,2025-06-21 15:30:52,166,2
session_584,home,0,2025-02-09 06:15:41,122,0
session_585,home,0,2025-07-10 20:12:40,126,0
session_586,home,0,2025-03-29 18:34:32,122,0
session_586,product_page,1,2025-03-29 18:35:56,84,2
session_586,cart,2,2025-03-29 18:36:12,16,2
session_586,checkout,3,2025-03-29 18:37:16,64,2
session_586,confirmation,4,2025-03-29 18:40:09,173,0
session_587,home,0,2025-05-19 19:42:54,118,0
session_587,product_page,1,2025-05-19 19:44:06,72,0
session_588,home,0,2025-07-01 18:15:57,65,0
session_588,product_page,1,2025-07-01 18:17:13,76,5
session_589,home,0,2025-05-12 07:13:34,61,0
session_589,product_page,1,2025-05-12 07:15:01,87,0
session_590,home,0,2025-06-19 15:59:24,79,0
session_590,product_page,1,2025-06-19 16:00:07,43,0
session_591,home,0,2025-06-08 15:17:46,142,0
session_592,home,0,2025-06-13 13:59:58,147,0
session_593,home,0,2025-04-03 04:40:29,141,0
session_593,product_page,1,2025-04-03 04:42:45,136,0
session_593,cart,2,2025-04-03 04:43:32,47,0
session_594,home,0,2025-02-04 04:58:04,44,0
session_594,product_page,1,2025-02-04 04:59:02,58,5
session_595,home,0,2025-06-10 10:28:59,103,0
session_595,product_page,1,2025-06-10 10:30:35,96,2
session_596,home,0,2025-04-16 01:00:00,157,0
session_596,product_page,1,2025-04-16 01:01:10,70,0
session_596,cart,2,2025-04-16 01:02:14,64,1
session_596,checkout,3,2025-04-16 01:05:06,172,1
session_596,confirmation,4,2025-04-16 01:05:44,38,0
session_597,home,0,2025-06-07 18:32:22,88,0
session_597,product_page,1,2025-06-07 18:33:22,60,3
session_598,home,0,2025-02-15 03:52:02,135,0
session_598,product_page,1,2025-02-15 03:52:20,18,5
session_599,home,0,2025-04-07 02:12:10,151,0
session_599,product_page,1,2025-04-07 02:13:29,79,4
session_599,cart,2,2025-04-07 02:16:11,162,4
session_599,checkout,3,2025-04-07 02:18:12,121,4
session_599,confirmation,4,2025-04-07 02:19:28,76,0
session_600,home,0,2025-05-22 19:18:26,29,0
session_601,home,0,2025-01-30 01:15:09,82,0
session_601,product_page,1,2025-01-30 01:17:32,143,0
session_601,cart,2,2025-01-30 01:19:34,122,5
session_602,home,0,2025-03-14 10:58:39,116,0
session_603,home,0,2025-07-25 12:29:57,149,0
session_603,product_page,1,2025-07-25 12:32:09,132,2
session_604,home,0,2025-02-09 09:48:39,134,0
session_604,product_page,1,2025-02-09 09:49:31,52,0
session_604,cart,2,2025-02-09 09:51:16,105,4
session_605,home,0,2025-08-08 07:38:53,59,0
session_605,product_page,1,2025-08-08 07:40:05,72,0
session_605,cart,2,2025-08-08 07:41:54,109,3
session_605,checkout,3,2025-08-08 07:42:55,61,3
session_605,confirmation,4,2025-08-08 07:45:11,136,0
session_606,home,0,2025-03-23 03:29:28,155,0
session_607,home,0,2025-07-29 03:34:37,98,0
session_607,product_page,1,2025-07-29 03:34:58,21,5
session_608,home,0,2025-07-09 01:59:56,143,0
session_608,product_page,1,2025-07-09 02:01:58,122,5
session_608,cart,2,2025-07-09 02:03:53,115,5
session_608,checkout,3,2025-07-09 02:06:26,153,5
session_608,confirmation,4,2025-07-09 02:06:52,26,0
session_609,home,0,2025-01-19 02:04:14,156,0
session_609,product_page,1,2025-01-19 02:05:37,83,0
session_609,cart,2,2025-01-19 02:07:53,136,4
session_609,checkout,3,2025-01-19 02:10:34,161,4
session_609,confirmation,4,2025-01-19 02:13:12,158,0
session_610,home,0,2025-01-11 21:16:39,122,0
session_611,home,0,2025-02-07 03:31:03,101,0
session_611,product_page,1,2025-02-07 03:31:50,47,4
session_611,cart,2,2025-02-07 03:33:27,97,4
session_611,checkout,3,2025-02-07 03:34:12,45,4
session_612,home,0,2025-07-11 23:38:38,64,0
session_612,product_page,1,2025-07-11 23:38:58,20,0
session_612,cart,2,2025-07-11 23:40:13,75,4
session_612,checkout,3,2025-07-11 23:41:09,56,4
session_612,confirmation,4,2025-07-11 23:43:51,162,0
session_613,home,0,2025-07-26 13:33:54,171,0
session_613,product_page,1,2025-07-26 13:35:53,119,2
session_614,home,0,2025-04-04 18:42:44,75,0
session_614,product_page,1,2025-04-04 18:45:44,180,0
session_615,home,0,2025-03-13 22:22:07,115,0
session_615,product_page,1,2025-03-13 22:24:55,168,3
session_616,home,0,2025-05-03 07:20:20,122,0
session_617,home,0,2025-01-08 04:52:39,162,0
session_617,product_page,1,2025-01-08 04:53:46,67,0
session_617,cart,2,2025-01-08 04:55:42,116,0
session_617,checkout,3,2025-01-08 04:57:52,130,2
session_617,confirmation,4,2025-01-08 05:00:18,146,0
session_618,home,0,2025-02-10 07:44:23,174,0
session_618,product_page,1,2025-02-10 07:45:06,43,0
session_619,home,0,2025-04-07 13:30:14,119,0
session_619,product_page,1,2025-04-07 13:32:04,110,0
session_619,cart,2,2025-04-07 13:33:39,95,2
session_619,checkout,3,2025-04-07 13:36:38,179,2
session_620,home,0,2025-01-25 15:45:22,175,0
session_620,product_page,1,2025-01-25 15:46:09,47,0
session_621,home,0,2025-08-13 23:05:03,22,0
session_621,product_page,1,2025-08-13 23:06:47,104,0
session_621,cart,2,2025-08-13 23:07:51,64,5
session_621,checkout,3,2025-08-13 23:10:32,161,5
session_621,confirmation,4,2025-08-13 23:12:13,101,0
session_622,home,0,2025-02-12 13:27:47,25,0
session_623,home,0,2025-08-20 07:45:54,121,0
session_624,home,0,2025-05-08 16:30:36,121,0
session_624,product_page,1,2025-05-08 16:31:11,35,1
session_624,cart,2,2025-05-08 16:34:08,177,1
session_625,home,0,2025-01-24 06:06:09,130,0
session_625,product_page,1,2025-01-24 06:07:34,85,3
session_626,home,0,2025-03-22 12:07:56,152,0
session_627,home,0,2025-03-23 14:55:37,70,0
session_627,product_page,1,2025-03-23 14:56:16,39,0
session_627,cart,2,2025-03-23 14:58:04,108,4
session_627,checkout,3,2025-03-23 14:59:04,60,4
session_628,home,0,2025-07-13 21:51:03,162,0
session_628,product_page,1,2025-07-13 21:53:25,142,0
session_629,home,0,2025-03-15 03:29:41,154,0
session_629,product_page,1,2025-03-15 03:30:39,58,0
session_630,home,0,2025-04-16 01:11:39,34,0
session_630,product_page,1,2025-04-16 01:14:15,156,3
session_631,home,0,2025-03-01 07:54:56,58,0
session_631,product_page,1,2025-03-01 07:57:35,159,0
session_632,home,0,2025-02-08 21:17:14,171,0
session_633,home,0,2025-08-22 21:44:57,46,0
session_633,product_page,1,2025-08-22 21:46:09,72,0
session_633,cart,2,2025-08-22 21:47:25,76,2
session_633,checkout,3,2025-08-22 21:48:14,49,2
session_633,confirmation,4,2025-08-22 21:50:19,125,0
session_634,home,0,2025-01-14 18:38:38,22,0
session_635,home,0,2025-07-26 15:56:56,68,0
session_635,product_page,1,2025-07-26 15:57:38,42,1
session_636,home,0,2025-04-16 18:57:15,176,0
session_636,product_page,1,2025-04-16 19:00:02,167,0
session_636,cart,2,2025-04-16 19:02:10,128,0
session_637,home,0,2025-04-04 19:08:42,49,0
session_637,product_page,1,2025-04-04 19:09:54,72,0
session_637,cart,2,2025-04-04 19:11:04,70,4
session_637,checkout,3,2025-04-04 19:11:20,16,4
session_637,confirmation,4,2025-04-04 19:11:59,39,0
session_638,home,0,2025-04-05 22:08:31,66,0
session_638,product_page,1,2025-04-05 22:08:53,22,4
session_639,home,0,2025-08-15 05:45:30,177,0
session_640,home,0,2025-04-14 21:29:30,175,0
session_640,product_page,1,2025-04-14 21:29:50,20,1
session_641,home,0,2025-08-31 13:51:16,104,0
session_641,product_page,1,2025-08-31 13:52:26,70,0
session_642,home,0,2025-05-12 19:31:49,65,0
session_642,product_page,1,2025-05-12 19:34:19,150,3
session_643,home,0,2025-02-11 14:12:03,15,0
session_643,product_page,1,2025-02-11 14:14:19,136,5
session_643,cart,2,2025-02-11 14:16:23,124,5
session_643,checkout,3,2025-02-11 14:18:42,139,5
session_643,confirmation,4,2025-02-11 14:21:40,178,0
session_644,home,0,2025-03-21 03:28:06,115,0
session_644,product_page,1,2025-03-21 03:30:19,133,4
session_644,cart,2,2025-03-21 03:31:28,69,4
session_645,home,0,2025-01-27 11:36:43,67,0
session_645,product_page,1,2025-01-27 11:38:45,122,2
session_646,home,0,2025-06-20 00:44:57,29,0
session_647,home,0,2025-08-03 09:49:56,97,0
session_647,product_page,1,2025-08-03 09:52:51,175,4
session_648,home,0,2025-06-05 07:24:47,111,0
session_648,product_page,1,2025-06-05 07:26:01,74,0
session_648,cart,2,2025-06-05 07:27:08,67,4
session_648,checkout,3,2025-06-05 07:30:08,180,4
session_648,confirmation,4,2025-06-05 07:31:56,108,0
session_649,home,0,2025-04-23 13:30:44,95,0
session_649,product_page,1,2025-04-23 13:32:00,76,0
session_650,home,0,2025-07-27 20:05:52,69,0
session_651,home,0,2025-04-25 02:57:14,104,0
session_652,home,0,2025-05-11 20:10:59,128,0
session_652,product_page,1,2025-05-11 20:11:14,15,2
session_653,home,0,2025-04-14 04:07:43,43,0
session_653,product_page,1,2025-04-14 04:10:10,147,3
session_653,cart,2,2025-04-14 04:10:30,20,3
session_653,checkout,3,2025-04-14 04:11:39,69,3
session_653,confirmation,4,2025-04-14 04:13:00,81,0
session_654,home,0,2025-08-10 02:09:41,153,0
session_654,product_page,1,2025-08-10 02:10:36,55,0
session_655,home,0,2025-01-23 20:26:33,123,0
session_655,product_page,1,2025-01-23 20:29:23,170,5
session_656,home,0,2025-06-08 23:43:54,30,0
session_657,home,0,2025-05-06 16:16:07,21,0
session_658,home,0,2025-02-25 09:58:01,34,0
session_658,product_page,1,2025-02-25 09:59:37,96,0
session_659,home,0,2025-03-29 03:03:53,88,0
session_659,product_page,1,2025-03-29 03:06:14,141,1
session_659,cart,2,2025-03-29 03:09:06,172,1
session_660,home,0,2025-03-07 17:21:58,152,0
session_660,product_page,1,2025-03-07 17:24:46,168,0
session_660,cart,2,2025-03-07 17:27:29,163,1
session_660,checkout,3,2025-03-07 17:30:00,151,1
session_660,confirmation,4,2025-03-07 17:31:53,113,0
session_661,home,0,2025-06-24 05:51:21,171,0
session_662,home,0,2025-01-13 14:38:34,148,0
session_662,product_page,1,2025-01-13 14:40:21,107,5
session_662,cart,2,2025-01-13 14:43:06,165,5
session_662,checkout,3,2025-01-13 14:45:20,134,5
session_662,confirmation,4,2025-01-13 14:47:48,148,0
session_663,home,0,2025-05-09 15:26:26,23,0
session_663,product_page,1,2025-05-09 15:27:55,89,5
session_663,cart,2,2025-05-09 15:29:40,105,5
session_664,home,0,2025-04-24 15:10:45,101,0
session_664,product_page,1,2025-04-24 15:13:14,149,0
session_665,home,0,2025-02-03 10:35:04,107,0
session_666,home,0,2025-08-16 03:40:23,26,0
session_667,home,0,2025-02-16 02:24:28,27,0
session_667,product_page,1,2025-02-16 02:25:34,66,5
session_667,cart,2,2025-02-16 02:26:58,84,5
session_668,home,0,2025-07-29 01:09:40,81,0
session_668,product_page,1,2025-07-29 01:12:21,161,0
session_669,home,0,2025-08-31 23:03:05,109,0
session_669,product_page,1,2025-08-31 23:06:05,180,4
session_669,cart,2,2025-08-31 23:06:58,53,4
session_670,home,0,2025-08-28 02:05:24,152,0
session_670,product_page,1,2025-08-28 02:07:21,117,0
session_670,cart,2,2025-08-28 02:08:21,60,0
session_670,checkout,3,2025-08-28 02:11:12,171,2
session_670,confirmation,4,2025-08-28 02:12:44,92,0
session_671,home,0,2025-05-25 23:47:21,16,0
session_672,home,0,2025-02-04 23:16:36,39,0
session_672,product_page,1,2025-02-04 23:18:20,104,0
session_673,home,0,2025-03-21 12:18:22,166,0
session_673,product_page,1,2025-03-21 12:18:40,18,0
session_674,home,0,2025-03-30 19:04:38,131,0
session_674,product_page,1,2025-03-30 19:05:13,35,0
session_674,cart,2,2025-03-30 19:06:32,79,1
session_674,checkout,3,2025-03-30 19:06:50,18,1
session_674,confirmation,4,2025-03-30 19:08:07,77,0
session_675,home,0,2025-07-09 22:56:34,139,0
session_676,home,0,2025-08-03 09:59:47,57,0
session_676,product_page,1,2025-08-03 10:00:19,32,4
session_676,cart,2,2025-08-03 10:01:23,64,4
session_676,checkout,3,2025-08-03 10:03:58,155,4
session_676,confirmation,4,2025-08-03 10:05:44,106,0
session_677,home,0,2025-01-19 19:01:09,130,0
session_677,product_page,1,2025-01-19 19:04:06,177,2
session_678,home,0,2025-01-18 23:01:29,27,0
session_679,home,0,2025-06-07 17:29:50,114,0
session_679,product_page,1,2025-06-07 17:31:07,77,3
session_679,cart,2,2025-06-07 17:32:30,83,3
session_679,checkout,3,2025-06-07 17:33:40,70,3
session_679,confirmation,4,2025-06-07 17:36:05,145,0
session_680,home,0,2025-01-24 08:32:46,93,0
session_680,product_page,1,2025-01-24 08:34:41,115,0
session_681,home,0,2025-03-21 23:36:24,153,0
session_681,product_page,1,2025-03-21 23:37:06,42,0
session_681,cart,2,2025-03-21 23:38:49,103,4
session_681,checkout,3,2025-03-21 23:39:04,15,4
session_681,confirmation,4,2025-03-21 23:41:31,147,0
session_682,home,0,2025-05-19 13:25:00,147,0
session_683,home,0,2025-01-09 00:30:22,153,0
session_684,home,0,2025-08-04 04:37:56,88,0
session_684,product_page,1,2025-08-04 04:40:37,161,1
session_685,home,0,2025-08-19 22:01:50,120,0
session_685,product_page,1,2025-08-19 22:03:53,123,4
session_686,home,0,2025-07-25 15:53:30,123,0
session_686,product_page,1,2025-07-25 15:54:02,32,5
session_686,cart,2,2025-07-25 15:56:40,158,5
session_686,checkout,3,2025-07-25 15:57:41,61,5
session_686,confirmation,4,2025-07-25 16:00:19,158,0
session_687,home,0,2025-03-25 15:25:32,31,0
session_687,product_page,1,2025-03-25 15:27:11,99,1
session_688,home,0,2025-07-26 13:58:09,42,0
session_688,product_page,1,2025-07-26 14:01:05,176,0
session_688,cart,2,2025-07-26 14:03:32,147,5
session_688,checkout,3,2025-07-26 14:06:22,170,5
session_688,confirmation,4,2025-07-26 14:06:47,25,0
session_689,home,0,2025-06-04 16:44:10,61,0
session_689,product_page,1,2025-06-04 16:46:57,167,2
session_689,cart,2,2025-06-04 16:48:34,97,2
session_689,checkout,3,2025-06-04 16:49:07,33,2
session_689,confirmation,4,2025-06-04 16:50:04,57,0
session_690,home,0,2025-05-16 11:30:44,171,0
session_690,product_page,1,2025-05-16 11:32:57,133,4
session_691,home,0,2025-03-14 02:06:27,128,0
session_692,home,0,2025-05-26 20:41:13,66,0
session_692,product_page,1,2025-05-26 20:41:59,46,2
session_692,cart,2,2025-05-26 20:44:46,167,2
session_693,home,0,2025-08-01 18:09:56,155,0
session_693,product_page,1,2025-08-01 18:11:35,99,3
session_694,home,0,2025-03-14 16:13:04,159,0
session_695,home,0,2025-03-30 16:48:30,67,0
session_695,product_page,1,2025-03-30 16:49:28,58,0
session_695,cart,2,2025-03-30 16:50:41,73,0
session_695,checkout,3,2025-03-30 16:51:45,64,1
session_695,confirmation,4,2025-03-30 16:54:08,143,0
session_696,home,0,2025-01-20 17:13:33,163,0
session_696,product_page,1,2025-01-20 17:15:08,95,0
session_697,home,0,2025-03-10 18:07:00,154,0
session_697,product_page,1,2025-03-10 18:08:50,110,5
session_698,home,0,2025-07-30 15:12:27,104,0
session_698,product_page,1,2025-07-30 15:14:29,122,0
session_699,home,0,2025-04-20 22:41:08,29,0
session_699,product_page,1,2025-04-20 22:42:29,81,0
session_700,home,0,2025-04-09 14:16:04,76,0
session_700,product_page,1,2025-04-09 14:17:09,65,0
session_701,home,0,2025-05-19 00:04:31,70,0
session_701,product_page,1,2025-05-19 00:05:39,68,0
session_702,home,0,2025-06-25 19:53:46,73,0
session_702,product_page,1,2025-06-25 19:54:36,50,2
session_703,home,0,2025-05-21 17:00:58,69,0
session_703,product_page,1,2025-05-21 17:03:30,152,0
session_703,cart,2,2025-05-21 17:06:03,153,4
session_703,checkout,3,2025-05-21 17:06:58,55,4
session_703,confirmation,4,2025-05-21 17:09:22,144,0
session_704,home,0,2025-01-04 16:20:52,84,0
session_704,product_page,1,2025-01-04 16:21:11,19,5
session_705,home,0,2025-07-07 10:54:24,148,0
session_706,home,0,2025-02-15 22:13:09,125,0
session_706,product_page,1,2025-02-15 22:13:28,19,4
session_706,cart,2,2025-02-15 22:14:52,84,4
session_706,checkout,3,2025-02-15 22:15:33,41,4
session_706,confirmation,4,2025-02-15 22:18:31,178,0
session_707,home,0,2025-04-05 15:28:30,114,0
session_707,product_page,1,2025-04-05 15:30:59,149,5
session_708,home,0,2025-07-04 08:37:29,61,0
session_709,home,0,2025-07-07 10:53:09,124,0
session_709,product_page,1,2025-07-07 10:54:20,71,5
session_710,home,0,2025-04-04 05:15:16,49,0
session_710,product_page,1,2025-04-04 05:17:19,123,0
session_711,home,0,2025-04-18 23:38:21,148,0
session_712,home,0,2025-07-28 08:58:02,28,0
session_712,product_page,1,2025-07-28 08:58:47,45,5
session_713,home,0,2025-05-21 19:00:13,40,0
session_714,home,0,2025-06-22 00:23:59,112,0
session_714,product_page,1,2025-06-22 00:25:26,87,0
session_715,home,0,2025-02-06 01:44:38,147,0
session_715,product_page,1,2025-02-06 01:45:37,59,5
session_715,cart,2,2025-02-06 01:48:31,174,5
session_715,checkout,3,2025-02-06 01:50:20,109,5
session_715,confirmation,4,2025-02-06 01:51:09,49,0
session_716,home,0,2025-06-15 20:09:35,69,0
session_716,product_page,1,2025-06-15 20:10:46,71,5
session_717,home,0,2025-01-30 03:30:03,164,0
session_718,home,0,2025-01-09 17:56:52,163,0
session_719,home,0,2025-06-28 04:20:28,158,0
session_719,product_page,1,2025-06-28 04:23:01,153,4
session_720,home,0,2025-02-17 14:28:45,35,0
session_720,product_page,1,2025-02-17 14:31:05,140,0
session_721,home,0,2025-04-21 02:03:38,170,0
session_721,product_page,1,2025-04-21 02:04:36,58,0
session_722,home,0,2025-02-17 07:19:18,33,0
session_723,home,0,2025-02-17 14:02:20,101,0
session_723,product_page,1,2025-02-17 14:03:45,85,0
session_724,home,0,2025-01-20 11:45:49,102,0
session_724,product_page,1,2025-01-20 11:46:19,30,2
session_724,cart,2,2025-01-20 11:48:55,156,2
session_724,checkout,3,2025-01-20 11:51:32,157,2
session_725,home,0,2025-04-22 09:58:53,20,0
session_725,product_page,1,2025-04-22 10:00:02,69,0
session_725,cart,2,2025-04-22 10:01:21,79,5
session_725,checkout,3,2025-04-22 10:02:52,91,5
session_725,confirmation,4,2025-04-22 10:03:42,50,0
session_726,home,0,2025-05-25 12:44:36,30,0
session_726,product_page,1,2025-05-25 12:47:26,170,2
session_727,home,0,2025-08-22 08:42:47,84,0
session_728,home,0,2025-08-25 06:53:39,23,0
session_728,product_page,1,2025-08-25 06:54:40,61,0
session_729,home,0,2025-07-30 16:39:15,100,0
session_729,product_page,1,2025-07-30 16:42:06,171,0
session_730,home,0,2025-02-15 10:57:44,162,0
session_731,home,0,2025-08-16 19:13:32,58,0
session_731,product_page,1,2025-08-16 19:14:59,87,0
session_732,home,0,2025-04-13 14:41:31,61,0
session_732,product_page,1,2025-04-13 14:43:01,90,1
session_732,cart,2,2025-04-13 14:45:38,157,1
session_733,home,0,2025-04-17 14:20:07,142,0
session_734,home,0,2025-06-02 07:58:29,39,0
session_734,product_page,1,2025-06-02 08:00:27,118,5
session_734,cart,2,2025-06-02 08:01:55,88,5
session_735,home,0,2025-06-19 21:22:52,160,0
session_736,home,0,2025-08-20 16:02:24,91,0
session_736,product_page,1,2025-08-20 16:03:17,53,2
session_737,home,0,2025-06-03 13:56:04,59,0
session_738,home,0,2025-08-14 09:55:03,15,0
session_738,product_page,1,2025-08-14 09:55:49,46,0
session_739,home,0,2025-02-11 08:11:11,120,0
session_739,product_page,1,2025-02-11 08:14:01,170,4
session_740,home,0,2025-06-01 20:06:48,74,0
session_740,product_page,1,2025-06-01 20:07:11,23,0
session_741,home,0,2025-07-29 19:22:53,36,0
session_742,home,0,2025-06-01 09:24:51,80,0
session_742,product_page,1,2025-06-01 09:26:37,106,2
session_743,home,0,2025-03-12 07:49:25,174,0
session_743,product_page,1,2025-03-12 07:52:01,156,2
session_743,cart,2,2025-03-12 07:54:53,172,2
session_744,home,0,2025-02-18 23:48:32,67,0
session_744,product_page,1,2025-02-18 23:49:55,83,1
session_745,home,0,2025-07-31 17:27:14,117,0
session_745,product_page,1,2025-07-31 17:28:50,96,0
session_746,home,0,2025-06-10 06:55:38,118,0
session_746,product_page,1,2025-06-10 06:56:36,58,0
session_747,home,0,2025-07-24 16:48:09,18,0
session_748,home,0,2025-02-17 13:03:51,145,0
session_748,product_page,1,2025-02-17 13:06:29,158,3
session_748,cart,2,2025-02-17 13:08:32,123,3
session_749,home,0,2025-05-16 23:48:41,62,0
session_750,home,0,2025-04-25 02:13:55,140,0
session_750,product_page,1,2025-04-25 02:15:57,122,3
session_751,home,0,2025-03-12 16:36:17,92,0
session_751,product_page,1,2025-03-12 16:37:38,81,0
session_752,home,0,2025-03-19 22:57:26,161,0
session_752,product_page,1,2025-03-19 22:59:55,149,3
session_753,home,0,2025-03-16 08:50:42,67,0
session_753,product_page,1,2025-03-16 08:52:38,116,4
session_754,home,0,2025-03-18 12:15:11,82,0
session_754,product_page,1,2025-03-18 12:17:28,137,0
session_754,cart,2,2025-03-18 12:18:55,87,2
session_754,checkout,3,2025-03-18 12:21:15,140,2
session_755,home,0,2025-03-11 21:18:55,149,0
session_755,product_page,1,2025-03-11 21:20:55,120,0
session_756,home,0,2025-05-05 06:25:29,133,0
session_756,product_page,1,2025-05-05 06:28:08,159,3
session_757,home,0,2025-07-02 04:16:41,54,0
session_757,product_page,1,2025-07-02 04:18:53,132,3
session_758,home,0,2025-08-24 13:15:47,72,0
session_759,home,0,2025-05-30 02:29:25,83,0
session_759,product_page,1,2025-05-30 02:30:46,81,2
session_759,cart,2,2025-05-30 02:31:53,67,2
session_760,home,0,2025-06-15 14:26:38,116,0
session_761,home,0,2025-02-10 23:39:33,144,0
session_761,product_page,1,2025-02-10 23:42:14,161,5
session_762,home,0,2025-03-08 16:05:42,60,0
session_762,product_page,1,2025-03-08 16:06:02,20,4
session_762,cart,2,2025-03-08 16:08:51,169,4
session_762,checkout,3,2025-03-08 16:10:51,120,4
session_762,confirmation,4,2025-03-08 16:11:48,57,0
session_763,home,0,2025-04-15 19:03:37,164,0
session_763,product_page,1,2025-04-15 19:05:33,116,4
session_764,home,0,2025-01-14 04:29:43,157,0
session_764,product_page,1,2025-01-14 04:31:55,132,0
session_765,home,0,2025-05-07 20:20:37,157,0
session_765,product_page,1,2025-05-07 20:23:33,176,2
session_766,home,0,2025-05-19 19:46:43,112,0
session_766,product_page,1,2025-05-19 19:47:47,64,0
session_766,cart,2,2025-05-19 19:50:37,170,0
session_766,checkout,3,2025-05-19 19:53:14,157,3
session_766,confirmation,4,2025-05-19 19:55:19,125,0
session_767,home,0,2025-04-10 08:25:34,16,0
session_768,home,0,2025-04-29 00:20:28,64,0
session_768,product_page,1,2025-04-29 00:21:00,32,4
session_768,cart,2,2025-04-29 00:23:58,178,4
session_768,checkout,3,2025-04-29 00:24:51,53,4
session_768,confirmation,4,2025-04-29 00:27:06,135,0
session_769,home,0,2025-05-08 16:46:36,54,0
session_769,product_page,1,2025-05-08 16:46:51,15,2
session_770,home,0,2025-04-02 17:55:46,126,0
session_770,product_page,1,2025-04-02 17:58:14,148,0
session_770,cart,2,2025-04-02 17:59:20,66,3
session_771,home,0,2025-06-15 20:58:22,21,0
session_771,product_page,1,2025-06-15 21:01:05,163,0
session_771,cart,2,2025-06-15 21:03:55,170,0
session_771,checkout,3,2025-06-15 21:06:11,136,1
session_771,confirmation,4,2025-06-15 21:06:52,41,0
session_772,home,0,2025-05-15 23:07:34,84,0
session_772,product_page,1,2025-05-15 23:08:37,63,3
session_772,cart,2,2025-05-15 23:09:04,27,3
session_772,checkout,3,2025-05-15 23:10:58,114,3
session_772,confirmation,4,2025-05-15 23:11:30,32,0
session_773,home,0,2025-06-28 20:17:47,119,0
session_774,home,0,2025-01-05 23:30:25,105,0
session_774,product_page,1,2025-01-05 23:33:25,180,4
session_775,home,0,2025-01-16 01:59:15,81,0
session_775,product_page,1,2025-01-16 02:01:04,109,5
session_776,home,0,2025-02-26 07:44:14,27,0
session_776,product_page,1,2025-02-26 07:46:06,112,0
session_776,cart,2,2025-02-26 07:47:57,111,3
session_777,home,0,2025-01-18 19:15:31,147,0
session_777,product_page,1,2025-01-18 19:16:45,74,2
session_778,home,0,2025-08-18 07:51:12,70,0
session_778,product_page,1,2025-08-18 07:54:08,176,5
session_779,home,0,2025-07-04 01:35:27,164,0
session_779,product_page,1,2025-07-04 01:37:20,113,4
session_780,home,0,2025-05-04 05:39:58,116,0
session_780,product_page,1,2025-05-04 05:40:33,35,1
session_780,cart,2,2025-05-04 05:42:54,141,1
session_780,checkout,3,2025-05-04 05:43:27,33,1
session_781,home,0,2025-02-25 07:08:31,54,0
session_781,product_page,1,2025-02-25 07:10:22,111,0
session_782,home,0,2025-05-12 16:52:53,124,0
session_783,home,0,2025-08-20 09:36:38,130,0
session_783,product_page,1,2025-08-20 09:37:50,72,3
session_784,home,0,2025-06-28 17:30:45,117,0
session_784,product_page,1,2025-06-28 17:32:18,93,0
session_784,cart,2,2025-06-28 17:32:42,24,0
session_784,checkout,3,2025-06-28 17:34:05,83,3
session_784,confirmation,4,2025-06-28 17:36:59,174,0
session_785,home,0,2025-02-19 14:51:22,151,0
session_786,home,0,2025-07-27 21:17:43,163,0
session_786,product_page,1,2025-07-27 21:18:26,43,1
session_787,home,0,2025-01-22 21:09:25,83,0
session_787,product_page,1,2025-01-22 21:11:26,121,0
session_787,cart,2,2025-01-22 21:14:09,163,3
session_788,home,0,2025-08-31 08:18:33,40,0
session_788,product_page,1,2025-08-31 08:19:36,63,0
session_788,cart,2,2025-08-31 08:20:40,64,0
session_788,checkout,3,2025-08-31 08:23:34,174,1
session_788,confirmation,4,2025-08-31 08:24:02,28,0
session_789,home,0,2025-05-03 15:51:21,147,0
session_790,home,0,2025-02-10 02:46:37,118,0
session_790,product_page,1,2025-02-10 02:47:21,44,2
session_791,home,0,2025-02-16 06:22:37,149,0
session_792,home,0,2025-04-07 21:14:19,32,0
session_792,product_page,1,2025-04-07 21:17:04,165,4
session_793,home,0,2025-05-06 12:54:11,158,0
session_793,product_page,1,2025-05-06 12:55:38,87,1
session_794,home,0,2025-01-09 06:26:10,34,0
session_795,home,0,2025-03-07 14:25:33,34,0
session_795,product_page,1,2025-03-07 14:26:59,86,4
session_796,home,0,2025-06-29 09:23:13,15,0
session_797,home,0,2025-05-26 12:21:15,157,0
session_797,product_page,1,2025-05-26 12:24:09,174,1
session_797,cart,2,2025-05-26 12:24:42,33,1
session_797,checkout,3,2025-05-26 12:26:43,121,1
session_797,confirmation,4,2025-05-26 12:27:32,49,0
session_798,home,0,2025-04-07 00:05:49,133,0
session_799,home,0,2025-07-02 08:22:34,137,0
session_799,product_page,1,2025-07-02 08:23:31,57,4
session_800,home,0,2025-03-19 05:18:20,77,0
session_800,product_page,1,2025-03-19 05:20:23,123,3
session_800,cart,2,2025-03-19 05:22:22,119,3
session_800,checkout,3,2025-03-19 05:23:33,71,3
session_801,home,0,2025-01-05 19:56:04,114,0
session_802,home,0,2025-04-16 16:07:09,37,0
session_802,product_page,1,2025-04-16 16:09:17,128,4
session_802,cart,2,2025-04-16 16:10:42,85,4
session_802,checkout,3,2025-04-16 16:13:10,148,4
session_802,confirmation,4,2025-04-16 16:15:55,165,0
session_803,home,0,2025-07-06 05:53:06,131,0
session_803,product_page,1,2025-07-06 05:55:21,135,0
session_804,home,0,2025-06-29 05:50:36,134,0
session_804,product_page,1,2025-06-29 05:52:24,108,2
session_805,home,0,2025-03-10 21:37:35,111,0
session_805,product_page,1,2025-03-10 21:38:46,71,0
session_805,cart,2,2025-03-10 21:41:23,157,0
session_805,checkout,3,2025-03-10 21:44:01,158,2
session_805,confirmation,4,2025-03-10 21:46:22,141,0
session_806,home,0,2025-07-01 12:55:28,82,0
session_806,product_page,1,2025-07-01 12:57:48,140,5
session_806,cart,2,2025-07-01 13:00:29,161,5
session_806,checkout,3,2025-07-01 13:02:34,125,5
session_806,confirmation,4,2025-07-01 13:03:26,52,0
session_807,home,0,2025-08-26 01:31:03,47,0
session_808,home,0,2025-01-19 03:13:25,160,0
session_808,product_page,1,2025-01-19 03:15:44,139,0
session_809,home,0,2025-05-15 00:12:14,65,0
session_809,product_page,1,2025-05-15 00:14:13,119,3
session_810,home,0,2025-03-08 10:13:21,144,0
session_810,product_page,1,2025-03-08 10:16:19,178,4
session_810,cart,2,2025-03-08 10:17:44,85,4
session_811,home,0,2025-01-07 01:38:35,45,0
session_812,home,0,2025-03-06 11:20:45,73,0
session_813,home,0,2025-05-23 20:02:41,90,0
session_813,product_page,1,2025-05-23 20:05:15,154,0
session_814,home,0,2025-06-26 04:57:31,116,0
session_814,product_page,1,2025-06-26 04:58:41,70,0
session_815,home,0,2025-01-09 06:57:41,111,0
session_815,product_page,1,2025-01-09 06:59:21,100,0
session_816,home,0,2025-01-01 00:09:11,134,0
session_816,product_page,1,2025-01-01 00:10:02,51,0
session_817,home,0,2025-08-12 12:15:47,39,0
session_817,product_page,1,2025-08-12 12:16:15,28,0
session_818,home,0,2025-05-13 21:18:06,177,0
session_819,home,0,2025-08-13 03:17:54,65,0
session_819,product_page,1,2025-08-13 03:20:27,153,0
session_820,home,0,2025-05-25 13:58:02,110,0
session_820,product_page,1,2025-05-25 14:00:26,144,0
session_821,home,0,2025-08-26 12:17:39,134,0
session_821,product_page,1,2025-08-26 12:20:34,175,0
session_821,cart,2,2025-08-26 12:21:13,39,3
session_822,home,0,2025-02-10 18:41:01,170,0
session_822,product_page,1,2025-02-10 18:43:30,149,0
session_823,home,0,2025-07-18 02:13:41,170,0
session_823,product_page,1,2025-07-18 02:14:23,42,3
session_823,cart,2,2025-07-18 02:16:34,131,3
session_824,home,0,2025-05-11 21:32:45,40,0
session_824,product_page,1,2025-05-11 21:35:00,135,0
session_825,home,0,2025-01-17 08:53:37,180,0
session_825,product_page,1,2025-01-17 08:54:37,60,2
session_825,cart,2,2025-01-17 08:56:47,130,2
session_825,checkout,3,2025-01-17 08:57:05,18,2
session_825,confirmation,4,2025-01-17 08:59:45,160,0
session_826,home,0,2025-03-29 21:54:03,69,0
session_826,product_page,1,2025-03-29 21:54:28,25,0
session_826,cart,2,2025-03-29 21:55:04,36,1
session_827,home,0,2025-08-31 07:05:35,143,0
session_827,product_page,1,2025-08-31 07:07:54,139,2
session_828,home,0,2025-06-18 22:28:07,117,0
session_828,product_page,1,2025-06-18 22:29:56,109,4
session_828,cart,2,2025-06-18 22:30:58,62,4
session_828,checkout,3,2025-06-18 22:33:54,176,4
session_828,confirmation,4,2025-06-18 22:35:27,93,0
session_829,home,0,2025-02-28 02:23:48,81,0
session_829,product_page,1,2025-02-28 02:26:17,149,4
session_830,home,0,2025-02-12 11:30:25,46,0
session_830,product_page,1,2025-02-12 11:31:23,58,4
session_830,cart,2,2025-02-12 11:32:21,58,4
session_830,checkout,3,2025-02-12 11:34:25,124,4
session_830,confirmation,4,2025-02-12 11:36:08,103,0
session_831,home,0,2025-03-03 09:42:51,28,0
session_831,product_page,1,2025-03-03 09:45:30,159,4
session_832,home,0,2025-05-18 07:12:10,45,0
session_833,home,0,2025-04-09 00:02:32,69,0
session_834,home,0,2025-04-08 09:21:21,71,0
session_834,product_page,1,2025-04-08 09:22:38,77,1
session_834,cart,2,2025-04-08 09:22:56,18,1
session_835,home,0,2025-06-18 15:40:40,129,0
session_835,product_page,1,2025-06-18 15:43:02,142,0
session_836,home,0,2025-07-26 02:31:53,174,0
session_837,home,0,2025-04-09 21:27:00,46,0
session_837,product_page,1,2025-04-09 21:27:57,57,4
session_838,home,0,2025-01-10 13:50:41,81,0
session_838,product_page,1,2025-01-10 13:52:44,123,0
session_838,cart,2,2025-01-10 13:53:24,40,5
session_838,checkout,3,2025-01-10 13:53:50,26,5
session_838,confirmation,4,2025-01-10 13:54:14,24,0
session_839,home,0,2025-07-22 16:00:01,131,0
session_839,product_page,1,2025-07-22 16:02:09,128,1
session_839,cart,2,2025-07-22 16:04:54,165,1
session_839,checkout,3,2025-07-22 16:06:52,118,1
session_839,confirmation,4,2025-07-22 16:08:25,93,0
session_840,home,0,2025-01-02 11:03:20,101,0
session_840,product_page,1,2025-01-02 11:03:41,21,0
session_841,home,0,2025-08-22 09:46:33,102,0
session_842,home,0,2025-01-21 06:44:33,60,0
session_843,home,0,2025-01-19 11:18:30,136,0
session_844,home,0,2025-08-08 06:09:15,102,0
session_844,product_page,1,2025-08-08 06:11:18,123,0
session_845,home,0,2025-07-13 09:11:01,123,0
session_845,product_page,1,2025-07-13 09:12:18,77,5
session_846,home,0,2025-08-14 23:44:11,176,0
session_846,product_page,1,2025-08-14 23:44:57,46,1
session_847,home,0,2025-08-22 22:28:54,79,0
session_847,product_page,1,2025-08-22 22:30:35,101,4
session_847,cart,2,2025-08-22 22:31:54,79,4
session_848,home,0,2025-06-06 23:16:28,56,0
session_849,home,0,2025-06-04 16:03:51,21,0
session_849,product_page,1,2025-06-04 16:04:59,68,1
session_849,cart,2,2025-06-04 16:06:38,99,1
session_850,home,0,2025-03-17 14:53:11,76,0
session_850,product_page,1,2025-03-17 14:54:58,107,3
session_850,cart,2,2025-03-17 14:56:29,91,3
session_851,home,0,2025-01-17 03:36:19,100,0
session_851,product_page,1,2025-01-17 03:36:40,21,3
session_852,home,0,2025-02-26 08:01:42,42,0
session_852,product_page,1,2025-02-26 08:02:22,40,0
session_853,home,0,2025-03-01 08:13:59,179,0
session_853,product_page,1,2025-03-01 08:14:54,55,0
session_854,home,0,2025-02-10 19:00:38,153,0
session_854,product_page,1,2025-02-10 19:00:54,16,0
session_854,cart,2,2025-02-10 19:01:55,61,2
session_855,home,0,2025-05-10 19:14:34,112,0
session_856,home,0,2025-03-04 08:57:30,133,0
session_856,product_page,1,2025-03-04 08:58:17,47,0
session_856,cart,2,2025-03-04 08:59:59,102,0
session_856,checkout,3,2025-03-04 09:01:39,100,2
session_857,home,0,2025-06-08 05:06:45,128,0
session_858,home,0,2025-04-24 16:43:47,42,0
session_858,product_page,1,2025-04-24 16:44:11,24,0
session_859,home,0,2025-01-13 04:30:21,168,0
session_859,product_page,1,2025-01-13 04:33:20,179,0
session_860,home,0,2025-05-28 13:37:12,102,0
session_861,home,0,2025-07-16 23:29:04,139,0
session_861,product_page,1,2025-07-16 23:30:21,77,4
session_862,home,0,2025-08-15 19:44:07,39,0
session_863,home,0,2025-01-18 20:50:10,63,0
session_863,product_page,1,2025-01-18 20:52:32,142,4
session_864,home,0,2025-08-16 21:59:50,176,0
session_864,product_page,1,2025-08-16 22:00:48,58,0
session_865,home,0,2025-01-23 22:52:37,118,0
session_865,product_page,1,2025-01-23 22:54:46,129,2
session_866,home,0,2025-04-20 04:59:56,43,0
session_866,product_page,1,2025-04-20 05:01:38,102,1
session_866,cart,2,2025-04-20 05:04:05,147,1
session_867,home,0,2025-03-12 01:06:21,87,0
session_867,product_page,1,2025-03-12 01:07:17,56,0
session_867,cart,2,2025-03-12 01:10:08,171,5
session_867,checkout,3,2025-03-12 01:10:46,38,5
session_867,confirmation,4,2025-03-12 01:12:15,89,0
session_868,home,0,2025-05-15 07:56:21,64,0
session_868,product_page,1,2025-05-15 07:57:03,42,5
session_869,home,0,2025-04-05 09:02:55,104,0
session_869,product_page,1,2025-04-05 09:03:43,48,2
session_869,cart,2,2025-04-05 09:05:07,84,2
session_869,checkout,3,2025-04-05 09:05:30,23,2
session_870,home,0,2025-05-14 20:46:04,20,0
session_870,product_page,1,2025-05-14 20:48:39,155,1
session_871,home,0,2025-03-11 13:55:28,171,0
session_872,home,0,2025-03-04 05:56:32,47,0
session_872,product_page,1,2025-03-04 05:58:28,116,1
session_872,cart,2,2025-03-04 05:59:53,85,1
session_872,checkout,3,2025-03-04 06:00:55,62,1
session_872,confirmation,4,2025-03-04 06:02:38,103,0
session_873,home,0,2025-01-04 11:23:56,102,0
session_874,home,0,2025-01-06 03:35:24,156,0
session_874,product_page,1,2025-01-06 03:37:03,99,5
session_875,home,0,2025-01-10 09:40:33,160,0
session_875,product_page,1,2025-01-10 09:41:39,66,0
session_875,cart,2,2025-01-10 09:42:02,23,0
session_876,home,0,2025-02-28 05:44:38,18,0
session_877,home,0,2025-02-17 17:34:22,87,0
session_877,product_page,1,2025-02-17 17:37:04,162,0
session_877,cart,2,2025-02-17 17:39:45,161,0
session_877,checkout,3,2025-02-17 17:41:27,102,3
session_877,confirmation,4,2025-02-17 17:41:42,15,0
session_878,home,0,2025-07-01 06:16:03,60,0
session_878,product_page,1,2025-07-01 06:16:42,39,5
session_879,home,0,2025-08-29 18:39:12,88,0
session_880,home,0,2025-05-04 04:19:08,65,0
session_880,product_page,1,2025-05-04 04:19:45,37,3
session_881,home,0,2025-07-28 10:01:10,102,0
session_881,product_page,1,2025-07-28 10:04:10,180,2
session_881,cart,2,2025-07-28 10:06:26,136,2
session_881,checkout,3,2025-07-28 10:08:46,140,2
session_881,confirmation,4,2025-07-28 10:10:40,114,0
session_882,home,0,2025-08-13 11:55:53,145,0
session_882,product_page,1,2025-08-13 11:58:31,158,0
session_883,home,0,2025-03-19 11:22:34,98,0
session_883,product_page,1,2025-03-19 11:24:26,112,2
session_884,home,0,2025-05-15 21:46:17,66,0
session_884,product_page,1,2025-05-15 21:49:05,168,3
session_885,home,0,2025-08-14 05:21:10,177,0
session_885,product_page,1,2025-08-14 05:23:00,110,3
session_886,home,0,2025-06-15 18:16:25,33,0
session_886,product_page,1,2025-06-15 18:17:45,80,3
session_886,cart,2,2025-06-15 18:20:29,164,3
session_886,checkout,3,2025-06-15 18:22:07,98,3
session_886,confirmation,4,2025-06-15 18:22:40,33,0
session_887,home,0,2025-01-17 12:22:33,146,0
session_887,product_page,1,2025-01-17 12:23:59,86,1
session_887,cart,2,2025-01-17 12:26:32,153,1
session_887,checkout,3,2025-01-17 12:27:02,30,1
session_888,home,0,2025-04-28 03:48:18,127,0
session_888,product_page,1,2025-04-28 03:51:10,172,1
session_889,home,0,2025-06-06 17:16:27,74,0
session_889,product_page,1,2025-06-06 17:17:52,85,2
session_890,home,0,2025-06-18 14:16:13,74,0
session_890,product_page,1,2025-06-18 14:17:50,97,5
session_891,home,0,2025-07-03 03:32:36,105,0
session_891,product_page,1,2025-07-03 03:34:05,89,5
session_892,home,0,2025-02-10 21:18:00,144,0
session_892,product_page,1,2025-02-10 21:19:30,90,0
session_893,home,0,2025-03-16 08:58:57,117,0
session_893,product_page,1,2025-03-16 09:00:16,79,0
session_893,cart,2,2025-03-16 09:01:34,78,3
session_893,checkout,3,2025-03-16 09:03:31,117,3
session_894,home,0,2025-05-03 13:26:54,42,0
session_894,product_page,1,2025-05-03 13:27:29,35,0
session_894,cart,2,2025-05-03 13:29:46,137,4
session_895,home,0,2025-06-24 10:24:10,106,0
session_896,home,0,2025-03-27 17:07:01,98,0
session_896,product_page,1,2025-03-27 17:08:52,111,3
session_897,home,0,2025-08-27 04:04:06,121,0
session_897,product_page,1,2025-08-27 04:05:20,74,1
session_898,home,0,2025-08-04 18:46:34,179,0
session_898,product_page,1,2025-08-04 18:48:54,140,3
session_899,home,0,2025-05-30 21:36:20,153,0
session_899,product_page,1,2025-05-30 21:37:04,44,5
session_899,cart,2,2025-05-30 21:38:16,72,5
session_900,home,0,2025-04-28 19:12:13,136,0
session_901,home,0,2025-01-14 13:20:54,178,0
session_901,product_page,1,2025-01-14 13:22:18,84,2
session_902,home,0,2025-04-15 15:29:03,92,0
session_902,product_page,1,2025-04-15 15:30:06,63,3
session_903,home,0,2025-08-04 06:17:44,85,0
session_903,product_page,1,2025-08-04 06:20:09,145,4
session_903,cart,2,2025-08-04 06:22:21,132,4
session_903,checkout,3,2025-08-04 06:24:32,131,4
session_903,confirmation,4,2025-08-04 06:26:13,101,0
session_904,home,0,2025-08-09 09:09:23,108,0
session_904,product_page,1,2025-08-09 09:10:34,71,4
session_905,home,0,2025-03-17 14:44:36,72,0
session_905,product_page,1,2025-03-17 14:46:35,119,2
session_905,cart,2,2025-03-17 14:48:35,120,2
session_906,home,0,2025-01-28 14:10:39,80,0
session_906,product_page,1,2025-01-28 14:12:57,138,5
session_907,home,0,2025-07-16 00:35:25,66,0
session_907,product_page,1,2025-07-16 00:38:23,178,3
session_908,home,0,2025-03-06 00:27:16,176,0
session_908,product_page,1,2025-03-06 00:28:04,48,5
session_909,home,0,2025-04-22 16:41:23,38,0
session_909,product_page,1,2025-04-22 16:43:28,125,2
session_910,home,0,2025-05-11 02:32:44,155,0
session_911,home,0,2025-02-25 20:32:40,37,0
session_911,product_page,1,2025-02-25 20:35:25,165,0
session_912,home,0,2025-03-25 23:41:07,168,0
session_912,product_page,1,2025-03-25 23:42:00,53,5
session_912,cart,2,2025-03-25 23:44:08,128,5
session_912,checkout,3,2025-03-25 23:46:53,165,5
session_912,confirmation,4,2025-03-25 23:47:20,27,0
session_913,home,0,2025-01-21 15:48:09,57,0
session_913,product_page,1,2025-01-21 15:49:57,108,4
session_914,home,0,2025-03-14 10:01:01,90,0
session_914,product_page,1,2025-03-14 10:03:13,132,2
session_915,home,0,2025-04-05 02:27:57,172,0
session_915,product_page,1,2025-04-05 02:29:39,102,1
session_915,cart,2,2025-04-05 02:32:02,143,1
session_915,checkout,3,2025-04-05 02:32:42,40,1
session_915,confirmation,4,2025-04-05 02:34:45,123,0
session_916,home,0,2025-08-12 10:18:59,58,0
session_916,product_page,1,2025-08-12 10:21:04,125,2
session_916,cart,2,2025-08-12 10:23:10,126,2
session_916,checkout,3,2025-08-12 10:25:05,115,2
session_917,home,0,2025-06-24 22:34:21,79,0
session_917,product_page,1,2025-06-24 22:36:36,135,0
session_918,home,0,2025-03-20 11:17:26,165,0
session_918,product_page,1,2025-03-20 11:19:00,94,3
session_919,home,0,2025-08-03 20:48:05,78,0
session_919,product_page,1,2025-08-03 20:50:28,143,0
session_919,cart,2,2025-08-03 20:52:37,129,1
session_919,checkout,3,2025-08-03 20:55:33,176,1
session_919,confirmation,4,2025-08-03 20:58:17,164,0
session_920,home,0,2025-08-04 18:10:01,152,0
session_920,product_page,1,2025-08-04 18:10:19,18,3
session_921,home,0,2025-04-11 11:06:00,160,0
session_922,home,0,2025-05-31 12:46:20,50,0
session_923,home,0,2025-05-16 17:32:26,90,0
session_923,product_page,1,2025-05-16 17:32:46,20,0
session_924,home,0,2025-08-22 05:07:41,123,0
session_924,product_page,1,2025-08-22 05:09:10,89,0
session_924,cart,2,2025-08-22 05:10:05,55,3
session_924,checkout,3,2025-08-22 05:12:09,124,3
session_924,confirmation,4,2025-08-22 05:13:35,86,0
session_925,home,0,2025-06-30 16:24:33,78,0
session_925,product_page,1,2025-06-30 16:25:16,43,3
session_925,cart,2,2025-06-30 16:26:58,102,3
session_925,checkout,3,2025-06-30 16:27:37,39,3
session_925,confirmation,4,2025-06-30 16:29:19,102,0
session_926,home,0,2025-02-22 06:51:46,69,0
session_926,product_page,1,2025-02-22 06:53:29,103,3
session_927,home,0,2025-08-28 04:18:11,85,0
session_927,product_page,1,2025-08-28 04:20:54,163,1
session_928,home,0,2025-02-05 14:22:43,115,0
session_928,product_page,1,2025-02-05 14:25:10,147,1
session_929,home,0,2025-01-02 22:08:28,58,0
session_929,product_page,1,2025-01-02 22:09:35,67,1
session_930,home,0,2025-07-25 05:34:02,126,0
session_931,home,0,2025-01-28 00:13:24,115,0
session_931,product_page,1,2025-01-28 00:16:14,170,0
session_932,home,0,2025-02-07 17:34:13,98,0
session_932,product_page,1,2025-02-07 17:35:45,92,4
session_932,cart,2,2025-02-07 17:36:50,65,4
session_933,home,0,2025-07-30 08:40:01,154,0
session_933,product_page,1,2025-07-30 08:41:56,115,2
session_933,cart,2,2025-07-30 08:43:14,78,2
session_933,checkout,3,2025-07-30 08:45:54,160,2
session_934,home,0,2025-01-01 17:59:05,27,0
session_934,product_page,1,2025-01-01 18:02:03,178,0
session_935,home,0,2025-06-28 18:11:50,125,0
session_935,product_page,1,2025-06-28 18:12:31,41,2
session_936,home,0,2025-01-20 06:56:34,29,0
session_936,product_page,1,2025-01-20 06:57:08,34,0
session_936,cart,2,2025-01-20 06:58:04,56,0
session_937,home,0,2025-07-08 20:49:08,29,0
session_937,product_page,1,2025-07-08 20:51:45,157,1
session_938,home,0,2025-05-09 09:53:16,135,0
session_938,product_page,1,2025-05-09 09:54:49,93,1
session_939,home,0,2025-04-22 19:23:37,143,0
session_939,product_page,1,2025-04-22 19:26:13,156,3
session_940,home,0,2025-07-07 13:44:47,29,0
session_940,product_page,1,2025-07-07 13:45:16,29,0
session_941,home,0,2025-02-06 05:41:05,51,0
session_942,home,0,2025-03-31 03:50:40,33,0
session_943,home,0,2025-06-10 14:56:55,21,0
session_943,product_page,1,2025-06-10 14:59:13,138,3
session_944,home,0,2025-06-12 20:40:22,32,0
session_944,product_page,1,2025-06-12 20:41:24,62,1
session_945,home,0,2025-07-19 00:05:44,148,0
session_945,product_page,1,2025-07-19 00:08:09,145,2
session_946,home,0,2025-08-09 19:31:07,28,0
session_946,product_page,1,2025-08-09 19:31:56,49,5
session_947,home,0,2025-08-03 03:57:31,163,0
session_948,home,0,2025-06-04 21:34:10,140,0
session_948,product_page,1,2025-06-04 21:34:55,45,4
session_949,home,0,2025-05-17 15:54:11,54,0
session_950,home,0,2025-08-01 08:36:31,160,0
session_950,product_page,1,2025-08-01 08:39:08,157,2
session_951,home,0,2025-02-28 17:28:03,15,0
session_951,product_page,1,2025-02-28 17:29:52,109,3
session_951,cart,2,2025-02-28 17:31:25,93,3
session_952,home,0,2025-08-19 05:04:53,57,0
session_952,product_page,1,2025-08-19 05:06:13,80,4
session_952,cart,2,2025-08-19 05:08:46,153,4
session_952,checkout,3,2025-08-19 05:11:10,144,4
session_952,confirmation,4,2025-08-19 05:12:02,52,0
session_953,home,0,2025-07-31 02:53:21,19,0
session_953,product_page,1,2025-07-31 02:54:51,90,2
session_954,home,0,2025-04-20 11:57:27,86,0
session_954,product_page,1,2025-04-20 11:58:13,46,5
session_954,cart,2,2025-04-20 11:59:32,79,5
session_954,checkout,3,2025-04-20 12:02:01,149,5
session_955,home,0,2025-08-01 02:51:05,177,0
session_955,product_page,1,2025-08-01 02:52:48,103,4
session_955,cart,2,2025-08-01 02:53:49,61,4
session_956,home,0,2025-03-31 15:37:13,15,0
session_956,product_page,1,2025-03-31 15:37:52,39,2
session_957,home,0,2025-01-25 12:10:42,143,0
session_958,home,0,2025-08-16 03:07:59,58,0
session_958,product_page,1,2025-08-16 03:10:06,127,0
session_959,home,0,2025-05-20 05:40:32,111,0
session_959,product_page,1,2025-05-20 05:43:12,160,1
session_959,cart,2,2025-05-20 05:43:45,33,1
session_959,checkout,3,2025-05-20 05:45:38,113,1
session_959,confirmation,4,2025-05-20 05:46:00,22,0
session_960,home,0,2025-06-18 00:05:47,167,0
session_961,home,0,2025-08-02 20:13:37,176,0
session_962,home,0,2025-07-30 19:30:14,17,0
session_962,product_page,1,2025-07-30 19:32:56,162,0
session_963,home,0,2025-07-15 17:59:16,164,0
session_963,product_page,1,2025-07-15 17:59:32,16,0
session_964,home,0,2025-06-03 15:24:44,150,0
session_964,product_page,1,2025-06-03 15:26:04,80,0
session_964,cart,2,2025-06-03 15:27:11,67,0
session_965,home,0,2025-03-13 00:22:39,132,0
session_966,home,0,2025-07-19 00:13:48,83,0
session_966,product_page,1,2025-07-19 00:15:18,90,0
session_967,home,0,2025-04-14 18:45:52,78,0
session_968,home,0,2025-07-30 06:54:28,45,0
session_968,product_page,1,2025-07-30 06:57:24,176,0
session_969,home,0,2025-05-27 19:20:36,42,0
session_970,home,0,2025-04-11 05:16:17,127,0
session_970,product_page,1,2025-04-11 05:16:55,38,1
session_970,cart,2,2025-04-11 05:18:10,75,1
session_970,checkout,3,2025-04-11 05:21:01,171,1
session_970,confirmation,4,2025-04-11 05:23:06,125,0
session_971,home,0,2025-01-31 12:46:49,132,0
session_971,product_page,1,2025-01-31 12:49:30,161,0
session_971,cart,2,2025-01-31 12:51:26,116,4
session_972,home,0,2025-05-17 00:08:03,73,0
session_972,product_page,1,2025-05-17 00:08:42,39,0
session_973,home,0,2025-05-11 20:18:22,162,0
session_973,product_page,1,2025-05-11 20:20:37,135,4
session_973,cart,2,2025-05-11 20:22:51,134,4
session_974,home,0,2025-02-21 05:55:22,146,0
session_974,product_page,1,2025-02-21 05:55:46,24,0
session_975,home,0,2025-07-12 23:34:01,46,0
session_975,product_page,1,2025-07-12 23:35:15,74,4
session_976,home,0,2025-06-24 21:38:16,171,0
session_976,product_page,1,2025-06-24 21:40:19,123,5
session_977,home,0,2025-03-25 09:40:57,107,0
session_977,product_page,1,2025-03-25 09:41:34,37,2
session_977,cart,2,2025-03-25 09:42:14,40,2
session_977,checkout,3,2025-03-25 09:44:48,154,2
session_977,confirmation,4,2025-03-25 09:47:08,140,0
session_978,home,0,2025-01-20 09:35:26,141,0
session_979,home,0,2025-06-26 21:06:53,82,0
session_979,product_page,1,2025-06-26 21:08:31,98,0
session_979,cart,2,2025-06-26 21:11:03,152,0
session_980,home,0,2025-05-03 13:49:52,93,0
session_981,home,0,2025-03-14 12:11:23,121,0
session_981,product_page,1,2025-03-14 12:14:18,175,4
session_981,cart,2,2025-03-14 12:17:03,165,4
session_981,checkout,3,2025-03-14 12:17:47,44,4
session_981,confirmation,4,2025-03-14 12:18:05,18,0
session_982,home,0,2025-07-30 21:51:25,176,0
session_982,product_page,1,2025-07-30 21:52:05,40,0
session_983,home,0,2025-01-11 11:41:41,35,0
session_983,product_page,1,2025-01-11 11:42:47,66,0
session_983,cart,2,2025-01-11 11:45:43,176,3
session_983,checkout,3,2025-01-11 11:48:27,164,3
session_983,confirmation,4,2025-01-11 11:50:15,108,0
session_984,home,0,2025-04-19 02:08:36,59,0
session_984,product_page,1,2025-04-19 02:09:09,33,3
session_985,home,0,2025-08-04 12:00:03,26,0
session_985,product_page,1,2025-08-04 12:00:27,24,0
session_985,cart,2,2025-08-04 12:00:53,26,0
session_985,checkout,3,2025-08-04 12:01:21,28,3
session_985,confirmation,4,2025-08-04 12:04:07,166,0
session_986,home,0,2025-06-18 19:43:17,50,0
session_986,product_page,1,2025-06-18 19:45:43,146,5
session_987,home,0,2025-01-01 05:55:12,134,0
session_987,product_page,1,2025-01-01 05:57:59,167,3
session_987,cart,2,2025-01-01 05:59:07,68,3
session_987,checkout,3,2025-01-01 06:00:57,110,3
session_987,confirmation,4,2025-01-01 06:01:26,29,0
session_988,home,0,2025-02-20 02:42:58,24,0
session_988,product_page,1,2025-02-20 02:43:16,18,0
session_988,cart,2,2025-02-20 02:45:22,126,0
session_988,checkout,3,2025-02-20 02:45:41,19,1
session_988,confirmation,4,2025-02-20 02:47:10,89,0
session_989,home,0,2025-02-07 15:20:04,20,0
session_990,home,0,2025-01-17 11:14:17,116,0
session_990,product_page,1,2025-01-17 11:14:42,25,3
session_990,cart,2,2025-01-17 11:17:24,162,3
session_990,checkout,3,2025-01-17 11:19:57,153,3
session_990,confirmation,4,2025-01-17 11:21:11,74,0
session_991,home,0,2025-07-29 19:35:33,106,0
session_992,home,0,2025-05-18 22:11:38,16,0
session_992,product_page,1,2025-05-18 22:14:37,179,4
session_992,cart,2,2025-05-18 22:15:33,56,4
session_993,home,0,2025-02-04 09:55:35,133,0
session_993,product_page,1,2025-02-04 09:58:29,174,5
session_994,home,0,2025-06-13 09:41:05,66,0
session_994,product_page,1,2025-06-13 09:42:54,109,2
session_994,cart,2,2025-06-13 09:43:50,56,2
session_994,checkout,3,2025-06-13 09:46:35,165,2
session_995,home,0,2025-02-02 19:43:33,66,0
session_995,product_page,1,2025-02-02 19:46:26,173,5
session_996,home,0,2025-05-15 23:49:31,151,0
session_996,product_page,1,2025-05-15 23:52:18,167,0
session_997,home,0,2025-02-23 07:23:48,50,0
session_997,product_page,1,2025-02-23 07:25:01,73,4
session_997,cart,2,2025-02-23 07:28:01,180,4
session_997,checkout,3,2025-02-23 07:28:51,50,4
session_997,confirmation,4,2025-02-23 07:31:10,139,0
session_998,home,0,2025-01-09 04:22:08,44,0
session_998,product_page,1,2025-01-09 04:22:47,39,0
session_999,home,0,2025-06-30 03:19:51,157,0
session_999,product_page,1,2025-06-30 03:22:35,164,0
session_999,cart,2,2025-06-30 03:23:56,81,0
session_1000,home,0,2025-08-25 09:34:15,45,0
session_1000,product_page,1,2025-08-25 09:35:45,90,3
session_1000,cart,2,2025-08-25 09:38:16,151,3
session_1000,checkout,3,2025-08-25 09:40:48,152,3
session_1000,confirmation,4,2025-08-25 09:41:24,36,0
session_1001,home,0,2025-03-27 20:11:23,145,0
session_1001,product_page,1,2025-03-27 20:13:05,102,5
session_1001,cart,2,2025-03-27 20:13:22,17,5
session_1002,home,0,2025-02-11 10:53:09,98,0
session_1002,product_page,1,2025-02-11 10:53:30,21,3
session_1002,cart,2,2025-02-11 10:55:15,105,3
session_1002,checkout,3,2025-02-11 10:56:50,95,3
session_1002,confirmation,4,2025-02-11 10:58:53,123,0
session_1003,home,0,2025-07-27 22:14:11,56,0
session_1003,product_page,1,2025-07-27 22:16:56,165,4
session_1004,home,0,2025-03-05 13:49:21,147,0
session_1005,home,0,2025-06-27 11:42:03,78,0
session_1005,product_page,1,2025-06-27 11:43:33,90,2
session_1006,home,0,2025-01-03 08:21:05,138,0
session_1007,home,0,2025-01-20 23:48:43,118,0
session_1007,product_page,1,2025-01-20 23:49:13,30,5
session_1007,cart,2,2025-01-20 23:52:05,172,5
session_1007,checkout,3,2025-01-20 23:54:35,150,5
session_1007,confirmation,4,2025-01-20 23:56:32,117,0
session_1008,home,0,2025-02-23 05:15:15,51,0
session_1008,product_page,1,2025-02-23 05:16:59,104,4
session_1009,home,0,2025-08-16 07:49:32,59,0
session_1009,product_page,1,2025-08-16 07:50:28,56,0
session_1009,cart,2,2025-08-16 07:50:49,21,2
session_1010,home,0,2025-03-29 09:27:40,122,0
session_1010,product_page,1,2025-03-29 09:29:25,105,3
session_1010,cart,2,2025-03-29 09:31:33,128,3
session_1011,home,0,2025-03-13 12:16:14,32,0
session_1011,product_page,1,2025-03-13 12:18:20,126,3
session_1012,home,0,2025-04-13 01:30:35,56,0
session_1012,product_page,1,2025-04-13 01:32:24,109,2
session_1013,home,0,2025-02-02 15:50:12,174,0
session_1013,product_page,1,2025-02-02 15:50:35,23,0
session_1014,home,0,2025-03-05 17:25:17,52,0
session_1014,product_page,1,2025-03-05 17:27:39,142,5
session_1015,home,0,2025-01-19 08:34:02,111,0
session_1015,product_page,1,2025-01-19 08:34:30,28,2
session_1015,cart,2,2025-01-19 08:36:08,98,2
session_1015,checkout,3,2025-01-19 08:37:11,63,2
session_1015,confirmation,4,2025-01-19 08:39:23,132,0
session_1016,home,0,2025-07-09 17:47:10,111,0
session_1016,product_page,1,2025-07-09 17:49:48,158,2
session_1016,cart,2,2025-07-09 17:51:18,90,2
session_1016,checkout,3,2025-07-09 17:52:20,62,2
session_1017,home,0,2025-05-09 06:39:16,141,0
session_1017,product_page,1,2025-05-09 06:41:49,153,0
session_1018,home,0,2025-05-12 17:24:26,146,0
session_1018,product_page,1,2025-05-12 17:27:00,154,4
session_1018,cart,2,2025-05-12 17:27:29,29,4
session_1018,checkout,3,2025-05-12 17:30:24,175,4
session_1018,confirmation,4,2025-05-12 17:31:04,40,0
session_1019,home,0,2025-07-07 18:47:26,24,0
session_1019,product_page,1,2025-07-07 18:49:14,108,1
session_1019,cart,2,2025-07-07 18:51:16,122,1
session_1019,checkout,3,2025-07-07 18:52:36,80,1
session_1019,confirmation,4,2025-07-07 18:54:48,132,0
session_1020,home,0,2025-05-14 08:16:26,73,0
session_1020,product_page,1,2025-05-14 08:16:41,15,0
session_1021,home,0,2025-07-12 19:48:40,61,0
session_1021,product_page,1,2025-07-12 19:49:37,57,1
session_1022,home,0,2025-08-24 03:45:43,145,0
session_1022,product_page,1,2025-08-24 03:46:57,74,0
session_1022,cart,2,2025-08-24 03:49:42,165,3
session_1022,checkout,3,2025-08-24 03:52:17,155,3
session_1022,confirmation,4,2025-08-24 03:53:32,75,0
session_1023,home,0,2025-04-29 01:28:02,52,0
session_1023,product_page,1,2025-04-29 01:29:58,116,5
session_1023,cart,2,2025-04-29 01:31:17,79,5
session_1024,home,0,2025-03-18 00:25:48,128,0
session_1024,product_page,1,2025-03-18 00:26:54,66,4
session_1025,home,0,2025-01-23 17:20:14,67,0
session_1025,product_page,1,2025-01-23 17:20:38,24,0
session_1025,cart,2,2025-01-23 17:21:14,36,0
session_1025,checkout,3,2025-01-23 17:21:50,36,1
session_1025,confirmation,4,2025-01-23 17:23:27,97,0
session_1026,home,0,2025-02-22 18:50:18,22,0
session_1026,product_page,1,2025-02-22 18:51:30,72,0
session_1027,home,0,2025-04-30 22:36:42,121,0
session_1027,product_page,1,2025-04-30 22:39:28,166,3
session_1027,cart,2,2025-04-30 22:41:07,99,3
session_1027,checkout,3,2025-04-30 22:43:51,164,3
session_1027,confirmation,4,2025-04-30 22:45:24,93,0
session_1028,home,0,2025-07-24 11:14:46,140,0
session_1028,product_page,1,2025-07-24 11:15:48,62,5
session_1028,cart,2,2025-07-24 11:18:13,145,5
session_1028,checkout,3,2025-07-24 11:19:32,79,5
session_1028,confirmation,4,2025-07-24 11:21:20,108,0
session_1029,home,0,2025-06-03 23:29:35,168,0
session_1029,product_page,1,2025-06-03 23:31:40,125,0
session_1030,home,0,2025-04-20 23:26:41,15,0
session_1030,product_page,1,2025-04-20 23:29:34,173,0
session_1031,home,0,2025-08-14 07:16:44,65,0
session_1031,product_page,1,2025-08-14 07:18:51,127,3
session_1031,cart,2,2025-08-14 07:19:43,52,3
session_1031,checkout,3,2025-08-14 07:20:26,43,3
session_1031,confirmation,4,2025-08-14 07:22:38,132,0
session_1032,home,0,2025-08-06 12:57:39,135,0
session_1032,product_page,1,2025-08-06 12:58:19,40,0
session_1032,cart,2,2025-08-06 13:00:54,155,0
session_1032,checkout,3,2025-08-06 13:02:13,79,1
session_1032,confirmation,4,2025-08-06 13:05:07,174,0
session_1033,home,0,2025-04-13 11:48:04,98,0
session_1033,product_page,1,2025-04-13 11:49:47,103,0
session_1033,cart,2,2025-04-13 11:51:19,92,0
session_1033,checkout,3,2025-04-13 11:51:59,40,1
session_1033,confirmation,4,2025-04-13 11:54:33,154,0
session_1034,home,0,2025-01-28 20:52:53,151,0
session_1034,product_page,1,2025-01-28 20:54:18,85,0
session_1035,home,0,2025-01-01 12:08:37,90,0
session_1035,product_page,1,2025-01-01 12:11:26,169,2
session_1036,home,0,2025-02-17 00:12:00,21,0
session_1036,product_page,1,2025-02-17 00:12:53,53,0
session_1037,home,0,2025-07-07 08:26:59,62,0
session_1037,product_page,1,2025-07-07 08:29:47,168,0
session_1038,home,0,2025-04-03 11:06:09,128,0
session_1038,product_page,1,2025-04-03 11:06:39,30,0
session_1038,cart,2,2025-04-03 11:09:30,171,4
session_1038,checkout,3,2025-04-03 11:11:05,95,4
session_1038,confirmation,4,2025-04-03 11:12:46,101,0
session_1039,home,0,2025-03-06 23:22:43,180,0
session_1039,product_page,1,2025-03-06 23:24:30,107,2
session_1039,cart,2,2025-03-06 23:25:03,33,2
session_1040,home,0,2025-04-19 16:51:08,70,0
session_1040,product_page,1,2025-04-19 16:53:59,171,4
session_1040,cart,2,2025-04-19 16:55:33,94,4
session_1040,checkout,3,2025-04-19 16:56:53,80,4
session_1040,confirmation,4,2025-04-19 16:59:08,135,0
session_1041,home,0,2025-05-06 23:36:39,43,0
session_1041,product_page,1,2025-05-06 23:38:45,126,0
session_1041,cart,2,2025-05-06 23:39:40,55,2
session_1042,home,0,2025-03-01 04:50:01,48,0
session_1043,home,0,2025-08-22 06:25:08,127,0
session_1044,home,0,2025-07-29 02:14:11,173,0
session_1044,product_page,1,2025-07-29 02:14:58,47,4
session_1045,home,0,2025-08-16 12:12:29,79,0
session_1045,product_page,1,2025-08-16 12:15:08,159,0
session_1045,cart,2,2025-08-16 12:17:43,155,0
session_1045,checkout,3,2025-08-16 12:18:52,69,2
session_1045,confirmation,4,2025-08-16 12:21:41,169,0
session_1046,home,0,2025-05-30 02:48:38,94,0
session_1046,product_page,1,2025-05-30 02:49:49,71,0
session_1047,home,0,2025-01-25 23:31:55,105,0
session_1047,product_page,1,2025-01-25 23:34:21,146,3
session_1048,home,0,2025-04-09 16:49:27,83,0
session_1048,product_page,1,2025-04-09 16:50:03,36,0
session_1049,home,0,2025-05-18 08:57:16,117,0
session_1049,product_page,1,2025-05-18 08:58:25,69,0
session_1049,cart,2,2025-05-18 08:58:53,28,0
session_1049,checkout,3,2025-05-18 09:00:35,102,2
session_1049,confirmation,4,2025-05-18 09:02:19,104,0
session_1050,home,0,2025-04-17 04:11:10,128,0
session_1050,product_page,1,2025-04-17 04:12:00,50,2
session_1051,home,0,2025-05-17 11:05:23,26,0
session_1051,product_page,1,2025-05-17 11:06:41,78,0
session_1051,cart,2,2025-05-17 11:07:37,56,0
session_1051,checkout,3,2025-05-17 11:07:54,17,1
session_1051,confirmation,4,2025-05-17 11:10:47,173,0
session_1052,home,0,2025-05-21 08:01:00,56,0
session_1052,product_page,1,2025-05-21 08:03:51,171,0
session_1052,cart,2,2025-05-21 08:06:45,174,0
session_1052,checkout,3,2025-05-21 08:07:02,17,2
session_1053,home,0,2025-05-08 04:39:31,85,0
session_1053,product_page,1,2025-05-08 04:41:57,146,2
session_1053,cart,2,2025-05-08 04:43:38,101,2
session_1054,home,0,2025-04-11 17:57:23,113,0
session_1054,product_page,1,2025-04-11 17:57:56,33,0
session_1054,cart,2,2025-04-11 17:59:33,97,0
session_1054,checkout,3,2025-04-11 18:00:51,78,3
session_1054,confirmation,4,2025-04-11 18:02:52,121,0
session_1055,home,0,2025-01-01 05:00:01,55,0
session_1055,product_page,1,2025-01-01 05:02:10,129,1
session_1056,home,0,2025-05-08 20:30:16,155,0
session_1056,product_page,1,2025-05-08 20:31:05,49,1
session_1057,home,0,2025-07-10 11:59:40,105,0
session_1057,product_page,1,2025-07-10 12:02:11,151,0
session_1058,home,0,2025-01-04 09:16:20,48,0
session_1058,product_page,1,2025-01-04 09:18:53,153,3
session_1059,home,0,2025-03-17 12:12:56,173,0
session_1059,product_page,1,2025-03-17 12:15:29,153,0
session_1060,home,0,2025-02-11 03:56:07,137,0
session_1060,product_page,1,2025-02-11 03:58:28,141,0
session_1061,home,0,2025-05-27 16:29:20,21,0
session_1061,product_page,1,2025-05-27 16:31:57,157,3
session_1061,cart,2,2025-05-27 16:32:34,37,3
session_1061,checkout,3,2025-05-27 16:33:20,46,3
session_1061,confirmation,4,2025-05-27 16:34:41,81,0
session_1062,home,0,2025-01-06 04:50:38,89,0
session_1062,product_page,1,2025-01-06 04:52:20,102,3
session_1062,cart,2,2025-01-06 04:53:33,73,3
session_1062,checkout,3,2025-01-06 04:54:06,33,3
session_1062,confirmation,4,2025-01-06 04:54:41,35,0
session_1063,home,0,2025-07-04 20:08:16,178,0
session_1063,product_page,1,2025-07-04 20:09:47,91,2
session_1064,home,0,2025-08-13 14:48:20,84,0
session_1064,product_page,1,2025-08-13 14:48:49,29,2
session_1065,home,0,2025-03-24 07:15:53,43,0
session_1066,home,0,2025-01-28 20:20:57,169,0
session_1066,product_page,1,2025-01-28 20:22:57,120,0
session_1067,home,0,2025-02-04 21:52:32,79,0
session_1068,home,0,2025-08-24 18:18:04,34,0
session_1068,product_page,1,2025-08-24 18:18:40,36,2
session_1069,home,0,2025-07-23 03:18:17,91,0
session_1069,product_page,1,2025-07-23 03:19:43,86,1
session_1070,home,0,2025-04-30 14:49:17,156,0
session_1070,product_page,1,2025-04-30 14:50:49,92,0
session_1070,cart,2,2025-04-30 14:53:02,133,1
session_1071,home,0,2025-02-27 03:03:27,58,0
session_1071,product_page,1,2025-02-27 03:05:56,149,4
session_1072,home,0,2025-07-23 17:27:43,139,0
session_1072,product_page,1,2025-07-23 17:29:21,98,0
session_1073,home,0,2025-01-07 04:40:36,43,0
session_1073,product_page,1,2025-01-07 04:42:23,107,0
session_1073,cart,2,2025-01-07 04:43:23,60,5
session_1073,checkout,3,2025-01-07 04:45:21,118,5
session_1073,confirmation,4,2025-01-07 04:47:24,123,0
session_1074,home,0,2025-07-26 17:28:22,124,0
session_1074,product_page,1,2025-07-26 17:30:52,150,0
session_1074,cart,2,2025-07-26 17:32:00,68,0
session_1074,checkout,3,2025-07-26 17:33:47,107,3
session_1074,confirmation,4,2025-07-26 17:34:05,18,0
session_1075,home,0,2025-02-13 01:15:13,57,0
session_1075,product_page,1,2025-02-13 01:18:13,180,4
session_1076,home,0,2025-02-06 13:39:51,30,0
session_1076,product_page,1,2025-02-06 13:42:16,145,0
session_1077,home,0,2025-08-27 15:06:44,75,0
session_1078,home,0,2025-07-12 15:30:28,20,0
session_1079,home,0,2025-07-14 03:19:39,162,0
session_1079,product_page,1,2025-07-14 03:19:55,16,0
session_1080,home,0,2025-05-31 00:16:02,130,0
session_1080,product_page,1,2025-05-31 00:17:10,68,0
session_1080,cart,2,2025-05-31 00:18:30,80,5
session_1081,home,0,2025-04-21 03:29:55,67,0
session_1082,home,0,2025-03-31 03:00:13,138,0
session_1083,home,0,2025-04-07 18:13:46,121,0
session_1083,product_page,1,2025-04-07 18:15:42,116,0
session_1084,home,0,2025-05-31 04:01:09,51,0
session_1085,home,0,2025-01-11 04:27:52,171,0
session_1085,product_page,1,2025-01-11 04:29:54,122,2
session_1085,cart,2,2025-01-11 04:31:56,122,2
session_1086,home,0,2025-04-14 15:24:24,35,0
session_1087,home,0,2025-04-30 11:18:19,19,0
session_1087,product_page,1,2025-04-30 11:19:17,58,1
session_1088,home,0,2025-04-25 07:22:41,78,0
session_1088,product_page,1,2025-04-25 07:25:22,161,5
session_1088,cart,2,2025-04-25 07:27:39,137,5
session_1088,checkout,3,2025-04-25 07:29:19,100,5
session_1088,confirmation,4,2025-04-25 07:31:08,109,0
session_1089,home,0,2025-02-03 08:57:13,98,0
session_1090,home,0,2025-02-07 02:36:06,148,0
session_1090,product_page,1,2025-02-07 02:37:04,58,3
session_1091,home,0,2025-05-24 22:17:17,158,0
session_1091,product_page,1,2025-05-24 22:18:18,61,4
session_1092,home,0,2025-08-26 00:54:50,143,0
session_1092,product_page,1,2025-08-26 00:57:46,176,2
session_1093,home,0,2025-05-10 11:35:13,100,0
session_1093,product_page,1,2025-05-10 11:37:41,148,4
session_1094,home,0,2025-05-26 22:54:50,118,0
session_1095,home,0,2025-03-08 08:19:55,17,0
session_1095,product_page,1,2025-03-08 08:20:59,64,0
session_1096,home,0,2025-02-16 11:03:21,102,0
session_1096,product_page,1,2025-02-16 11:05:24,123,1
session_1097,home,0,2025-05-24 10:50:25,117,0
session_1098,home,0,2025-06-08 04:07:21,43,0
session_1098,product_page,1,2025-06-08 04:08:20,59,0
session_1099,home,0,2025-08-04 21:20:58,126,0
session_1100,home,0,2025-07-29 13:25:47,15,0
session_1100,product_page,1,2025-07-29 13:28:31,164,5
session_1100,cart,2,2025-07-29 13:31:03,152,5
session_1100,checkout,3,2025-07-29 13:32:43,100,5
session_1100,confirmation,4,2025-07-29 13:33:32,49,0
session_1101,home,0,2025-08-13 21:20:28,167,0
session_1102,home,0,2025-06-04 20:23:48,95,0
session_1103,home,0,2025-03-26 15:15:04,89,0
session_1104,home,0,2025-05-12 16:50:58,96,0
session_1104,product_page,1,2025-05-12 16:51:48,50,0
session_1105,home,0,2025-02-12 07:45:46,15,0
session_1105,product_page,1,2025-02-12 07:46:10,24,1
session_1106,home,0,2025-08-23 07:47:50,110,0
session_1106,product_page,1,2025-08-23 07:49:15,85,0
session_1107,home,0,2025-07-22 15:28:06,123,0
session_1107,product_page,1,2025-07-22 15:30:20,134,2
session_1108,home,0,2025-05-17 04:56:50,43,0
session_1108,product_page,1,2025-05-17 04:57:51,61,1
session_1108,cart,2,2025-05-17 04:59:24,93,1
session_1108,checkout,3,2025-05-17 05:00:54,90,1
session_1108,confirmation,4,2025-05-17 05:01:48,54,0
session_1109,home,0,2025-07-31 16:07:04,18,0
session_1109,product_page,1,2025-07-31 16:09:51,167,0
session_1110,home,0,2025-01-17 20:28:51,70,0
session_1110,product_page,1,2025-01-17 20:30:33,102,1
session_1110,cart,2,2025-01-17 20:30:49,16,1
session_1110,checkout,3,2025-01-17 20:32:25,96,1
session_1110,confirmation,4,2025-01-17 20:32:58,33,0
session_1111,home,0,2025-04-05 07:22:15,116,0
session_1111,product_page,1,2025-04-05 07:24:34,139,2
session_1111,cart,2,2025-04-05 07:25:59,85,2
session_1111,checkout,3,2025-04-05 07:28:13,134,2
session_1111,confirmation,4,2025-04-05 07:29:35,82,0
session_1112,home,0,2025-08-19 03:29:33,168,0
session_1112,product_page,1,2025-08-19 03:31:08,95,0
session_1112,cart,2,2025-08-19 03:32:42,94,2
session_1112,checkout,3,2025-08-19 03:35:17,155,2
session_1112,confirmation,4,2025-08-19 03:36:04,47,0
session_1113,home,0,2025-07-08 12:44:08,132,0
session_1114,home,0,2025-06-24 13:11:38,176,0
session_1114,product_page,1,2025-06-24 13:14:22,164,2
session_1115,home,0,2025-08-10 10:08:13,57,0
session_1115,product_page,1,2025-08-10 10:10:45,152,0
session_1115,cart,2,2025-08-10 10:13:36,171,0
session_1115,checkout,3,2025-08-10 10:15:38,122,3
session_1115,confirmation,4,2025-08-10 10:18:07,149,0
session_1116,home,0,2025-07-22 08:03:08,82,0
session_1116,product_page,1,2025-07-22 08:04:27,79,3
session_1116,cart,2,2025-07-22 08:05:03,36,3
session_1116,checkout,3,2025-07-22 08:06:11,68,3
session_1116,confirmation,4,2025-07-22 08:08:16,125,0
session_1117,home,0,2025-05-14 17:11:31,130,0
session_1117,product_page,1,2025-05-14 17:11:59,28,0
session_1117,cart,2,2025-05-14 17:13:14,75,0
session_1117,checkout,3,2025-05-14 17:16:05,171,2
session_1117,confirmation,4,2025-05-14 17:18:46,161,0
session_1118,home,0,2025-04-27 09:22:43,171,0
session_1118,product_page,1,2025-04-27 09:24:32,109,0
session_1118,cart,2,2025-04-27 09:26:05,93,0
session_1118,checkout,3,2025-04-27 09:28:43,158,2
session_1118,confirmation,4,2025-04-27 09:30:43,120,0
session_1119,home,0,2025-03-16 05:41:47,78,0
session_1119,product_page,1,2025-03-16 05:44:13,146,5
session_1119,cart,2,2025-03-16 05:45:26,73,5
session_1119,checkout,3,2025-03-16 05:46:50,84,5
session_1120,home,0,2025-08-11 13:34:39,74,0
session_1120,product_page,1,2025-08-11 13:36:39,120,0
session_1121,home,0,2025-01-03 17:49:27,126,0
session_1121,product_page,1,2025-01-03 17:51:46,139,0
session_1121,cart,2,2025-01-03 17:52:35,49,0
session_1122,home,0,2025-02-02 19:04:01,82,0
session_1122,product_page,1,2025-02-02 19:06:20,139,0
session_1123,home,0,2025-06-03 17:05:22,40,0
session_1123,product_page,1,2025-06-03 17:06:18,56,5
session_1124,home,0,2025-03-26 01:55:11,38,0
session_1124,product_page,1,2025-03-26 01:56:48,97,1
session_1125,home,0,2025-05-21 19:51:45,76,0
session_1125,product_page,1,2025-05-21 19:54:40,175,0
session_1125,cart,2,2025-05-21 19:55:18,38,2
session_1125,checkout,3,2025-05-21 19:58:08,170,2
session_1125,confirmation,4,2025-05-21 20:01:07,179,0
session_1126,home,0,2025-04-23 12:45:30,81,0
session_1127,home,0,2025-06-25 23:52:10,104,0
session_1128,home,0,2025-06-20 23:56:18,96,0
session_1128,product_page,1,2025-06-20 23:56:43,25,0
session_1128,cart,2,2025-06-20 23:59:18,155,0
session_1128,checkout,3,2025-06-21 00:00:26,68,2
session_1128,confirmation,4,2025-06-21 00:01:57,91,0
session_1129,home,0,2025-08-03 12:11:21,113,0
session_1129,product_page,1,2025-08-03 12:13:31,130,5
session_1129,cart,2,2025-08-03 12:15:26,115,5
session_1130,home,0,2025-01-29 11:20:30,150,0
session_1130,product_page,1,2025-01-29 11:21:45,75,1
session_1130,cart,2,2025-01-29 11:24:32,167,1
session_1130,checkout,3,2025-01-29 11:27:00,148,1
session_1130,confirmation,4,2025-01-29 11:28:16,76,0
session_1131,home,0,2025-01-10 03:41:06,108,0
session_1131,product_page,1,2025-01-10 03:42:18,72,0
session_1132,home,0,2025-03-21 10:24:51,139,0
session_1132,product_page,1,2025-03-21 10:26:51,120,5
session_1132,cart,2,2025-03-21 10:27:55,64,5
session_1132,checkout,3,2025-03-21 10:30:34,159,5
session_1132,confirmation,4,2025-03-21 10:33:11,157,0
session_1133,home,0,2025-04-07 14:31:07,89,0
session_1133,product_page,1,2025-04-07 14:32:30,83,0
session_1134,home,0,2025-04-13 08:55:03,45,0
session_1134,product_page,1,2025-04-13 08:55:52,49,3
session_1134,cart,2,2025-04-13 08:58:35,163,3
session_1134,checkout,3,2025-04-13 09:00:43,128,3
session_1134,confirmation,4,2025-04-13 09:01:03,20,0
session_1135,home,0,2025-07-06 19:09:22,101,0
session_1135,product_page,1,2025-07-06 19:11:28,126,3
session_1136,home,0,2025-08-09 09:34:17,123,0
session_1136,product_page,1,2025-08-09 09:35:02,45,3
session_1137,home,0,2025-07-31 07:30:50,127,0
session_1137,product_page,1,2025-07-31 07:32:24,94,0
session_1137,cart,2,2025-07-31 07:33:10,46,5
session_1137,checkout,3,2025-07-31 07:34:44,94,5
session_1137,confirmation,4,2025-07-31 07:35:43,59,0
session_1138,home,0,2025-01-22 05:38:41,126,0
session_1138,product_page,1,2025-01-22 05:40:48,127,0
session_1139,home,0,2025-08-13 07:46:18,94,0
session_1139,product_page,1,2025-08-13 07:47:54,96,0
session_1139,cart,2,2025-08-13 07:50:39,165,5
session_1140,home,0,2025-07-07 04:09:36,88,0
session_1141,home,0,2025-03-30 00:02:15,145,0
session_1141,product_page,1,2025-03-30 00:04:23,128,0
session_1141,cart,2,2025-03-30 00:07:05,162,0
session_1141,checkout,3,2025-03-30 00:09:35,150,1
session_1141,confirmation,4,2025-03-30 00:10:05,30,0
session_1142,home,0,2025-03-20 03:47:31,71,0
session_1142,product_page,1,2025-03-20 03:48:19,48,0
session_1143,home,0,2025-07-11 05:51:34,143,0
session_1143,product_page,1,2025-07-11 05:54:10,156,0
session_1143,cart,2,2025-07-11 05:54:46,36,0
session_1143,checkout,3,2025-07-11 05:56:00,74,3
session_1144,home,0,2025-01-23 21:38:36,110,0
session_1144,product_page,1,2025-01-23 21:39:10,34,0
session_1145,home,0,2025-06-18 17:36:06,93,0
session_1145,product_page,1,2025-06-18 17:36:41,35,4
session_1145,cart,2,2025-06-18 17:38:55,134,4
session_1145,checkout,3,2025-06-18 17:40:55,120,4
session_1146,home,0,2025-06-13 17:18:34,145,0
session_1146,product_page,1,2025-06-13 17:19:01,27,5
session_1146,cart,2,2025-06-13 17:19:38,37,5
session_1146,checkout,3,2025-06-13 17:21:46,128,5
session_1146,confirmation,4,2025-06-13 17:22:26,40,0
session_1147,home,0,2025-03-20 11:49:36,47,0
session_1147,product_page,1,2025-03-20 11:51:25,109,1
session_1147,cart,2,2025-03-20 11:54:18,173,1
session_1147,checkout,3,2025-03-20 11:55:18,60,1
session_1147,confirmation,4,2025-03-20 11:56:47,89,0
session_1148,home,0,2025-06-28 03:46:20,95,0
session_1148,product_page,1,2025-06-28 03:46:53,33,0
session_1149,home,0,2025-07-12 02:59:48,148,0
session_1149,product_page,1,2025-07-12 03:01:03,75,3
session_1149,cart,2,2025-07-12 03:02:44,101,3
session_1150,home,0,2025-06-23 19:45:50,132,0
session_1151,home,0,2025-05-01 14:01:47,165,0
session_1151,product_page,1,2025-05-01 14:03:28,101,5
session_1151,cart,2,2025-05-01 14:04:02,34,5
session_1151,checkout,3,2025-05-01 14:05:35,93,5
session_1151,confirmation,4,2025-05-01 14:07:28,113,0
session_1152,home,0,2025-02-28 04:57:04,143,0
session_1152,product_page,1,2025-02-28 04:58:01,57,0
session_1153,home,0,2025-01-29 06:47:08,16,0
session_1153,product_page,1,2025-01-29 06:47:42,34,0
session_1154,home,0,2025-05-24 03:08:44,160,0
session_1154,product_page,1,2025-05-24 03:11:11,147,0
session_1155,home,0,2025-02-11 15:47:51,130,0
session_1155,product_page,1,2025-02-11 15:50:01,130,0
session_1155,cart,2,2025-02-11 15:52:32,151,1
session_1155,checkout,3,2025-02-11 15:55:21,169,1
session_1155,confirmation,4,2025-02-11 15:56:53,92,0
session_1156,home,0,2025-03-12 06:36:53,132,0
session_1157,home,0,2025-04-10 23:31:18,72,0
session_1157,product_page,1,2025-04-10 23:32:57,99,0
session_1158,home,0,2025-02-26 14:06:58,74,0
session_1158,product_page,1,2025-02-26 14:08:51,113,5
session_1159,home,0,2025-08-01 18:42:36,50,0
session_1159,product_page,1,2025-08-01 18:44:26,110,1
session_1160,home,0,2025-01-25 00:26:25,140,0
session_1160,product_page,1,2025-01-25 00:28:55,150,3
session_1161,home,0,2025-03-05 21:14:14,78,0
session_1161,product_page,1,2025-03-05 21:15:13,59,3
session_1161,cart,2,2025-03-05 21:17:07,114,3
session_1161,checkout,3,2025-03-05 21:19:29,142,3
session_1161,confirmation,4,2025-03-05 21:20:02,33,0
session_1162,home,0,2025-06-14 00:45:10,85,0
session_1162,product_page,1,2025-06-14 00:45:30,20,0
session_1163,home,0,2025-06-08 04:40:38,67,0
session_1164,home,0,2025-03-01 09:09:45,89,0
session_1164,product_page,1,2025-03-01 09:12:42,177,4
session_1164,cart,2,2025-03-01 09:15:38,176,4
session_1165,home,0,2025-07-23 17:04:06,94,0
session_1165,product_page,1,2025-07-23 17:06:57,171,5
session_1166,home,0,2025-07-04 05:26:31,113,0
session_1166,product_page,1,2025-07-04 05:27:38,67,4
session_1166,cart,2,2025-07-04 05:28:35,57,4
session_1167,home,0,2025-03-10 06:57:41,64,0
session_1167,product_page,1,2025-03-10 06:59:45,124,0
session_1168,home,0,2025-07-19 18:16:54,155,0
session_1168,product_page,1,2025-07-19 18:17:25,31,2
session_1168,cart,2,2025-07-19 18:19:33,128,2
session_1168,checkout,3,2025-07-19 18:22:05,152,2
session_1169,home,0,2025-07-30 01:35:29,32,0
session_1169,product_page,1,2025-07-30 01:37:51,142,0
session_1169,cart,2,2025-07-30 01:38:13,22,0
session_1169,checkout,3,2025-07-30 01:40:22,129,1
session_1169,confirmation,4,2025-07-30 01:41:34,72,0
session_1170,home,0,2025-07-10 15:06:49,172,0
session_1171,home,0,2025-02-24 04:35:50,177,0
session_1171,product_page,1,2025-02-24 04:37:14,84,0
session_1172,home,0,2025-08-17 22:11:20,178,0
session_1172,product_page,1,2025-08-17 22:12:05,45,3
session_1172,cart,2,2025-08-17 22:13:21,76,3
session_1172,checkout,3,2025-08-17 22:14:08,47,3
session_1172,confirmation,4,2025-08-17 22:15:19,71,0
session_1173,home,0,2025-01-30 12:41:00,67,0
session_1173,product_page,1,2025-01-30 12:43:22,142,2
session_1174,home,0,2025-05-17 10:02:30,121,0
session_1174,product_page,1,2025-05-17 10:05:25,175,3
session_1175,home,0,2025-08-08 22:03:57,177,0
session_1175,product_page,1,2025-08-08 22:06:46,169,0
session_1175,cart,2,2025-08-08 22:08:53,127,1
session_1175,checkout,3,2025-08-08 22:09:58,65,1
session_1175,confirmation,4,2025-08-08 22:11:54,116,0
session_1176,home,0,2025-01-01 01:20:08,130,0
session_1176,product_page,1,2025-01-01 01:20:53,45,4
session_1177,home,0,2025-04-13 14:24:21,172,0
session_1177,product_page,1,2025-04-13 14:25:13,52,0
session_1178,home,0,2025-05-10 03:28:14,63,0
session_1178,product_page,1,2025-05-10 03:29:06,52,4
session_1178,cart,2,2025-05-10 03:31:40,154,4
session_1178,checkout,3,2025-05-10 03:32:59,79,4
session_1178,confirmation,4,2025-05-10 03:33:16,17,0
session_1179,home,0,2025-05-25 00:23:09,111,0
session_1180,home,0,2025-07-09 02:08:47,171,0
session_1180,product_page,1,2025-07-09 02:10:18,91,0
session_1181,home,0,2025-03-26 21:15:12,135,0
session_1181,product_page,1,2025-03-26 21:17:01,109,0
session_1181,cart,2,2025-03-26 21:19:08,127,4
session_1181,checkout,3,2025-03-26 21:22:08,180,4
session_1181,confirmation,4,2025-03-26 21:25:04,176,0
session_1182,home,0,2025-04-25 02:18:17,180,0
session_1182,product_page,1,2025-04-25 02:18:42,25,1
session_1183,home,0,2025-02-05 03:27:09,116,0
session_1183,product_page,1,2025-02-05 03:30:00,171,4
session_1184,home,0,2025-08-13 13:55:25,18,0
session_1184,product_page,1,2025-08-13 13:56:51,86,0
session_1185,home,0,2025-03-29 23:13:01,157,0
session_1185,product_page,1,2025-03-29 23:14:07,66,5
session_1185,cart,2,2025-03-29 23:14:59,52,5
session_1185,checkout,3,2025-03-29 23:16:40,101,5
session_1186,home,0,2025-06-27 14:45:15,38,0
session_1186,product_page,1,2025-06-27 14:46:11,56,0
session_1187,home,0,2025-01-05 04:42:32,46,0
session_1187,product_page,1,2025-01-05 04:43:24,52,4
session_1187,cart,2,2025-01-05 04:45:48,144,4
session_1187,checkout,3,2025-01-05 04:48:08,140,4
session_1187,confirmation,4,2025-01-05 04:50:29,141,0
session_1188,home,0,2025-07-18 14:43:04,137,0
session_1188,product_page,1,2025-07-18 14:45:23,139,4
session_1189,home,0,2025-06-12 11:16:36,178,0
session_1189,product_page,1,2025-06-12 11:17:23,47,5
session_1190,home,0,2025-01-10 18:47:01,116,0
session_1190,product_page,1,2025-01-10 18:48:08,67,5
session_1191,home,0,2025-03-15 15:52:13,49,0
session_1191,product_page,1,2025-03-15 15:54:57,164,3
session_1192,home,0,2025-06-24 00:16:51,77,0
session_1192,product_page,1,2025-06-24 00:19:25,154,5
session_1192,cart,2,2025-06-24 00:20:51,86,5
session_1193,home,0,2025-02-16 02:29:55,168,0
session_1193,product_page,1,2025-02-16 02:32:15,140,1
session_1194,home,0,2025-08-31 21:10:50,127,0
session_1195,home,0,2025-04-27 07:16:17,69,0
session_1195,product_page,1,2025-04-27 07:18:04,107,3
session_1196,home,0,2025-04-28 07:28:36,158,0
session_1196,product_page,1,2025-04-28 07:30:28,112,1
session_1196,cart,2,2025-04-28 07:31:09,41,1
session_1196,checkout,3,2025-04-28 07:32:45,96,1
session_1196,confirmation,4,2025-04-28 07:34:04,79,0
session_1197,home,0,2025-01-27 04:36:16,102,0
session_1197,product_page,1,2025-01-27 04:37:09,53,0
session_1197,cart,2,2025-01-27 04:39:46,157,0
session_1197,checkout,3,2025-01-27 04:40:56,70,3
session_1197,confirmation,4,2025-01-27 04:43:07,131,0
session_1198,home,0,2025-07-17 00:47:16,178,0
session_1199,home,0,2025-05-03 18:49:12,175,0
session_1199,product_page,1,2025-05-03 18:50:16,64,0
session_1200,home,0,2025-02-16 18:25:02,174,0
session_1200,product_page,1,2025-02-16 18:26:14,72,0
session_1200,cart,2,2025-02-16 18:26:30,16,0
session_1201,home,0,2025-07-17 16:49:07,121,0
session_1201,product_page,1,2025-07-17 16:51:14,127,0
session_1201,cart,2,2025-07-17 16:52:11,57,0
session_1201,checkout,3,2025-07-17 16:55:02,171,1
session_1202,home,0,2025-02-02 04:53:46,149,0
session_1202,product_page,1,2025-02-02 04:55:44,118,1
session_1203,home,0,2025-07-02 07:21:53,121,0
session_1203,product_page,1,2025-07-02 07:22:38,45,5
session_1204,home,0,2025-05-27 00:07:26,101,0
session_1204,product_page,1,2025-05-27 00:09:24,118,4
session_1205,home,0,2025-01-20 09:49:13,49,0
session_1205,product_page,1,2025-01-20 09:51:24,131,2
session_1206,home,0,2025-06-19 10:29:08,136,0
session_1206,product_page,1,2025-06-19 10:31:55,167,0
session_1206,cart,2,2025-06-19 10:34:43,168,4
session_1206,checkout,3,2025-06-19 10:36:42,119,4
session_1206,confirmation,4,2025-06-19 10:38:08,86,0
session_1207,home,0,2025-01-27 02:08:52,84,0
session_1208,home,0,2025-03-06 02:46:16,81,0
session_1208,product_page,1,2025-03-06 02:49:06,170,2
session_1209,home,0,2025-08-26 22:39:00,161,0
session_1209,product_page,1,2025-08-26 22:41:48,168,0
session_1210,home,0,2025-02-06 08:56:31,58,0
session_1210,product_page,1,2025-02-06 08:56:51,20,5
session_1211,home,0,2025-01-26 03:41:34,172,0
session_1211,product_page,1,2025-01-26 03:41:58,24,4
session_1211,cart,2,2025-01-26 03:42:53,55,4
session_1211,checkout,3,2025-01-26 03:44:23,90,4
session_1211,confirmation,4,2025-01-26 03:45:26,63,0
session_1212,home,0,2025-05-21 23:01:38,43,0
session_1212,product_page,1,2025-05-21 23:02:11,33,0
session_1213,home,0,2025-03-17 22:46:26,152,0
session_1213,product_page,1,2025-03-17 22:48:58,152,4
session_1213,cart,2,2025-03-17 22:50:53,115,4
session_1213,checkout,3,2025-03-17 22:52:39,106,4
session_1213,confirmation,4,2025-03-17 22:53:13,34,0
session_1214,home,0,2025-01-09 16:59:51,15,0
session_1214,product_page,1,2025-01-09 17:01:37,106,2
session_1214,cart,2,2025-01-09 17:02:33,56,2
session_1214,checkout,3,2025-01-09 17:05:04,151,2
session_1214,confirmation,4,2025-01-09 17:05:44,40,0
session_1215,home,0,2025-05-16 09:11:23,73,0
session_1216,home,0,2025-04-25 06:22:57,108,0
session_1217,home,0,2025-02-01 13:58:46,27,0
session_1217,product_page,1,2025-02-01 14:00:27,101,1
session_1218,home,0,2025-08-03 08:27:38,58,0
session_1218,product_page,1,2025-08-03 08:29:43,125,3
session_1219,home,0,2025-03-24 21:31:13,158,0
session_1219,product_page,1,2025-03-24 21:31:50,37,0
session_1220,home,0,2025-07-02 16:54:21,41,0
session_1220,product_page,1,2025-07-02 16:54:48,27,0
session_1220,cart,2,2025-07-02 16:55:41,53,1
session_1221,home,0,2025-04-14 17:10:02,38,0
session_1222,home,0,2025-07-26 11:40:46,178,0
session_1223,home,0,2025-03-15 09:16:57,42,0
session_1223,product_page,1,2025-03-15 09:19:34,157,0
session_1224,home,0,2025-03-18 15:41:08,37,0
session_1224,product_page,1,2025-03-18 15:42:18,70,0
session_1225,home,0,2025-08-24 16:02:40,178,0
session_1225,product_page,1,2025-08-24 16:04:00,80,0
session_1226,home,0,2025-07-29 09:41:12,123,0
session_1226,product_page,1,2025-07-29 09:43:04,112,0
session_1226,cart,2,2025-07-29 09:45:44,160,1
session_1226,checkout,3,2025-07-29 09:48:21,157,1
session_1226,confirmation,4,2025-07-29 09:50:13,112,0
session_1227,home,0,2025-04-06 19:05:50,107,0
session_1227,product_page,1,2025-04-06 19:08:30,160,5
session_1227,cart,2,2025-04-06 19:09:16,46,5
session_1228,home,0,2025-01-15 03:55:56,58,0
session_1229,home,0,2025-06-22 06:15:35,119,0
session_1229,product_page,1,2025-06-22 06:18:16,161,1
session_1229,cart,2,2025-06-22 06:20:56,160,1
session_1229,checkout,3,2025-06-22 06:22:11,75,1
session_1229,confirmation,4,2025-06-22 06:24:57,166,0
session_1230,home,0,2025-02-22 02:53:12,23,0
session_1231,home,0,2025-03-09 21:17:05,139,0
session_1231,product_page,1,2025-03-09 21:18:25,80,0
session_1231,cart,2,2025-03-09 21:19:21,56,1
session_1231,checkout,3,2025-03-09 21:19:41,20,1
session_1231,confirmation,4,2025-03-09 21:20:30,49,0
session_1232,home,0,2025-03-19 08:04:42,119,0
session_1233,home,0,2025-05-19 02:32:27,167,0
session_1233,product_page,1,2025-05-19 02:33:24,57,4
session_1233,cart,2,2025-05-19 02:36:03,159,4
session_1233,checkout,3,2025-05-19 02:36:21,18,4
session_1233,confirmation,4,2025-05-19 02:37:46,85,0
session_1234,home,0,2025-03-14 21:22:07,122,0
session_1235,home,0,2025-01-28 14:39:57,96,0
session_1236,home,0,2025-01-30 18:47:51,59,0
session_1236,product_page,1,2025-01-30 18:48:37,46,0
session_1237,home,0,2025-08-10 06:22:11,82,0
session_1237,product_page,1,2025-08-10 06:24:04,113,5
session_1238,home,0,2025-05-01 08:19:55,120,0
session_1238,product_page,1,2025-05-01 08:21:51,116,4
session_1239,home,0,2025-07-06 05:35:55,88,0
session_1239,product_page,1,2025-07-06 05:37:51,116,0
session_1240,home,0,2025-03-12 16:16:50,117,0
session_1241,home,0,2025-02-02 03:56:14,138,0
session_1241,product_page,1,2025-02-02 03:57:39,85,0
session_1241,cart,2,2025-02-02 03:58:35,56,0
session_1241,checkout,3,2025-02-02 03:59:34,59,2
session_1242,home,0,2025-05-03 14:45:17,97,0
session_1242,product_page,1,2025-05-03 14:45:44,27,0
session_1243,home,0,2025-04-26 15:23:24,145,0
session_1243,product_page,1,2025-04-26 15:26:10,166,4
session_1243,cart,2,2025-04-26 15:28:46,156,4
session_1243,checkout,3,2025-04-26 15:30:37,111,4
session_1243,confirmation,4,2025-04-26 15:32:48,131,0
session_1244,home,0,2025-01-12 05:53:17,21,0
session_1245,home,0,2025-08-27 16:07:59,32,0
session_1246,home,0,2025-05-01 22:28:24,63,0
session_1247,home,0,2025-03-31 09:42:46,68,0
session_1247,product_page,1,2025-03-31 09:45:07,141,0
session_1247,cart,2,2025-03-31 09:47:50,163,0
session_1247,checkout,3,2025-03-31 09:50:11,141,1
session_1247,confirmation,4,2025-03-31 09:51:20,69,0
session_1248,home,0,2025-06-05 10:52:48,99,0
session_1248,product_page,1,2025-06-05 10:54:59,131,4
session_1249,home,0,2025-04-11 14:42:06,155,0
session_1249,product_page,1,2025-04-11 14:44:09,123,0
session_1250,home,0,2025-06-18 11:29:18,46,0
session_1250,product_page,1,2025-06-18 11:30:06,48,0
session_1251,home,0,2025-02-22 03:51:38,42,0
session_1251,product_page,1,2025-02-22 03:53:32,114,0
session_1252,home,0,2025-07-28 16:43:38,161,0
session_1253,home,0,2025-01-09 13:09:05,36,0
session_1253,product_page,1,2025-01-09 13:09:35,30,1
session_1253,cart,2,2025-01-09 13:10:05,30,1
session_1253,checkout,3,2025-01-09 13:11:06,61,1
session_1253,confirmation,4,2025-01-09 13:11:39,33,0
session_1254,home,0,2025-06-16 22:36:12,60,0
session_1254,product_page,1,2025-06-16 22:37:14,62,3
session_1254,cart,2,2025-06-16 22:39:07,113,3
session_1254,checkout,3,2025-06-16 22:40:29,82,3
session_1255,home,0,2025-03-25 10:22:55,105,0
session_1255,product_page,1,2025-03-25 10:24:34,99,0
session_1255,cart,2,2025-03-25 10:25:33,59,2
session_1256,home,0,2025-06-16 10:16:11,84,0
session_1256,product_page,1,2025-06-16 10:18:05,114,5
session_1257,home,0,2025-02-08 08:04:07,52,0
session_1257,product_page,1,2025-02-08 08:04:56,49,3
session_1257,cart,2,2025-02-08 08:06:46,110,3
session_1257,checkout,3,2025-02-08 08:09:40,174,3
session_1257,confirmation,4,2025-02-08 08:10:45,65,0
session_1258,home,0,2025-04-07 18:56:08,165,0
session_1258,product_page,1,2025-04-07 18:58:06,118,0
session_1259,home,0,2025-01-29 22:20:32,34,0
session_1259,product_page,1,2025-01-29 22:22:04,92,3
session_1259,cart,2,2025-01-29 22:24:01,117,3
session_1259,checkout,3,2025-01-29 22:26:51,170,3
session_1260,home,0,2025-07-12 14:24:09,148,0
session_1260,product_page,1,2025-07-12 14:26:57,168,1
session_1260,cart,2,2025-07-12 14:29:28,151,1
session_1260,checkout,3,2025-07-12 14:30:31,63,1
session_1261,home,0,2025-06-07 18:28:47,81,0
session_1261,product_page,1,2025-06-07 18:30:51,124,0
session_1262,home,0,2025-03-28 07:37:43,95,0
session_1262,product_page,1,2025-03-28 07:39:29,106,0
session_1262,cart,2,2025-03-28 07:41:41,132,0
session_1262,checkout,3,2025-03-28 07:42:23,42,2
session_1262,confirmation,4,2025-03-28 07:43:35,72,0
session_1263,home,0,2025-07-07 11:43:02,50,0
session_1263,product_page,1,2025-07-07 11:43:44,42,0
session_1264,home,0,2025-06-12 02:03:32,116,0
session_1264,product_page,1,2025-06-12 02:05:17,105,0
session_1265,home,0,2025-02-01 01:42:31,39,0
session_1265,product_page,1,2025-02-01 01:44:35,124,1
session_1265,cart,2,2025-02-01 01:45:00,25,1
session_1265,checkout,3,2025-02-01 01:47:38,158,1
session_1265,confirmation,4,2025-02-01 01:48:20,42,0
session_1266,home,0,2025-07-03 00:20:28,123,0
session_1266,product_page,1,2025-07-03 00:22:20,112,3
session_1266,cart,2,2025-07-03 00:24:19,119,3
session_1266,checkout,3,2025-07-03 00:26:15,116,3
session_1266,confirmation,4,2025-07-03 00:28:36,141,0
session_1267,home,0,2025-02-08 11:45:40,68,0
session_1267,product_page,1,2025-02-08 11:48:05,145,5
session_1268,home,0,2025-05-07 06:43:23,175,0
session_1268,product_page,1,2025-05-07 06:45:33,130,0
session_1269,home,0,2025-01-26 08:51:12,127,0
session_1270,home,0,2025-07-10 10:03:21,82,0
session_1270,product_page,1,2025-07-10 10:05:15,114,0
session_1271,home,0,2025-08-10 19:07:38,45,0
session_1271,product_page,1,2025-08-10 19:10:27,169,4
session_1272,home,0,2025-07-09 07:36:11,105,0
session_1272,product_page,1,2025-07-09 07:36:26,15,3
session_1272,cart,2,2025-07-09 07:37:34,68,3
session_1272,checkout,3,2025-07-09 07:38:09,35,3
session_1272,confirmation,4,2025-07-09 07:39:53,104,0
session_1273,home,0,2025-04-26 16:31:28,68,0
session_1273,product_page,1,2025-04-26 16:32:02,34,5
session_1273,cart,2,2025-04-26 16:33:57,115,5
session_1273,checkout,3,2025-04-26 16:35:19,82,5
session_1273,confirmation,4,2025-04-26 16:35:48,29,0
session_1274,home,0,2025-02-17 07:03:08,24,0
session_1275,home,0,2025-08-20 09:24:59,55,0
session_1276,home,0,2025-04-03 23:09:28,103,0
session_1276,product_page,1,2025-04-03 23:09:54,26,3
session_1276,cart,2,2025-04-03 23:10:18,24,3
session_1277,home,0,2025-08-10 22:16:49,98,0
session_1277,product_page,1,2025-08-10 22:19:32,163,0
session_1278,home,0,2025-07-15 18:42:34,27,0
session_1278,product_page,1,2025-07-15 18:43:36,62,0
session_1279,home,0,2025-06-27 11:06:39,132,0
session_1279,product_page,1,2025-06-27 11:08:23,104,0
session_1279,cart,2,2025-06-27 11:10:04,101,1
session_1279,checkout,3,2025-06-27 11:11:53,109,1
session_1279,confirmation,4,2025-06-27 11:12:36,43,0
session_1280,home,0,2025-08-28 22:40:19,133,0
session_1280,product_page,1,2025-08-28 22:42:04,105,2
session_1280,cart,2,2025-08-28 22:43:45,101,2
session_1281,home,0,2025-05-19 14:09:54,91,0
session_1282,home,0,2025-03-03 18:44:20,87,0
session_1282,product_page,1,2025-03-03 18:45:08,48,2
session_1282,cart,2,2025-03-03 18:45:31,23,2
session_1283,home,0,2025-08-16 16:09:20,26,0
session_1284,home,0,2025-02-16 18:32:21,177,0
session_1284,product_page,1,2025-02-16 18:33:20,59,1
session_1284,cart,2,2025-02-16 18:35:09,109,1
session_1284,checkout,3,2025-02-16 18:37:32,143,1
session_1284,confirmation,4,2025-02-16 18:37:47,15,0
session_1285,home,0,2025-06-15 13:01:29,106,0
session_1285,product_page,1,2025-06-15 13:04:20,171,5
session_1285,cart,2,2025-06-15 13:05:24,64,5
session_1285,checkout,3,2025-06-15 13:07:18,114,5
session_1285,confirmation,4,2025-06-15 13:08:07,49,0
session_1286,home,0,2025-01-02 00:02:16,161,0
session_1286,product_page,1,2025-01-02 00:03:24,68,4
session_1287,home,0,2025-02-09 21:52:43,95,0
session_1287,product_page,1,2025-02-09 21:54:12,89,4
session_1288,home,0,2025-03-26 12:28:57,63,0
session_1288,product_page,1,2025-03-26 12:29:42,45,0
session_1289,home,0,2025-01-29 10:14:01,164,0
session_1289,product_page,1,2025-01-29 10:15:37,96,3
session_1290,home,0,2025-06-20 07:43:31,34,0
session_1290,product_page,1,2025-06-20 07:45:20,109,4
session_1290,cart,2,2025-06-20 07:48:03,163,4
session_1291,home,0,2025-03-08 18:45:26,125,0
session_1291,product_page,1,2025-03-08 18:47:29,123,0
session_1291,cart,2,2025-03-08 18:49:46,137,3
session_1291,checkout,3,2025-03-08 18:51:26,100,3
session_1291,confirmation,4,2025-03-08 18:53:02,96,0
session_1292,home,0,2025-05-23 08:09:13,81,0
session_1292,product_page,1,2025-05-23 08:10:25,72,3
session_1292,cart,2,2025-05-23 08:11:51,86,3
session_1292,checkout,3,2025-05-23 08:12:29,38,3
session_1292,confirmation,4,2025-05-23 08:15:28,179,0
session_1293,home,0,2025-07-10 14:38:24,63,0
session_1293,product_page,1,2025-07-10 14:40:13,109,0
session_1293,cart,2,2025-07-10 14:41:51,98,4
session_1293,checkout,3,2025-07-10 14:42:20,29,4
session_1293,confirmation,4,2025-07-10 14:42:40,20,0
session_1294,home,0,2025-03-16 03:16:11,105,0
session_1294,product_page,1,2025-03-16 03:17:00,49,3
session_1295,home,0,2025-02-14 09:15:12,78,0
session_1295,product_page,1,2025-02-14 09:16:17,65,0
session_1296,home,0,2025-02-15 01:12:42,173,0
session_1297,home,0,2025-07-09 07:59:32,30,0
session_1297,product_page,1,2025-07-09 08:01:52,140,4
session_1298,home,0,2025-03-03 09:36:50,141,0
session_1298,product_page,1,2025-03-03 09:38:49,119,3
session_1298,cart,2,2025-03-03 09:40:26,97,3
session_1298,checkout,3,2025-03-03 09:43:02,156,3
session_1298,confirmation,4,2025-03-03 09:43:48,46,0
session_1299,home,0,2025-07-12 14:02:17,175,0
session_1299,product_page,1,2025-07-12 14:04:56,159,3
session_1300,home,0,2025-06-07 17:01:04,120,0
session_1301,home,0,2025-01-27 15:59:22,134,0
session_1301,product_page,1,2025-01-27 16:01:15,113,0
session_1301,cart,2,2025-01-27 16:01:46,31,0
session_1301,checkout,3,2025-01-27 16:03:33,107,3
session_1302,home,0,2025-04-07 10:07:26,125,0
session_1303,home,0,2025-07-04 16:56:33,139,0
session_1303,product_page,1,2025-07-04 16:59:02,149,0
session_1304,home,0,2025-06-06 02:08:40,42,0
session_1304,product_page,1,2025-06-06 02:09:53,73,0
session_1305,home,0,2025-07-03 21:03:26,143,0
session_1305,product_page,1,2025-07-03 21:05:15,109,0
session_1306,home,0,2025-04-05 20:14:10,79,0
session_1306,product_page,1,2025-04-05 20:14:29,19,4
session_1307,home,0,2025-02-10 07:24:45,98,0
session_1307,product_page,1,2025-02-10 07:27:13,148,3
session_1308,home,0,2025-05-31 09:08:19,77,0
session_1308,product_page,1,2025-05-31 09:09:46,87,5
session_1309,home,0,2025-04-11 06:37:42,117,0
session_1309,product_page,1,2025-04-11 06:40:04,142,2
session_1310,home,0,2025-06-23 07:07:59,66,0
session_1310,product_page,1,2025-06-23 07:09:19,80,0
session_1310,cart,2,2025-06-23 07:10:25,66,4
session_1311,home,0,2025-05-12 07:12:45,130,0
session_1311,product_page,1,2025-05-12 07:15:01,136,0
session_1311,cart,2,2025-05-12 07:17:12,131,1
session_1311,checkout,3,2025-05-12 07:18:23,71,1
session_1311,confirmation,4,2025-05-12 07:18:52,29,0
session_1312,home,0,2025-08-21 00:49:24,70,0
session_1312,product_page,1,2025-08-21 00:49:54,30,2
session_1312,cart,2,2025-08-21 00:52:54,180,2
session_1312,checkout,3,2025-08-21 00:55:47,173,2
session_1312,confirmation,4,2025-08-21 00:57:12,85,0
session_1313,home,0,2025-01-22 17:49:15,132,0
session_1314,home,0,2025-04-19 04:35:00,145,0
session_1314,product_page,1,2025-04-19 04:37:21,141,0
session_1315,home,0,2025-07-29 09:01:13,38,0
session_1316,home,0,2025-03-20 04:55:34,170,0
session_1316,product_page,1,2025-03-20 04:56:58,84,4
session_1317,home,0,2025-06-21 16:12:57,68,0
session_1317,product_page,1,2025-06-21 16:13:41,44,2
session_1318,home,0,2025-03-16 05:50:16,146,0
session_1318,product_page,1,2025-03-16 05:52:44,148,0
session_1319,home,0,2025-04-12 00:19:41,152,0
session_1319,product_page,1,2025-04-12 00:20:30,49,4
session_1319,cart,2,2025-04-12 00:23:28,178,4
session_1319,checkout,3,2025-04-12 00:25:51,143,4
session_1319,confirmation,4,2025-04-12 00:27:36,105,0
session_1320,home,0,2025-07-19 02:06:09,150,0
session_1320,product_page,1,2025-07-19 02:07:52,103,0
session_1321,home,0,2025-03-02 21:06:45,19,0
session_1321,product_page,1,2025-03-02 21:07:13,28,0
session_1321,cart,2,2025-03-02 21:09:26,133,0
session_1321,checkout,3,2025-03-02 21:10:20,54,1
session_1321,confirmation,4,2025-03-02 21:10:57,37,0
session_1322,home,0,2025-03-19 00:18:09,107,0
session_1322,product_page,1,2025-03-19 00:20:40,151,0
session_1322,cart,2,2025-03-19 00:21:09,29,2
session_1322,checkout,3,2025-03-19 00:22:29,80,2
session_1322,confirmation,4,2025-03-19 00:24:37,128,0
session_1323,home,0,2025-03-06 08:17:07,151,0
session_1324,home,0,2025-04-01 10:37:11,179,0
session_1324,product_page,1,2025-04-01 10:39:06,115,0
session_1325,home,0,2025-02-10 12:59:31,67,0
session_1325,product_page,1,2025-02-10 13:01:31,120,4
session_1326,home,0,2025-08-13 01:13:28,124,0
session_1327,home,0,2025-07-30 19:02:52,174,0
session_1328,home,0,2025-04-20 01:18:03,38,0
session_1329,home,0,2025-01-02 09:03:16,73,0
session_1330,home,0,2025-03-31 22:02:04,125,0
session_1331,home,0,2025-06-15 10:01:40,58,0
session_1331,product_page,1,2025-06-15 10:03:36,116,0
session_1331,cart,2,2025-06-15 10:04:32,56,1
session_1331,checkout,3,2025-06-15 10:04:56,24,1
session_1331,confirmation,4,2025-06-15 10:06:19,83,0
session_1332,home,0,2025-01-17 16:15:30,28,0
session_1332,product_page,1,2025-01-17 16:17:16,106,1
session_1333,home,0,2025-07-16 23:12:31,23,0
session_1333,product_page,1,2025-07-16 23:13:16,45,1
session_1333,cart,2,2025-07-16 23:15:54,158,1
session_1333,checkout,3,2025-07-16 23:16:17,23,1
session_1333,confirmation,4,2025-07-16 23:17:33,76,0
session_1334,home,0,2025-07-31 09:07:55,51,0
session_1334,product_page,1,2025-07-31 09:08:45,50,0
session_1334,cart,2,2025-07-31 09:10:50,125,2
session_1334,checkout,3,2025-07-31 09:13:07,137,2
session_1334,confirmation,4,2025-07-31 09:15:10,123,0
session_1335,home,0,2025-05-03 14:19:28,61,0
session_1335,product_page,1,2025-05-03 14:21:13,105,5
session_1335,cart,2,2025-05-03 14:22:20,67,5
session_1335,checkout,3,2025-05-03 14:23:39,79,5
session_1335,confirmation,4,2025-05-03 14:26:11,152,0
session_1336,home,0,2025-04-17 07:00:17,76,0
session_1336,product_page,1,2025-04-17 07:02:57,160,3
session_1337,home,0,2025-03-23 00:39:30,170,0
session_1338,home,0,2025-05-03 06:08:28,171,0
session_1338,product_page,1,2025-05-03 06:09:06,38,0
session_1338,cart,2,2025-05-03 06:11:26,140,0
session_1338,checkout,3,2025-05-03 06:12:20,54,3
session_1339,home,0,2025-07-23 23:45:45,59,0
session_1339,product_page,1,2025-07-23 23:47:33,108,5
session_1339,cart,2,2025-07-23 23:48:26,53,5
session_1340,home,0,2025-03-11 19:55:02,71,0
session_1340,product_page,1,2025-03-11 19:56:39,97,2
session_1340,cart,2,2025-03-11 19:59:27,168,2
session_1340,checkout,3,2025-03-11 20:02:12,165,2
session_1340,confirmation,4,2025-03-11 20:03:37,85,0
session_1341,home,0,2025-02-19 05:43:19,43,0
session_1341,product_page,1,2025-02-19 05:45:43,144,0
session_1341,cart,2,2025-02-19 05:47:30,107,4
session_1342,home,0,2025-01-27 14:01:49,107,0
session_1342,product_page,1,2025-01-27 14:03:09,80,0
session_1342,cart,2,2025-01-27 14:04:22,73,3
session_1342,checkout,3,2025-01-27 14:06:34,132,3
session_1342,confirmation,4,2025-01-27 14:07:00,26,0
session_1343,home,0,2025-01-26 20:42:42,135,0
session_1343,product_page,1,2025-01-26 20:43:27,45,1
session_1344,home,0,2025-03-11 14:03:32,99,0
session_1344,product_page,1,2025-03-11 14:04:05,33,0
session_1344,cart,2,2025-03-11 14:06:37,152,0
session_1344,checkout,3,2025-03-11 14:08:31,114,1
session_1344,confirmation,4,2025-03-11 14:10:01,90,0
session_1345,home,0,2025-02-11 03:55:31,36,0
session_1345,product_page,1,2025-02-11 03:57:30,119,4
session_1346,home,0,2025-06-03 09:18:50,56,0
session_1346,product_page,1,2025-06-03 09:21:46,176,4
session_1347,home,0,2025-08-24 12:15:38,180,0
session_1347,product_page,1,2025-08-24 12:15:55,17,1
session_1348,home,0,2025-02-11 15:04:37,97,0
session_1349,home,0,2025-07-19 16:50:09,62,0
session_1349,product_page,1,2025-07-19 16:51:22,73,0
session_1350,home,0,2025-07-28 04:16:10,54,0
session_1350,product_page,1,2025-07-28 04:16:46,36,3
session_1350,cart,2,2025-07-28 04:19:02,136,3
session_1350,checkout,3,2025-07-28 04:20:02,60,3
session_1350,confirmation,4,2025-07-28 04:20:22,20,0
session_1351,home,0,2025-01-10 12:41:59,98,0
session_1351,product_page,1,2025-01-10 12:44:42,163,5
session_1352,home,0,2025-05-05 05:14:12,83,0
session_1352,product_page,1,2025-05-05 05:16:07,115,2
session_1353,home,0,2025-02-23 08:32:05,99,0
session_1353,product_page,1,2025-02-23 08:33:47,102,4
session_1354,home,0,2025-03-07 12:37:27,170,0
session_1354,product_page,1,2025-03-07 12:37:47,20,5
session_1355,home,0,2025-07-11 22:07:56,151,0
session_1356,home,0,2025-04-07 06:05:11,82,0
session_1357,home,0,2025-05-27 23:12:39,39,0
session_1357,product_page,1,2025-05-27 23:14:15,96,4
session_1358,home,0,2025-01-16 13:38:27,24,0
session_1358,product_page,1,2025-01-16 13:38:53,26,2
session_1359,home,0,2025-04-08 05:57:38,95,0
session_1359,product_page,1,2025-04-08 05:59:28,110,5
session_1360,home,0,2025-05-20 11:52:19,23,0
session_1360,product_page,1,2025-05-20 11:52:43,24,3
session_1361,home,0,2025-05-26 21:13:48,154,0
session_1362,home,0,2025-08-09 12:51:06,147,0
session_1362,product_page,1,2025-08-09 12:52:56,110,5
session_1363,home,0,2025-04-27 15:13:16,125,0
session_1363,product_page,1,2025-04-27 15:14:28,72,4
session_1364,home,0,2025-08-05 05:36:08,89,0
session_1364,product_page,1,2025-08-05 05:36:39,31,1
session_1365,home,0,2025-07-23 04:07:42,173,0
session_1365,product_page,1,2025-07-23 04:09:42,120,1
session_1366,home,0,2025-08-12 20:14:47,76,0
session_1366,product_page,1,2025-08-12 20:16:11,84,3
session_1367,home,0,2025-07-26 06:13:12,104,0
session_1367,product_page,1,2025-07-26 06:13:52,40,0
session_1368,home,0,2025-06-17 08:23:01,93,0
session_1369,home,0,2025-07-11 14:51:53,118,0
session_1369,product_page,1,2025-07-11 14:53:11,78,5
session_1369,cart,2,2025-07-11 14:55:03,112,5
session_1369,checkout,3,2025-07-11 14:56:30,87,5
session_1369,confirmation,4,2025-07-11 14:58:24,114,0
session_1370,home,0,2025-07-09 22:20:01,74,0
session_1370,product_page,1,2025-07-09 22:20:21,20,0
session_1371,home,0,2025-08-13 09:50:20,107,0
session_1371,product_page,1,2025-08-13 09:52:12,112,1
session_1372,home,0,2025-04-27 20:24:00,128,0
session_1373,home,0,2025-05-28 18:30:28,116,0
session_1373,product_page,1,2025-05-28 18:33:11,163,1
session_1374,home,0,2025-05-07 14:49:17,62,0
session_1375,home,0,2025-06-22 03:48:44,43,0
session_1375,product_page,1,2025-06-22 03:50:24,100,0
session_1375,cart,2,2025-06-22 03:51:57,93,5
session_1375,checkout,3,2025-06-22 03:54:39,162,5
session_1375,confirmation,4,2025-06-22 03:54:57,18,0
session_1376,home,0,2025-04-13 14:12:45,128,0
session_1377,home,0,2025-03-10 12:14:14,93,0
session_1377,product_page,1,2025-03-10 12:16:47,153,0
session_1378,home,0,2025-06-06 05:49:28,65,0
session_1378,product_page,1,2025-06-06 05:50:21,53,0
session_1379,home,0,2025-02-17 03:19:21,37,0
session_1379,product_page,1,2025-02-17 03:21:51,150,1
session_1379,cart,2,2025-02-17 03:23:23,92,1
session_1380,home,0,2025-01-10 19:22:06,131,0
session_1380,product_page,1,2025-01-10 19:22:48,42,0
session_1381,home,0,2025-06-14 17:30:28,75,0
session_1381,product_page,1,2025-06-14 17:31:00,32,4
session_1382,home,0,2025-01-31 08:56:53,84,0
session_1382,product_page,1,2025-01-31 08:59:40,167,4
session_1383,home,0,2025-02-15 23:10:00,173,0
session_1383,product_page,1,2025-02-15 23:12:14,134,3
session_1384,home,0,2025-05-03 18:00:33,64,0
session_1384,product_page,1,2025-05-03 18:02:25,112,2
session_1385,home,0,2025-06-24 02:06:49,141,0
session_1386,home,0,2025-05-17 06:41:46,131,0
session_1386,product_page,1,2025-05-17 06:43:25,99,2
session_1386,cart,2,2025-05-17 06:45:05,100,2
session_1387,home,0,2025-06-25 23:05:35,92,0
session_1387,product_page,1,2025-06-25 23:06:32,57,5
session_1388,home,0,2025-07-21 17:43:16,115,0
session_1388,product_page,1,2025-07-21 17:44:03,47,1
session_1389,home,0,2025-02-13 23:54:39,66,0
session_1389,product_page,1,2025-02-13 23:56:01,82,3
session_1389,cart,2,2025-02-13 23:58:40,159,3
session_1389,checkout,3,2025-02-14 00:00:54,134,3
session_1389,confirmation,4,2025-02-14 00:03:26,152,0
session_1390,home,0,2025-08-09 15:08:36,154,0
session_1391,home,0,2025-08-14 12:31:34,92,0
session_1391,product_page,1,2025-08-14 12:32:37,63,0
session_1392,home,0,2025-06-11 10:44:40,110,0
session_1392,product_page,1,2025-06-11 10:46:24,104,0
session_1393,home,0,2025-08-14 12:19:04,107,0
session_1393,product_page,1,2025-08-14 12:20:05,61,4
session_1393,cart,2,2025-08-14 12:22:12,127,4
session_1393,checkout,3,2025-08-14 12:22:31,19,4
session_1393,confirmation,4,2025-08-14 12:24:30,119,0
session_1394,home,0,2025-06-04 11:21:41,133,0
session_1394,product_page,1,2025-06-04 11:23:02,81,1
session_1395,home,0,2025-04-24 16:36:44,92,0
session_1395,product_page,1,2025-04-24 16:37:52,68,5
session_1396,home,0,2025-01-24 11:58:29,25,0
session_1396,product_page,1,2025-01-24 11:59:56,87,0
session_1397,home,0,2025-05-20 06:52:44,170,0
session_1397,product_page,1,2025-05-20 06:54:07,83,0
session_1398,home,0,2025-06-24 17:33:14,82,0
session_1398,product_page,1,2025-06-24 17:34:35,81,4
session_1398,cart,2,2025-06-24 17:36:16,101,4
session_1399,home,0,2025-02-01 20:49:41,99,0
session_1399,product_page,1,2025-02-01 20:51:54,133,0
session_1400,home,0,2025-02-23 15:35:23,109,0
session_1400,product_page,1,2025-02-23 15:38:17,174,0
session_1401,home,0,2025-08-29 01:13:02,107,0
session_1402,home,0,2025-06-09 01:11:20,172,0
session_1402,product_page,1,2025-06-09 01:13:42,142,3
session_1403,home,0,2025-02-19 06:57:48,174,0
session_1403,product_page,1,2025-02-19 06:58:17,29,0
session_1404,home,0,2025-01-26 11:22:52,133,0
session_1404,product_page,1,2025-01-26 11:24:20,88,0
session_1405,home,0,2025-04-26 05:52:55,98,0
session_1405,product_page,1,2025-04-26 05:55:09,134,0
session_1405,cart,2,2025-04-26 05:57:58,169,3
session_1406,home,0,2025-04-21 17:05:00,132,0
session_1406,product_page,1,2025-04-21 17:07:34,154,1
session_1406,cart,2,2025-04-21 17:10:21,167,1
session_1406,checkout,3,2025-04-21 17:11:18,57,1
session_1406,confirmation,4,2025-04-21 17:12:37,79,0
session_1407,home,0,2025-08-22 00:23:06,72,0
session_1407,product_page,1,2025-08-22 00:24:39,93,5
session_1408,home,0,2025-01-26 10:09:14,109,0
session_1408,product_page,1,2025-01-26 10:11:33,139,3
session_1409,home,0,2025-03-22 10:24:27,172,0
session_1409,product_page,1,2025-03-22 10:26:53,146,0
session_1410,home,0,2025-07-27 20:04:08,48,0
session_1411,home,0,2025-01-21 16:14:20,145,0
session_1412,home,0,2025-01-15 20:45:17,125,0
session_1412,product_page,1,2025-01-15 20:47:39,142,5
session_1413,home,0,2025-07-27 11:42:07,65,0
session_1413,product_page,1,2025-07-27 11:44:45,158,4
session_1414,home,0,2025-04-25 05:26:53,152,0
session_1414,product_page,1,2025-04-25 05:28:42,109,0
session_1415,home,0,2025-05-15 02:02:10,50,0
session_1415,product_page,1,2025-05-15 02:05:01,171,0
session_1415,cart,2,2025-05-15 02:06:15,74,4
session_1415,checkout,3,2025-05-15 02:07:30,75,4
session_1415,confirmation,4,2025-05-15 02:08:13,43,0
session_1416,home,0,2025-01-14 14:53:38,164,0
session_1416,product_page,1,2025-01-14 14:55:31,113,1
session_1417,home,0,2025-08-25 20:57:50,154,0
session_1417,product_page,1,2025-08-25 20:59:39,109,0
session_1417,cart,2,2025-08-25 21:02:36,177,0
session_1417,checkout,3,2025-08-25 21:03:26,50,1
session_1418,home,0,2025-04-26 08:12:26,147,0
session_1418,product_page,1,2025-04-26 08:14:49,143,5
session_1419,home,0,2025-06-04 06:56:13,89,0
session_1419,product_page,1,2025-06-04 06:56:58,45,0
session_1420,home,0,2025-02-05 08:27:39,113,0
session_1420,product_page,1,2025-02-05 08:28:25,46,0
session_1421,home,0,2025-08-22 06:06:40,179,0
session_1421,product_page,1,2025-08-22 06:07:13,33,0
session_1421,cart,2,2025-08-22 06:08:35,82,1
session_1422,home,0,2025-08-20 10:41:52,144,0
session_1422,product_page,1,2025-08-20 10:42:13,21,2
session_1423,home,0,2025-08-01 07:58:05,125,0
session_1423,product_page,1,2025-08-01 08:00:47,162,2
session_1424,home,0,2025-07-19 20:48:34,58,0
session_1424,product_page,1,2025-07-19 20:50:43,129,0
session_1424,cart,2,2025-07-19 20:51:56,73,0
session_1424,checkout,3,2025-07-19 20:54:06,130,1
session_1424,confirmation,4,2025-07-19 20:56:56,170,0
session_1425,home,0,2025-03-02 18:24:21,25,0
session_1426,home,0,2025-01-09 10:15:17,65,0
session_1426,product_page,1,2025-01-09 10:17:35,138,5
session_1427,home,0,2025-05-14 15:05:19,87,0
session_1428,home,0,2025-01-07 14:34:36,53,0
session_1428,product_page,1,2025-01-07 14:35:34,58,0
session_1428,cart,2,2025-01-07 14:38:22,168,4
session_1429,home,0,2025-01-31 14:46:37,177,0
session_1430,home,0,2025-03-15 08:09:17,29,0
session_1430,product_page,1,2025-03-15 08:11:43,146,2
session_1430,cart,2,2025-03-15 08:14:07,144,2
session_1430,checkout,3,2025-03-15 08:15:59,112,2
session_1431,home,0,2025-04-22 16:25:03,177,0
session_1431,product_page,1,2025-04-22 16:27:19,136,5
session_1432,home,0,2025-02-28 13:19:22,40,0
session_1432,product_page,1,2025-02-28 13:22:06,164,0
session_1433,home,0,2025-06-10 21:25:03,62,0
session_1433,product_page,1,2025-06-10 21:26:24,81,0
session_1433,cart,2,2025-06-10 21:28:12,108,0
session_1433,checkout,3,2025-06-10 21:29:36,84,2
session_1433,confirmation,4,2025-06-10 21:30:32,56,0
session_1434,home,0,2025-03-16 12:15:44,147,0
session_1434,product_page,1,2025-03-16 12:16:39,55,3
session_1434,cart,2,2025-03-16 12:17:48,69,3
session_1435,home,0,2025-01-08 14:41:19,64,0
session_1435,product_page,1,2025-01-08 14:42:26,67,1
session_1436,home,0,2025-06-21 11:47:57,78,0
session_1436,product_page,1,2025-06-21 11:49:39,102,1
session_1437,home,0,2025-06-11 07:04:03,77,0
session_1437,product_page,1,2025-06-11 07:04:51,48,3
session_1437,cart,2,2025-06-11 07:07:43,172,3
session_1437,checkout,3,2025-06-11 07:09:13,90,3
session_1438,home,0,2025-03-15 14:50:07,165,0
session_1438,product_page,1,2025-03-15 14:50:33,26,2
session_1439,home,0,2025-03-06 03:24:38,59,0
session_1440,home,0,2025-05-02 19:32:53,37,0
session_1441,home,0,2025-08-06 14:39:19,16,0
session_1442,home,0,2025-04-12 20:04:28,177,0
session_1442,product_page,1,2025-04-12 20:06:54,146,0
session_1442,cart,2,2025-04-12 20:08:15,81,4
session_1442,checkout,3,2025-04-12 20:08:30,15,4
session_1442,confirmation,4,2025-04-12 20:10:02,92,0
session_1443,home,0,2025-05-31 19:17:10,130,0
session_1443,product_page,1,2025-05-31 19:19:52,162,5
session_1444,home,0,2025-01-28 03:40:23,162,0
session_1445,home,0,2025-03-23 11:07:28,53,0
session_1445,product_page,1,2025-03-23 11:09:39,131,0
session_1446,home,0,2025-06-19 15:42:51,157,0
session_1446,product_page,1,2025-06-19 15:43:31,40,5
session_1447,home,0,2025-02-12 20:03:29,17,0
session_1447,product_page,1,2025-02-12 20:04:44,75,3
session_1447,cart,2,2025-02-12 20:05:05,21,3
session_1448,home,0,2025-07-07 17:37:04,140,0
session_1448,product_page,1,2025-07-07 17:37:30,26,5
session_1449,home,0,2025-05-19 14:54:52,118,0
session_1449,product_page,1,2025-05-19 14:56:39,107,4
session_1449,cart,2,2025-05-19 14:57:10,31,4
session_1449,checkout,3,2025-05-19 14:58:26,76,4
session_1450,home,0,2025-04-22 23:38:33,154,0
session_1450,product_page,1,2025-04-22 23:39:17,44,0
session_1450,cart,2,2025-04-22 23:39:34,17,2
session_1450,checkout,3,2025-04-22 23:41:23,109,2
session_1450,confirmation,4,2025-04-22 23:43:11,108,0
session_1451,home,0,2025-05-31 06:31:15,78,0
session_1451,product_page,1,2025-05-31 06:33:36,141,0
session_1451,cart,2,2025-05-31 06:35:22,106,0
session_1452,home,0,2025-05-30 07:11:55,175,0
session_1452,product_page,1,2025-05-30 07:14:45,170,4
session_1453,home,0,2025-05-31 11:45:21,91,0
session_1453,product_page,1,2025-05-31 11:47:52,151,2
session_1454,home,0,2025-01-26 02:21:29,93,0
session_1454,product_page,1,2025-01-26 02:23:40,131,0
session_1455,home,0,2025-06-15 14:08:36,158,0
session_1455,product_page,1,2025-06-15 14:11:36,180,2
session_1455,cart,2,2025-06-15 14:12:25,49,2
session_1456,home,0,2025-01-23 02:13:18,98,0
session_1456,product_page,1,2025-01-23 02:15:16,118,4
session_1457,home,0,2025-07-21 05:13:31,163,0
session_1457,product_page,1,2025-07-21 05:14:33,62,1
session_1457,cart,2,2025-07-21 05:16:36,123,1
session_1457,checkout,3,2025-07-21 05:17:27,51,1
session_1457,confirmation,4,2025-07-21 05:19:32,125,0
session_1458,home,0,2025-07-17 12:42:47,29,0
session_1458,product_page,1,2025-07-17 12:44:44,117,0
session_1459,home,0,2025-07-05 17:59:38,67,0
session_1459,product_page,1,2025-07-05 18:01:41,123,0
session_1459,cart,2,2025-07-05 18:03:35,114,2
session_1459,checkout,3,2025-07-05 18:05:42,127,2
session_1459,confirmation,4,2025-07-05 18:08:16,154,0
session_1460,home,0,2025-06-14 19:56:38,166,0
session_1460,product_page,1,2025-06-14 19:58:15,97,0
session_1461,home,0,2025-05-05 19:55:09,99,0
session_1462,home,0,2025-01-14 23:53:49,84,0
session_1462,product_page,1,2025-01-14 23:55:40,111,0
session_1463,home,0,2025-03-19 09:27:42,180,0
session_1463,product_page,1,2025-03-19 09:30:12,150,0
session_1463,cart,2,2025-03-19 09:31:17,65,3
session_1463,checkout,3,2025-03-19 09:32:33,76,3
session_1463,confirmation,4,2025-03-19 09:34:33,120,0
session_1464,home,0,2025-06-14 17:26:46,59,0
session_1465,home,0,2025-04-23 00:40:57,25,0
session_1465,product_page,1,2025-04-23 00:42:26,89,0
session_1466,home,0,2025-01-29 17:56:06,50,0
session_1466,product_page,1,2025-01-29 17:56:51,45,0
session_1466,cart,2,2025-01-29 17:59:27,156,5
session_1467,home,0,2025-06-11 14:22:13,152,0
session_1467,product_page,1,2025-06-11 14:22:34,21,4
session_1468,home,0,2025-08-10 08:30:30,89,0
session_1468,product_page,1,2025-08-10 08:33:15,165,0
session_1468,cart,2,2025-08-10 08:33:41,26,5
session_1469,home,0,2025-04-18 18:39:04,119,0
session_1469,product_page,1,2025-04-18 18:40:14,70,0
session_1470,home,0,2025-04-05 11:15:33,131,0
session_1471,home,0,2025-02-25 05:13:27,138,0
session_1471,product_page,1,2025-02-25 05:15:52,145,0
session_1471,cart,2,2025-02-25 05:17:18,86,0
session_1471,checkout,3,2025-02-25 05:17:51,33,3
session_1471,confirmation,4,2025-02-25 05:19:52,121,0
session_1472,home,0,2025-08-01 17:47:35,45,0
session_1473,home,0,2025-01-10 06:09:53,20,0
session_1473,product_page,1,2025-01-10 06:11:35,102,5
session_1473,cart,2,2025-01-10 06:11:50,15,5
session_1473,checkout,3,2025-01-10 06:14:35,165,5
session_1473,confirmation,4,2025-01-10 06:15:23,48,0
session_1474,home,0,2025-02-08 05:43:42,139,0
session_1475,home,0,2025-01-25 21:55:00,91,0
session_1476,home,0,2025-07-09 12:14:52,55,0
session_1476,product_page,1,2025-07-09 12:16:34,102,0
session_1476,cart,2,2025-07-09 12:17:03,29,0
session_1476,checkout,3,2025-07-09 12:18:03,60,2
session_1476,confirmation,4,2025-07-09 12:19:08,65,0
session_1477,home,0,2025-05-02 18:48:31,46,0
session_1478,home,0,2025-05-21 09:40:39,83,0
session_1478,product_page,1,2025-05-21 09:42:40,121,0
session_1478,cart,2,2025-05-21 09:45:35,175,0
session_1479,home,0,2025-08-15 03:05:28,55,0
session_1479,product_page,1,2025-08-15 03:05:53,25,0
session_1480,home,0,2025-02-16 16:58:27,104,0
session_1481,home,0,2025-07-22 04:36:47,23,0
session_1481,product_page,1,2025-07-22 04:37:04,17,0
session_1482,home,0,2025-07-14 20:13:23,47,0
session_1482,product_page,1,2025-07-14 20:16:05,162,3
session_1482,cart,2,2025-07-14 20:17:54,109,3
session_1482,checkout,3,2025-07-14 20:20:32,158,3
session_1482,confirmation,4,2025-07-14 20:21:05,33,0
session_1483,home,0,2025-05-10 04:24:23,169,0
session_1483,product_page,1,2025-05-10 04:27:16,173,2
session_1484,home,0,2025-02-09 17:45:30,97,0
session_1484,product_page,1,2025-02-09 17:46:52,82,0
session_1485,home,0,2025-06-20 14:15:57,96,0
session_1485,product_page,1,2025-06-20 14:16:37,40,4
session_1486,home,0,2025-05-10 06:31:59,33,0
session_1486,product_page,1,2025-05-10 06:34:21,142,5
session_1486,cart,2,2025-05-10 06:34:38,17,5
session_1486,checkout,3,2025-05-10 06:35:36,58,5
session_1486,confirmation,4,2025-05-10 06:37:11,95,0
session_1487,home,0,2025-01-14 11:53:59,73,0
session_1487,product_page,1,2025-01-14 11:54:36,37,4
session_1487,cart,2,2025-01-14 11:55:53,77,4
session_1487,checkout,3,2025-01-14 11:56:50,57,4
session_1487,confirmation,4,2025-01-14 11:57:59,69,0
session_1488,home,0,2025-01-12 14:12:28,151,0
session_1488,product_page,1,2025-01-12 14:14:46,138,5
session_1488,cart,2,2025-01-12 14:15:27,41,5
session_1489,home,0,2025-05-31 01:34:14,143,0
session_1489,product_page,1,2025-05-31 01:35:17,63,4
session_1490,home,0,2025-03-11 23:23:56,141,0
session_1491,home,0,2025-06-03 23:29:17,170,0
session_1491,product_page,1,2025-06-03 23:31:09,112,0
session_1491,cart,2,2025-06-03 23:33:25,136,5
session_1491,checkout,3,2025-06-03 23:33:51,26,5
session_1491,confirmation,4,2025-06-03 23:36:30,159,0
session_1492,home,0,2025-04-15 07:36:46,24,0
session_1492,product_page,1,2025-04-15 07:37:38,52,1
session_1493,home,0,2025-08-17 12:12:12,75,0
session_1494,home,0,2025-06-12 15:52:15,135,0
session_1494,product_page,1,2025-06-12 15:52:30,15,0
session_1494,cart,2,2025-06-12 15:53:16,46,0
session_1495,home,0,2025-06-01 04:08:19,103,0
session_1495,product_page,1,2025-06-01 04:09:36,77,0
session_1496,home,0,2025-02-28 09:26:45,35,0
session_1496,product_page,1,2025-02-28 09:29:15,150,0
session_1497,home,0,2025-06-18 04:16:21,57,0
session_1498,home,0,2025-01-12 14:25:58,51,0
session_1498,product_page,1,2025-01-12 14:27:14,76,3
session_1498,cart,2,2025-01-12 14:29:36,142,3
session_1499,home,0,2025-06-26 17:52:41,158,0
session_1499,product_page,1,2025-06-26 17:54:40,119,1
session_1499,cart,2,2025-06-26 17:56:00,80,1
session_1500,home,0,2025-07-21 05:39:40,22,0
session_1500,product_page,1,2025-07-21 05:41:44,124,0
session_1501,home,0,2025-01-08 02:42:13,146,0
session_1501,product_page,1,2025-01-08 02:42:28,15,0
session_1502,home,0,2025-05-06 00:49:39,122,0
session_1502,product_page,1,2025-05-06 00:50:49,70,5
session_1503,home,0,2025-02-16 06:05:11,111,0
session_1504,home,0,2025-04-06 11:27:26,77,0
session_1504,product_page,1,2025-04-06 11:28:06,40,3
session_1505,home,0,2025-06-20 05:03:29,116,0
session_1506,home,0,2025-05-19 16:18:15,76,0
session_1507,home,0,2025-08-27 11:14:20,120,0
session_1507,product_page,1,2025-08-27 11:14:43,23,5
session_1508,home,0,2025-05-06 03:19:47,77,0
session_1508,product_page,1,2025-05-06 03:21:27,100,1
session_1508,cart,2,2025-05-06 03:21:57,30,1
session_1508,checkout,3,2025-05-06 03:22:20,23,1
session_1508,confirmation,4,2025-05-06 03:23:09,49,0
session_1509,home,0,2025-06-25 23:27:44,157,0
session_1509,product_page,1,2025-06-25 23:29:40,116,1
session_1510,home,0,2025-05-03 02:23:34,131,0
session_1510,product_page,1,2025-05-03 02:24:31,57,1
session_1510,cart,2,2025-05-03 02:24:53,22,1
session_1510,checkout,3,2025-05-03 02:26:46,113,1
session_1510,confirmation,4,2025-05-03 02:27:18,32,0
session_1511,home,0,2025-08-25 11:03:27,140,0
session_1511,product_page,1,2025-08-25 11:05:03,96,0
session_1512,home,0,2025-07-12 17:57:24,137,0
session_1512,product_page,1,2025-07-12 17:59:35,131,0
session_1513,home,0,2025-08-29 04:09:14,41,0
session_1513,product_page,1,2025-08-29 04:10:53,99,0
session_1514,home,0,2025-05-16 13:35:47,123,0
session_1514,product_page,1,2025-05-16 13:38:33,166,0
session_1515,home,0,2025-02-17 11:03:36,83,0
session_1515,product_page,1,2025-02-17 11:06:02,146,3
session_1515,cart,2,2025-02-17 11:08:05,123,3
session_1515,checkout,3,2025-02-17 11:10:06,121,3
session_1515,confirmation,4,2025-02-17 11:11:09,63,0
session_1516,home,0,2025-08-10 23:34:05,84,0
session_1516,product_page,1,2025-08-10 23:35:08,63,0
session_1516,cart,2,2025-08-10 23:36:37,89,0
session_1516,checkout,3,2025-08-10 23:37:09,32,3
session_1516,confirmation,4,2025-08-10 23:39:05,116,0
session_1517,home,0,2025-08-14 08:12:21,49,0
session_1517,product_page,1,2025-08-14 08:13:24,63,0
session_1517,cart,2,2025-08-14 08:16:05,161,0
session_1518,home,0,2025-06-03 04:23:36,120,0
session_1518,product_page,1,2025-06-03 04:24:18,42,0
session_1518,cart,2,2025-06-03 04:25:51,93,2
session_1519,home,0,2025-07-01 14:58:48,120,0
session_1519,product_page,1,2025-07-01 14:59:23,35,4
session_1520,home,0,2025-05-06 12:46:19,40,0
session_1520,product_page,1,2025-05-06 12:48:00,101,5
session_1520,cart,2,2025-05-06 12:50:33,153,5
session_1521,home,0,2025-02-17 16:38:38,136,0
session_1521,product_page,1,2025-02-17 16:38:55,17,3
session_1522,home,0,2025-06-14 22:06:49,35,0
session_1522,product_page,1,2025-06-14 22:08:37,108,3
session_1523,home,0,2025-01-05 12:05:14,179,0
session_1523,product_page,1,2025-01-05 12:06:50,96,2
session_1524,home,0,2025-04-15 04:40:41,80,0
session_1524,product_page,1,2025-04-15 04:42:28,107,2
session_1524,cart,2,2025-04-15 04:44:33,125,2
session_1524,checkout,3,2025-04-15 04:47:13,160,2
session_1524,confirmation,4,2025-04-15 04:49:50,157,0
session_1525,home,0,2025-08-09 15:14:03,33,0
session_1525,product_page,1,2025-08-09 15:14:27,24,0
session_1526,home,0,2025-05-12 10:30:00,174,0
session_1526,product_page,1,2025-05-12 10:31:36,96,0
session_1527,home,0,2025-06-28 01:21:30,94,0
session_1527,product_page,1,2025-06-28 01:21:53,23,0
session_1528,home,0,2025-01-31 22:02:50,66,0
session_1528,product_page,1,2025-01-31 22:03:49,59,3
session_1529,home,0,2025-06-25 09:09:07,84,0
session_1530,home,0,2025-05-10 12:46:21,133,0
session_1530,product_page,1,2025-05-10 12:49:02,161,0
session_1531,home,0,2025-04-27 17:59:27,152,0
session_1531,product_page,1,2025-04-27 18:00:24,57,0
session_1532,home,0,2025-03-05 23:41:29,175,0
session_1532,product_page,1,2025-03-05 23:42:27,58,1
session_1533,home,0,2025-04-25 22:13:34,49,0
session_1534,home,0,2025-06-26 17:14:55,82,0
session_1534,product_page,1,2025-06-26 17:17:47,172,5
session_1535,home,0,2025-08-03 08:51:59,125,0
session_1535,product_page,1,2025-08-03 08:54:35,156,0
session_1535,cart,2,2025-08-03 08:57:08,153,5
session_1535,checkout,3,2025-08-03 09:00:01,173,5
session_1535,confirmation,4,2025-08-03 09:02:51,170,0
session_1536,home,0,2025-01-23 17:07:03,147,0
session_1536,product_page,1,2025-01-23 17:09:37,154,0
session_1537,home,0,2025-02-15 19:43:45,93,0
session_1538,home,0,2025-02-06 18:26:36,90,0
session_1539,home,0,2025-05-02 04:47:30,99,0
session_1540,home,0,2025-06-02 05:50:01,123,0
session_1540,product_page,1,2025-06-02 05:51:50,109,0
session_1541,home,0,2025-04-21 18:03:19,116,0
session_1541,product_page,1,2025-04-21 18:04:42,83,5
session_1542,home,0,2025-04-20 09:43:02,135,0
session_1542,product_page,1,2025-04-20 09:44:50,108,0
session_1543,home,0,2025-01-18 14:55:45,160,0
session_1544,home,0,2025-06-20 20:59:59,174,0
session_1544,product_page,1,2025-06-20 21:02:38,159,0
session_1544,cart,2,2025-06-20 21:03:19,41,0
session_1545,home,0,2025-05-19 07:45:01,112,0
session_1545,product_page,1,2025-05-19 07:46:40,99,0
session_1546,home,0,2025-04-13 20:45:47,55,0
session_1546,product_page,1,2025-04-13 20:47:03,76,0
session_1547,home,0,2025-08-27 13:57:57,177,0
session_1547,product_page,1,2025-08-27 13:58:29,32,3
session_1547,cart,2,2025-08-27 13:59:42,73,3
session_1547,checkout,3,2025-08-27 14:02:04,142,3
session_1547,confirmation,4,2025-08-27 14:05:01,177,0
session_1548,home,0,2025-08-17 23:53:36,70,0
session_1549,home,0,2025-04-21 21:13:57,29,0
session_1549,product_page,1,2025-04-21 21:14:16,19,0
session_1549,cart,2,2025-04-21 21:16:17,121,4
session_1550,home,0,2025-07-25 04:21:11,175,0
session_1550,product_page,1,2025-07-25 04:23:13,122,0
session_1551,home,0,2025-05-01 09:11:43,83,0
session_1552,home,0,2025-01-15 06:43:37,131,0
session_1552,product_page,1,2025-01-15 06:45:15,98,0
session_1552,cart,2,2025-01-15 06:46:27,72,4
session_1552,checkout,3,2025-01-15 06:47:03,36,4
session_1553,home,0,2025-02-04 10:04:52,84,0
session_1553,product_page,1,2025-02-04 10:05:23,31,3
session_1553,cart,2,2025-02-04 10:07:51,148,3
session_1553,checkout,3,2025-02-04 10:09:46,115,3
session_1553,confirmation,4,2025-02-04 10:10:25,39,0
session_1554,home,0,2025-05-27 17:43:24,38,0
session_1554,product_page,1,2025-05-27 17:45:51,147,5
session_1554,cart,2,2025-05-27 17:48:05,134,5
session_1555,home,0,2025-07-21 10:22:02,101,0
session_1555,product_page,1,2025-07-21 10:22:46,44,0
session_1556,home,0,2025-07-28 14:20:27,106,0
session_1557,home,0,2025-01-29 13:55:30,118,0
session_1557,product_page,1,2025-01-29 13:56:11,41,0
session_1558,home,0,2025-04-13 05:00:01,131,0
session_1558,product_page,1,2025-04-13 05:01:05,64,1
session_1558,cart,2,2025-04-13 05:01:25,20,1
session_1559,home,0,2025-03-27 06:46:17,52,0
session_1559,product_page,1,2025-03-27 06:48:16,119,3
session_1559,cart,2,2025-03-27 06:49:23,67,3
session_1560,home,0,2025-01-06 16:18:21,43,0
session_1560,product_page,1,2025-01-06 16:20:30,129,5
session_1560,cart,2,2025-01-06 16:21:55,85,5
session_1561,home,0,2025-08-23 14:18:53,66,0
session_1561,product_page,1,2025-08-23 14:20:48,115,3
session_1561,cart,2,2025-08-23 14:22:54,126,3
session_1562,home,0,2025-05-11 03:37:43,46,0
session_1563,home,0,2025-03-25 01:57:07,90,0
session_1563,product_page,1,2025-03-25 01:59:47,160,4
session_1563,cart,2,2025-03-25 02:02:23,156,4
session_1563,checkout,3,2025-03-25 02:03:13,50,4
session_1563,confirmation,4,2025-03-25 02:03:52,39,0
session_1564,home,0,2025-01-07 16:11:47,161,0
session_1564,product_page,1,2025-01-07 16:12:37,50,5
session_1564,cart,2,2025-01-07 16:15:03,146,5
session_1564,checkout,3,2025-01-07 16:16:46,103,5
session_1564,confirmation,4,2025-01-07 16:18:47,121,0
session_1565,home,0,2025-04-17 00:29:02,165,0
session_1566,home,0,2025-06-16 22:29:33,175,0
session_1566,product_page,1,2025-06-16 22:31:25,112,0
session_1566,cart,2,2025-06-16 22:32:36,71,5
session_1566,checkout,3,2025-06-16 22:33:13,37,5
session_1566,confirmation,4,2025-06-16 22:34:36,83,0
session_1567,home,0,2025-04-03 15:57:13,42,0
session_1567,product_page,1,2025-04-03 15:59:39,146,0
session_1568,home,0,2025-08-12 12:57:02,132,0
session_1568,product_page,1,2025-08-12 12:57:37,35,0
session_1569,home,0,2025-06-10 10:33:51,162,0
session_1569,product_page,1,2025-06-10 10:35:51,120,4
session_1569,cart,2,2025-06-10 10:38:16,145,4
session_1569,checkout,3,2025-06-10 10:40:19,123,4
session_1569,confirmation,4,2025-06-10 10:41:44,85,0
session_1570,home,0,2025-03-20 19:38:30,121,0
session_1571,home,0,2025-06-24 23:16:08,162,0
session_1571,product_page,1,2025-06-24 23:16:36,28,0
session_1572,home,0,2025-03-29 22:03:02,180,0
session_1572,product_page,1,2025-03-29 22:04:48,106,0
session_1572,cart,2,2025-03-29 22:07:04,136,1
session_1572,checkout,3,2025-03-29 22:08:42,98,1
session_1572,confirmation,4,2025-03-29 22:10:00,78,0
session_1573,home,0,2025-06-09 06:17:17,31,0
session_1573,product_page,1,2025-06-09 06:19:14,117,5
session_1573,cart,2,2025-06-09 06:20:39,85,5
session_1573,checkout,3,2025-06-09 06:23:07,148,5
session_1573,confirmation,4,2025-06-09 06:25:06,119,0
session_1574,home,0,2025-06-17 09:29:58,97,0
session_1574,product_page,1,2025-06-17 09:31:04,66,5
session_1575,home,0,2025-02-22 21:59:37,121,0
session_1576,home,0,2025-06-24 00:17:16,63,0
session_1576,product_page,1,2025-06-24 00:17:32,16,4
session_1576,cart,2,2025-06-24 00:18:16,44,4
session_1576,checkout,3,2025-06-24 00:21:03,167,4
session_1576,confirmation,4,2025-06-24 00:22:26,83,0
session_1577,home,0,2025-04-15 08:18:50,65,0
session_1577,product_page,1,2025-04-15 08:20:10,80,0
session_1577,cart,2,2025-04-15 08:22:52,162,0
session_1577,checkout,3,2025-04-15 08:24:21,89,3
session_1578,home,0,2025-01-06 01:41:40,152,0
session_1579,home,0,2025-06-10 21:25:35,150,0
session_1579,product_page,1,2025-06-10 21:27:54,139,4
session_1580,home,0,2025-02-22 05:38:32,117,0
session_1580,product_page,1,2025-02-22 05:41:21,169,0
session_1581,home,0,2025-06-04 09:28:38,118,0
session_1581,product_page,1,2025-06-04 09:29:00,22,2
session_1582,home,0,2025-04-02 10:03:53,104,0
session_1583,home,0,2025-05-16 07:35:44,50,0
session_1584,home,0,2025-02-13 04:15:32,99,0
session_1584,product_page,1,2025-02-13 04:16:46,74,0
session_1584,cart,2,2025-02-13 04:18:14,88,5
session_1584,checkout,3,2025-02-13 04:19:06,52,5
session_1584,confirmation,4,2025-02-13 04:20:48,102,0
session_1585,home,0,2025-08-15 21:21:36,17,0
session_1586,home,0,2025-08-20 04:38:25,78,0
session_1587,home,0,2025-02-07 07:47:37,127,0
session_1587,product_page,1,2025-02-07 07:48:24,47,2
session_1588,home,0,2025-04-27 23:09:41,179,0
session_1588,product_page,1,2025-04-27 23:12:00,139,0
session_1589,home,0,2025-07-02 04:40:55,141,0
session_1589,product_page,1,2025-07-02 04:42:14,79,1
session_1590,home,0,2025-04-21 09:27:51,165,0
session_1591,home,0,2025-01-01 14:01:28,63,0
session_1592,home,0,2025-07-01 00:20:01,19,0
session_1592,product_page,1,2025-07-01 00:21:22,81,0
session_1592,cart,2,2025-07-01 00:21:42,20,2
session_1592,checkout,3,2025-07-01 00:22:07,25,2
session_1592,confirmation,4,2025-07-01 00:24:29,142,0
session_1593,home,0,2025-04-08 20:43:36,63,0
session_1593,product_page,1,2025-04-08 20:44:30,54,3
session_1593,cart,2,2025-04-08 20:47:18,168,3
session_1593,checkout,3,2025-04-08 20:48:25,67,3
session_1593,confirmation,4,2025-04-08 20:50:15,110,0
session_1594,home,0,2025-07-08 02:34:18,148,0
session_1594,product_page,1,2025-07-08 02:36:39,141,0
session_1595,home,0,2025-04-23 12:13:03,161,0
session_1595,product_page,1,2025-04-23 12:15:29,146,5
session_1595,cart,2,2025-04-23 12:17:41,132,5
session_1595,checkout,3,2025-04-23 12:19:48,127,5
session_1595,confirmation,4,2025-04-23 12:21:55,127,0
session_1596,home,0,2025-07-16 12:19:59,83,0
session_1596,product_page,1,2025-07-16 12:22:23,144,2
session_1597,home,0,2025-06-13 23:56:39,178,0
session_1597,product_page,1,2025-06-13 23:58:01,82,1
session_1597,cart,2,2025-06-13 23:58:25,24,1
session_1597,checkout,3,2025-06-14 00:00:13,108,1
session_1598,home,0,2025-03-19 01:40:34,22,0
session_1598,product_page,1,2025-03-19 01:42:36,122,0
session_1598,cart,2,2025-03-19 01:44:50,134,4
session_1598,checkout,3,2025-03-19 01:46:16,86,4
session_1598,confirmation,4,2025-03-19 01:48:31,135,0
session_1599,home,0,2025-06-29 15:35:32,159,0
session_1600,home,0,2025-01-20 21:42:17,16,0
session_1600,product_page,1,2025-01-20 21:45:08,171,3
session_1601,home,0,2025-08-05 10:06:57,125,0
session_1601,product_page,1,2025-08-05 10:07:21,24,3
session_1602,home,0,2025-01-10 21:25:16,132,0
session_1602,product_page,1,2025-01-10 21:27:50,154,0
session_1603,home,0,2025-01-20 18:42:14,160,0
session_1603,product_page,1,2025-01-20 18:42:31,17,2
session_1603,cart,2,2025-01-20 18:43:20,49,2
session_1603,checkout,3,2025-01-20 18:44:35,75,2
session_1603,confirmation,4,2025-01-20 18:44:52,17,0
session_1604,home,0,2025-06-15 15:32:03,95,0
session_1604,product_page,1,2025-06-15 15:33:27,84,4
session_1605,home,0,2025-06-16 13:37:35,24,0
session_1605,product_page,1,2025-06-16 13:39:17,102,5
session_1605,cart,2,2025-06-16 13:42:09,172,5
session_1605,checkout,3,2025-06-16 13:43:37,88,5
session_1605,confirmation,4,2025-06-16 13:46:02,145,0
session_1606,home,0,2025-05-24 17:54:17,82,0
session_1606,product_page,1,2025-05-24 17:56:21,124,3
session_1607,home,0,2025-02-12 01:44:58,18,0
session_1608,home,0,2025-07-23 15:54:54,57,0
session_1609,home,0,2025-03-27 08:38:51,135,0
session_1609,product_page,1,2025-03-27 08:41:41,170,1
session_1610,home,0,2025-04-09 02:37:25,82,0
session_1610,product_page,1,2025-04-09 02:39:09,104,0
session_1610,cart,2,2025-04-09 02:41:01,112,0
session_1611,home,0,2025-04-26 03:48:45,22,0
session_1611,product_page,1,2025-04-26 03:50:00,75,3
session_1611,cart,2,2025-04-26 03:52:41,161,3
session_1611,checkout,3,2025-04-26 03:52:56,15,3
session_1611,confirmation,4,2025-04-26 03:54:37,101,0
session_1612,home,0,2025-03-21 17:45:52,117,0
session_1612,product_page,1,2025-03-21 17:48:28,156,0
session_1613,home,0,2025-02-25 14:20:21,19,0
session_1613,product_page,1,2025-02-25 14:21:06,45,0
session_1614,home,0,2025-07-10 05:48:25,60,0
session_1614,product_page,1,2025-07-10 05:49:53,88,2
session_1615,home,0,2025-01-22 17:11:07,16,0
session_1615,product_page,1,2025-01-22 17:13:08,121,5
session_1616,home,0,2025-07-16 08:33:56,39,0
session_1616,product_page,1,2025-07-16 08:36:43,167,0
session_1616,cart,2,2025-07-16 08:37:35,52,1
session_1616,checkout,3,2025-07-16 08:38:25,50,1
session_1616,confirmation,4,2025-07-16 08:40:45,140,0
session_1617,home,0,2025-04-06 15:18:36,17,0
session_1618,home,0,2025-04-18 04:15:40,69,0
session_1618,product_page,1,2025-04-18 04:17:14,94,3
session_1618,cart,2,2025-04-18 04:19:36,142,3
session_1618,checkout,3,2025-04-18 04:20:44,68,3
session_1618,confirmation,4,2025-04-18 04:21:09,25,0
session_1619,home,0,2025-02-25 17:05:41,35,0
session_1619,product_page,1,2025-02-25 17:07:26,105,0
session_1620,home,0,2025-07-12 00:28:34,81,0
session_1620,product_page,1,2025-07-12 00:30:26,112,0
session_1621,home,0,2025-03-19 22:05:18,70,0
session_1621,product_page,1,2025-03-19 22:05:54,36,5
session_1621,cart,2,2025-03-19 22:06:26,32,5
session_1621,checkout,3,2025-03-19 22:08:07,101,5
session_1621,confirmation,4,2025-03-19 22:08:51,44,0
session_1622,home,0,2025-08-14 21:58:04,118,0
session_1622,product_page,1,2025-08-14 21:58:25,21,0
session_1623,home,0,2025-02-26 17:38:37,115,0
session_1623,product_page,1,2025-02-26 17:41:18,161,5
session_1624,home,0,2025-04-18 13:06:56,154,0
session_1624,product_page,1,2025-04-18 13:08:41,105,1
session_1624,cart,2,2025-04-18 13:10:11,90,1
session_1624,checkout,3,2025-04-18 13:11:56,105,1
session_1624,confirmation,4,2025-04-18 13:14:29,153,0
session_1625,home,0,2025-08-21 20:20:28,68,0
session_1626,home,0,2025-08-15 11:50:44,151,0
session_1626,product_page,1,2025-08-15 11:53:30,166,1
session_1627,home,0,2025-05-12 04:48:22,74,0
session_1627,product_page,1,2025-05-12 04:49:10,48,0
session_1628,home,0,2025-04-07 02:28:41,138,0
session_1628,product_page,1,2025-04-07 02:31:09,148,5
session_1629,home,0,2025-01-09 06:22:07,56,0
session_1629,product_page,1,2025-01-09 06:23:44,97,4
session_1630,home,0,2025-04-12 16:02:51,24,0
session_1630,product_page,1,2025-04-12 16:04:08,77,3
session_1630,cart,2,2025-04-12 16:04:45,37,3
session_1630,checkout,3,2025-04-12 16:05:26,41,3
session_1630,confirmation,4,2025-04-12 16:07:34,128,0
session_1631,home,0,2025-07-08 04:36:04,22,0
session_1631,product_page,1,2025-07-08 04:38:31,147,5
session_1632,home,0,2025-07-20 12:15:06,112,0
session_1632,product_page,1,2025-07-20 12:16:05,59,2
session_1632,cart,2,2025-07-20 12:17:03,58,2
session_1633,home,0,2025-08-09 23:49:34,94,0
session_1633,product_page,1,2025-08-09 23:52:02,148,0
session_1634,home,0,2025-01-06 12:56:39,132,0
session_1635,home,0,2025-06-06 08:56:52,68,0
session_1635,product_page,1,2025-06-06 08:57:14,22,3
session_1635,cart,2,2025-06-06 08:58:00,46,3
session_1636,home,0,2025-03-07 06:08:42,130,0
session_1636,product_page,1,2025-03-07 06:09:56,74,0
session_1636,cart,2,2025-03-07 06:12:13,137,4
session_1636,checkout,3,2025-03-07 06:13:59,106,4
session_1636,confirmation,4,2025-03-07 06:14:18,19,0
session_1637,home,0,2025-07-08 02:44:38,48,0
session_1637,product_page,1,2025-07-08 02:45:51,73,0
session_1638,home,0,2025-01-16 22:33:50,166,0
session_1638,product_page,1,2025-01-16 22:35:54,124,0
session_1639,home,0,2025-03-09 15:45:16,17,0
session_1639,product_page,1,2025-03-09 15:47:15,119,4
session_1639,cart,2,2025-03-09 15:48:13,58,4
session_1639,checkout,3,2025-03-09 15:49:02,49,4
session_1639,confirmation,4,2025-03-09 15:50:25,83,0
session_1640,home,0,2025-04-20 03:17:42,107,0
session_1640,product_page,1,2025-04-20 03:18:24,42,3
session_1640,cart,2,2025-04-20 03:21:06,162,3
session_1640,checkout,3,2025-04-20 03:23:00,114,3
session_1640,confirmation,4,2025-04-20 03:24:46,106,0
session_1641,home,0,2025-03-31 04:15:25,155,0
session_1641,product_page,1,2025-03-31 04:16:54,89,0
session_1642,home,0,2025-07-11 22:33:41,102,0
session_1642,product_page,1,2025-07-11 22:35:22,101,0
session_1643,home,0,2025-03-22 01:37:40,141,0
session_1643,product_page,1,2025-03-22 01:38:31,51,0
session_1644,home,0,2025-06-05 03:49:40,114,0
session_1644,product_page,1,2025-06-05 03:51:28,108,3
session_1645,home,0,2025-02-02 17:35:53,125,0
session_1645,product_page,1,2025-02-02 17:37:37,104,0
session_1645,cart,2,2025-02-02 17:39:21,104,0
session_1645,checkout,3,2025-02-02 17:40:12,51,1
session_1645,confirmation,4,2025-02-02 17:42:40,148,0
session_1646,home,0,2025-05-19 18:38:52,31,0
session_1647,home,0,2025-01-21 15:50:03,31,0
session_1647,product_page,1,2025-01-21 15:52:10,127,2
session_1648,home,0,2025-01-09 22:21:30,91,0
session_1648,product_page,1,2025-01-09 22:23:58,148,3
session_1649,home,0,2025-03-16 00:33:43,105,0
session_1649,product_page,1,2025-03-16 00:36:33,170,1
session_1650,home,0,2025-08-19 10:18:10,80,0
session_1650,product_page,1,2025-08-19 10:20:58,168,3
session_1650,cart,2,2025-08-19 10:21:43,45,3
session_1651,home,0,2025-01-02 15:53:28,176,0
session_1651,product_page,1,2025-01-02 15:55:24,116,0
session_1652,home,0,2025-03-15 16:20:43,99,0
session_1652,product_page,1,2025-03-15 16:21:04,21,0
session_1652,cart,2,2025-03-15 16:22:21,77,2
session_1652,checkout,3,2025-03-15 16:23:59,98,2
session_1652,confirmation,4,2025-03-15 16:26:22,143,0
session_1653,home,0,2025-05-02 17:48:38,81,0
session_1653,product_page,1,2025-05-02 17:50:45,127,4
session_1653,cart,2,2025-05-02 17:52:37,112,4
session_1653,checkout,3,2025-05-02 17:53:39,62,4
session_1653,confirmation,4,2025-05-02 17:56:19,160,0
session_1654,home,0,2025-05-10 06:43:57,135,0
session_1654,product_page,1,2025-05-10 06:44:17,20,2
session_1654,cart,2,2025-05-10 06:46:40,143,2
session_1655,home,0,2025-02-07 15:53:27,113,0
session_1655,product_page,1,2025-02-07 15:55:16,109,0
session_1656,home,0,2025-08-25 03:42:34,165,0
session_1656,product_page,1,2025-08-25 03:45:33,179,0
session_1657,home,0,2025-05-09 09:31:54,138,0
session_1657,product_page,1,2025-05-09 09:33:41,107,0
session_1658,home,0,2025-02-07 02:48:14,44,0
session_1658,product_page,1,2025-02-07 02:51:02,168,2
session_1659,home,0,2025-01-21 00:45:50,59,0
session_1660,home,0,2025-01-10 19:51:15,81,0
session_1660,product_page,1,2025-01-10 19:54:03,168,2
session_1660,cart,2,2025-01-10 19:55:39,96,2
session_1661,home,0,2025-01-04 06:05:11,180,0
session_1661,product_page,1,2025-01-04 06:06:40,89,3
session_1661,cart,2,2025-01-04 06:08:32,112,3
session_1662,home,0,2025-06-26 00:05:10,69,0
session_1662,product_page,1,2025-06-26 00:06:28,78,3
session_1663,home,0,2025-08-24 16:02:03,19,0
session_1664,home,0,2025-05-30 04:53:02,40,0
session_1665,home,0,2025-02-24 08:52:58,137,0
session_1665,product_page,1,2025-02-24 08:55:42,164,0
session_1666,home,0,2025-08-02 22:24:03,56,0
session_1666,product_page,1,2025-08-02 22:25:47,104,0
session_1666,cart,2,2025-08-02 22:27:06,79,2
session_1666,checkout,3,2025-08-02 22:29:32,146,2
session_1667,home,0,2025-01-02 16:22:12,66,0
session_1668,home,0,2025-08-19 00:14:00,124,0
session_1668,product_page,1,2025-08-19 00:15:51,111,5
session_1668,cart,2,2025-08-19 00:17:48,117,5
session_1669,home,0,2025-07-14 14:25:44,110,0
session_1669,product_page,1,2025-07-14 14:28:31,167,5
session_1669,cart,2,2025-07-14 14:29:00,29,5
session_1670,home,0,2025-04-11 07:28:04,124,0
session_1670,product_page,1,2025-04-11 07:29:45,101,1
session_1671,home,0,2025-07-11 12:35:39,29,0
session_1671,product_page,1,2025-07-11 12:38:05,146,1
session_1672,home,0,2025-08-24 17:31:16,19,0
session_1673,home,0,2025-03-17 00:55:50,91,0
session_1673,product_page,1,2025-03-17 00:57:10,80,0
session_1673,cart,2,2025-03-17 00:59:00,110,5
session_1674,home,0,2025-04-30 18:08:25,48,0
session_1675,home,0,2025-01-13 22:44:14,56,0
session_1676,home,0,2025-01-09 23:37:56,31,0
session_1677,home,0,2025-07-04 05:55:53,34,0
session_1677,product_page,1,2025-07-04 05:58:42,169,0
session_1677,cart,2,2025-07-04 05:59:01,19,2
session_1678,home,0,2025-04-20 17:49:28,114,0
session_1678,product_page,1,2025-04-20 17:51:19,111,1
session_1679,home,0,2025-02-07 23:03:24,69,0
session_1680,home,0,2025-02-10 01:52:00,58,0
session_1680,product_page,1,2025-02-10 01:52:49,49,5
session_1680,cart,2,2025-02-10 01:55:14,145,5
session_1680,checkout,3,2025-02-10 01:57:06,112,5
session_1680,confirmation,4,2025-02-10 01:57:55,49,0
session_1681,home,0,2025-06-20 21:51:16,128,0
session_1681,product_page,1,2025-06-20 21:52:37,81,5
session_1681,cart,2,2025-06-20 21:55:07,150,5
session_1681,checkout,3,2025-06-20 21:57:10,123,5
session_1681,confirmation,4,2025-06-20 21:58:37,87,0
session_1682,home,0,2025-06-12 11:49:01,156,0
session_1682,product_page,1,2025-06-12 11:49:37,36,0
session_1682,cart,2,2025-06-12 11:52:13,156,0
session_1682,checkout,3,2025-06-12 11:54:16,123,2
session_1682,confirmation,4,2025-06-12 11:55:01,45,0
session_1683,home,0,2025-06-01 10:09:35,124,0
session_1683,product_page,1,2025-06-01 10:12:09,154,4
session_1684,home,0,2025-01-20 21:40:03,155,0
session_1684,product_page,1,2025-01-20 21:41:06,63,1
session_1685,home,0,2025-01-04 11:09:54,103,0
session_1686,home,0,2025-05-19 09:52:03,108,0
session_1687,home,0,2025-02-23 00:27:38,111,0
session_1687,product_page,1,2025-02-23 00:27:54,16,0
session_1688,home,0,2025-07-09 15:44:14,167,0
session_1689,home,0,2025-04-11 07:19:09,54,0
session_1689,product_page,1,2025-04-11 07:20:02,53,1
session_1690,home,0,2025-06-14 12:36:11,164,0
session_1690,product_page,1,2025-06-14 12:38:37,146,3
session_1691,home,0,2025-04-21 08:19:40,111,0
session_1692,home,0,2025-04-29 03:40:26,57,0
session_1692,product_page,1,2025-04-29 03:42:17,111,4
session_1692,cart,2,2025-04-29 03:43:16,59,4
session_1692,checkout,3,2025-04-29 03:43:39,23,4
session_1692,confirmation,4,2025-04-29 03:46:29,170,0
session_1693,home,0,2025-03-17 01:24:46,52,0
session_1693,product_page,1,2025-03-17 01:27:12,146,0
session_1694,home,0,2025-07-14 04:03:39,88,0
session_1694,product_page,1,2025-07-14 04:04:15,36,0
session_1694,cart,2,2025-07-14 04:05:46,91,4
session_1694,checkout,3,2025-07-14 04:07:36,110,4
session_1694,confirmation,4,2025-07-14 04:08:42,66,0
session_1695,home,0,2025-05-04 01:05:52,164,0
session_1695,product_page,1,2025-05-04 01:06:32,40,5
session_1695,cart,2,2025-05-04 01:08:01,89,5
session_1696,home,0,2025-06-16 04:35:59,50,0
session_1696,product_page,1,2025-06-16 04:36:16,17,0
session_1697,home,0,2025-01-27 14:18:15,161,0
session_1697,product_page,1,2025-01-27 14:19:04,49,0
session_1698,home,0,2025-08-16 18:00:38,141,0
session_1698,product_page,1,2025-08-16 18:01:30,52,3
session_1698,cart,2,2025-08-16 18:04:16,166,3
session_1698,checkout,3,2025-08-16 18:05:23,67,3
session_1698,confirmation,4,2025-08-16 18:06:52,89,0
session_1699,home,0,2025-08-13 19:18:29,157,0
session_1700,home,0,2025-08-27 06:05:29,57,0
session_1700,product_page,1,2025-08-27 06:06:24,55,2
session_1701,home,0,2025-07-24 11:11:03,61,0
session_1702,home,0,2025-06-25 04:34:10,97,0
session_1702,product_page,1,2025-06-25 04:35:02,52,4
session_1703,home,0,2025-08-27 07:18:27,61,0
session_1703,product_page,1,2025-08-27 07:20:22,115,0
session_1704,home,0,2025-07-24 17:05:45,63,0
session_1704,product_page,1,2025-07-24 17:07:18,93,5
session_1704,cart,2,2025-07-24 17:07:46,28,5
session_1705,home,0,2025-02-04 10:05:08,78,0
session_1706,home,0,2025-05-21 13:22:22,28,0
session_1706,product_page,1,2025-05-21 13:23:00,38,0
session_1706,cart,2,2025-05-21 13:25:00,120,0
session_1707,home,0,2025-04-01 11:38:24,31,0
session_1708,home,0,2025-02-28 07:03:13,57,0
session_1708,product_page,1,2025-02-28 07:04:33,80,5
session_1709,home,0,2025-08-10 21:25:45,138,0
session_1710,home,0,2025-06-12 14:09:42,24,0
session_1711,home,0,2025-03-14 19:56:44,103,0
session_1711,product_page,1,2025-03-14 19:58:50,126,5
session_1712,home,0,2025-07-30 21:09:38,56,0
session_1712,product_page,1,2025-07-30 21:11:40,122,4
session_1713,home,0,2025-02-20 00:12:59,21,0
session_1713,product_page,1,2025-02-20 00:14:33,94,2
session_1714,home,0,2025-04-08 12:42:50,174,0
session_1714,product_page,1,2025-04-08 12:43:09,19,0
session_1714,cart,2,2025-04-08 12:46:03,174,0
session_1714,checkout,3,2025-04-08 12:47:40,97,1
session_1714,confirmation,4,2025-04-08 12:49:33,113,0
session_1715,home,0,2025-07-26 04:32:55,54,0
session_1715,product_page,1,2025-07-26 04:33:55,60,0
session_1715,cart,2,2025-07-26 04:36:42,167,0
session_1715,checkout,3,2025-07-26 04:37:44,62,3
session_1715,confirmation,4,2025-07-26 04:39:00,76,0
session_1716,home,0,2025-04-06 21:14:14,82,0
session_1716,product_page,1,2025-04-06 21:14:35,21,3
session_1717,home,0,2025-07-23 14:00:17,98,0
session_1717,product_page,1,2025-07-23 14:02:12,115,0
session_1718,home,0,2025-07-14 22:35:12,77,0
session_1718,product_page,1,2025-07-14 22:35:47,35,2
session_1718,cart,2,2025-07-14 22:38:09,142,2
session_1719,home,0,2025-08-10 10:19:52,95,0
session_1720,home,0,2025-04-23 22:53:35,73,0
session_1721,home,0,2025-02-05 21:23:31,108,0
session_1721,product_page,1,2025-02-05 21:24:14,43,3
session_1722,home,0,2025-06-30 00:48:20,167,0
session_1722,product_page,1,2025-06-30 00:48:43,23,2
session_1723,home,0,2025-03-11 06:12:46,94,0
session_1724,home,0,2025-04-20 23:02:48,78,0
session_1725,home,0,2025-07-25 09:21:56,35,0
session_1725,product_page,1,2025-07-25 09:23:25,89,4
session_1725,cart,2,2025-07-25 09:24:53,88,4
session_1725,checkout,3,2025-07-25 09:26:11,78,4
session_1725,confirmation,4,2025-07-25 09:29:00,169,0
session_1726,home,0,2025-07-25 19:12:15,96,0
session_1726,product_page,1,2025-07-25 19:12:46,31,2
session_1726,cart,2,2025-07-25 19:14:03,77,2
session_1726,checkout,3,2025-07-25 19:14:28,25,2
session_1726,confirmation,4,2025-07-25 19:17:25,177,0
session_1727,home,0,2025-07-20 16:54:55,100,0
session_1727,product_page,1,2025-07-20 16:56:54,119,3
session_1728,home,0,2025-03-26 12:13:17,127,0
session_1728,product_page,1,2025-03-26 12:15:03,106,0
session_1729,home,0,2025-08-03 18:44:41,174,0
session_1729,product_page,1,2025-08-03 18:45:18,37,1
session_1730,home,0,2025-08-19 04:13:17,98,0
session_1730,product_page,1,2025-08-19 04:15:21,124,4
session_1731,home,0,2025-06-24 21:10:53,71,0
session_1731,product_page,1,2025-06-24 21:11:37,44,4
session_1732,home,0,2025-05-27 15:09:11,63,0
session_1732,product_page,1,2025-05-27 15:11:01,110,0
session_1732,cart,2,2025-05-27 15:13:14,133,3
session_1732,checkout,3,2025-05-27 15:16:07,173,3
session_1732,confirmation,4,2025-05-27 15:16:39,32,0
session_1733,home,0,2025-01-27 04:05:30,64,0
session_1734,home,0,2025-01-16 12:37:43,80,0
session_1734,product_page,1,2025-01-16 12:39:38,115,1
session_1735,home,0,2025-08-11 06:16:37,135,0
session_1736,home,0,2025-05-08 00:01:23,45,0
session_1736,product_page,1,2025-05-08 00:02:12,49,0
session_1737,home,0,2025-05-02 21:37:45,147,0
session_1738,home,0,2025-04-15 08:08:51,123,0
session_1738,product_page,1,2025-04-15 08:09:21,30,3
session_1738,cart,2,2025-04-15 08:10:42,81,3
session_1738,checkout,3,2025-04-15 08:12:50,128,3
session_1738,confirmation,4,2025-04-15 08:15:29,159,0
session_1739,home,0,2025-05-01 03:12:02,170,0
session_1739,product_page,1,2025-05-01 03:12:18,16,3
session_1740,home,0,2025-03-19 02:32:18,179,0
session_1740,product_page,1,2025-03-19 02:34:29,131,0
session_1741,home,0,2025-04-05 21:25:35,150,0
session_1742,home,0,2025-01-01 18:16:31,33,0
session_1742,product_page,1,2025-01-01 18:17:50,79,5
session_1742,cart,2,2025-01-01 18:18:52,62,5
session_1742,checkout,3,2025-01-01 18:20:15,83,5
session_1742,confirmation,4,2025-01-01 18:23:07,172,0
session_1743,home,0,2025-05-07 19:43:13,147,0
session_1743,product_page,1,2025-05-07 19:45:15,122,3
session_1744,home,0,2025-01-20 06:35:11,44,0
session_1744,product_page,1,2025-01-20 06:35:51,40,4
session_1745,home,0,2025-07-22 15:33:59,15,0
session_1745,product_page,1,2025-07-22 15:35:18,79,2
session_1746,home,0,2025-05-04 12:37:42,113,0
session_1746,product_page,1,2025-05-04 12:39:38,116,0
session_1746,cart,2,2025-05-04 12:40:37,59,0
session_1747,home,0,2025-05-05 15:15:08,42,0
session_1747,product_page,1,2025-05-05 15:17:20,132,0
session_1747,cart,2,2025-05-05 15:20:03,163,0
session_1747,checkout,3,2025-05-05 15:21:28,85,2
session_1747,confirmation,4,2025-05-05 15:21:59,31,0
session_1748,home,0,2025-07-17 19:51:25,16,0
session_1749,home,0,2025-06-28 11:58:41,133,0
session_1749,product_page,1,2025-06-28 12:01:33,172,0
session_1749,cart,2,2025-06-28 12:04:31,178,0
session_1749,checkout,3,2025-06-28 12:05:47,76,1
session_1749,confirmation,4,2025-06-28 12:06:20,33,0
session_1750,home,0,2025-03-06 22:29:00,150,0
session_1750,product_page,1,2025-03-06 22:30:37,97,0
session_1750,cart,2,2025-03-06 22:31:50,73,4
session_1750,checkout,3,2025-03-06 22:34:16,146,4
session_1750,confirmation,4,2025-03-06 22:34:45,29,0
session_1751,home,0,2025-02-20 05:03:08,106,0
session_1751,product_page,1,2025-02-20 05:05:31,143,0
session_1752,home,0,2025-07-23 23:43:11,116,0
session_1753,home,0,2025-08-25 17:06:26,68,0
session_1753,product_page,1,2025-08-25 17:06:54,28,2
session_1754,home,0,2025-02-23 00:42:36,97,0
session_1754,product_page,1,2025-02-23 00:44:29,113,2
session_1755,home,0,2025-02-17 21:45:12,158,0
session_1755,product_page,1,2025-02-17 21:46:47,95,4
session_1756,home,0,2025-02-16 10:09:26,65,0
session_1756,product_page,1,2025-02-16 10:09:45,19,2
session_1757,home,0,2025-02-23 00:07:46,108,0
session_1757,product_page,1,2025-02-23 00:09:18,92,3
session_1758,home,0,2025-01-07 18:22:06,145,0
session_1758,product_page,1,2025-01-07 18:24:05,119,5
session_1759,home,0,2025-01-19 08:38:03,56,0
session_1759,product_page,1,2025-01-19 08:40:07,124,1
session_1760,home,0,2025-01-05 08:03:49,51,0
session_1761,home,0,2025-05-26 18:32:49,111,0
session_1761,product_page,1,2025-05-26 18:35:26,157,4
session_1762,home,0,2025-04-23 12:36:02,123,0
session_1762,product_page,1,2025-04-23 12:38:37,155,0
session_1763,home,0,2025-02-02 04:22:34,15,0
session_1763,product_page,1,2025-02-02 04:23:00,26,5
session_1764,home,0,2025-01-15 10:35:53,17,0
session_1765,home,0,2025-03-15 07:44:49,114,0
session_1765,product_page,1,2025-03-15 07:46:10,81,2
session_1765,cart,2,2025-03-15 07:47:48,98,2
session_1766,home,0,2025-08-18 02:44:35,134,0
session_1766,product_page,1,2025-08-18 02:44:58,23,3
session_1767,home,0,2025-07-16 09:11:10,47,0
session_1768,home,0,2025-07-19 17:16:04,132,0
session_1768,product_page,1,2025-07-19 17:18:43,159,0
session_1768,cart,2,2025-07-19 17:20:01,78,3
session_1768,checkout,3,2025-07-19 17:22:49,168,3
session_1768,confirmation,4,2025-07-19 17:23:12,23,0
session_1769,home,0,2025-07-10 12:57:41,130,0
session_1769,product_page,1,2025-07-10 13:00:13,152,3
session_1769,cart,2,2025-07-10 13:02:29,136,3
session_1769,checkout,3,2025-07-10 13:03:04,35,3
session_1769,confirmation,4,2025-07-10 13:03:28,24,0
session_1770,home,0,2025-06-24 08:34:32,44,0
session_1770,product_page,1,2025-06-24 08:36:59,147,0
session_1771,home,0,2025-04-07 10:31:38,36,0
session_1771,product_page,1,2025-04-07 10:31:56,18,3
session_1772,home,0,2025-03-02 23:17:08,49,0
session_1772,product_page,1,2025-03-02 23:19:18,130,0
session_1773,home,0,2025-06-11 13:57:15,62,0
session_1773,product_page,1,2025-06-11 13:58:14,59,3
session_1774,home,0,2025-01-01 14:03:33,165,0
session_1774,product_page,1,2025-01-01 14:05:31,118,0
session_1775,home,0,2025-02-05 08:13:25,140,0
session_1775,product_page,1,2025-02-05 08:14:56,91,0
session_1776,home,0,2025-04-05 05:21:59,51,0
session_1776,product_page,1,2025-04-05 05:23:53,114,0
session_1776,cart,2,2025-04-05 05:26:51,178,3
session_1776,checkout,3,2025-04-05 05:29:42,171,3
session_1776,confirmation,4,2025-04-05 05:31:36,114,0
session_1777,home,0,2025-04-11 12:15:17,163,0
session_1777,product_page,1,2025-04-11 12:17:49,152,5
session_1778,home,0,2025-03-31 20:50:50,84,0
session_1778,product_page,1,2025-03-31 20:53:09,139,0
session_1779,home,0,2025-05-12 08:37:07,176,0
session_1779,product_page,1,2025-05-12 08:38:24,77,0
session_1780,home,0,2025-07-29 00:37:38,169,0
session_1780,product_page,1,2025-07-29 00:39:01,83,1
session_1781,home,0,2025-04-06 13:16:06,124,0
session_1781,product_page,1,2025-04-06 13:17:45,99,2
session_1782,home,0,2025-04-11 22:49:55,135,0
session_1782,product_page,1,2025-04-11 22:51:01,66,0
session_1783,home,0,2025-06-05 19:17:00,122,0
session_1783,product_page,1,2025-06-05 19:19:01,121,0
session_1783,cart,2,2025-06-05 19:20:33,92,1
session_1784,home,0,2025-08-01 13:53:33,63,0
session_1784,product_page,1,2025-08-01 13:54:23,50,0
session_1785,home,0,2025-02-22 16:41:27,84,0
session_1785,product_page,1,2025-02-22 16:44:05,158,5
session_1786,home,0,2025-04-25 09:39:20,106,0
session_1786,product_page,1,2025-04-25 09:41:03,103,1
session_1786,cart,2,2025-04-25 09:41:23,20,1
session_1786,checkout,3,2025-04-25 09:43:08,105,1
session_1786,confirmation,4,2025-04-25 09:44:15,67,0
session_1787,home,0,2025-01-03 23:45:37,136,0
session_1788,home,0,2025-07-22 14:35:18,93,0
session_1788,product_page,1,2025-07-22 14:36:54,96,0
session_1788,cart,2,2025-07-22 14:39:54,180,2
session_1788,checkout,3,2025-07-22 14:41:30,96,2
session_1788,confirmation,4,2025-07-22 14:43:00,90,0
session_1789,home,0,2025-06-02 15:31:38,56,0
session_1789,product_page,1,2025-06-02 15:32:48,70,4
session_1790,home,0,2025-03-07 04:13:36,83,0
session_1790,product_page,1,2025-03-07 04:13:53,17,0
session_1791,home,0,2025-02-09 04:38:15,129,0
session_1792,home,0,2025-05-12 06:59:55,93,0
session_1792,product_page,1,2025-05-12 07:00:16,21,0
session_1792,cart,2,2025-05-12 07:01:11,55,0
session_1792,checkout,3,2025-05-12 07:03:04,113,3
session_1793,home,0,2025-04-29 20:23:06,80,0
session_1793,product_page,1,2025-04-29 20:24:36,90,3
session_1793,cart,2,2025-04-29 20:27:08,152,3
session_1793,checkout,3,2025-04-29 20:27:37,29,3
session_1793,confirmation,4,2025-04-29 20:28:15,38,0
session_1794,home,0,2025-03-07 00:41:49,120,0
session_1794,product_page,1,2025-03-07 00:42:21,32,0
session_1795,home,0,2025-01-03 18:49:34,73,0
session_1795,product_page,1,2025-01-03 18:52:24,170,1
session_1795,cart,2,2025-01-03 18:54:00,96,1
session_1795,checkout,3,2025-01-03 18:55:10,70,1
session_1795,confirmation,4,2025-01-03 18:57:26,136,0
session_1796,home,0,2025-06-09 09:54:10,166,0
session_1796,product_page,1,2025-06-09 09:56:52,162,3
session_1797,home,0,2025-07-27 18:39:08,116,0
session_1797,product_page,1,2025-07-27 18:41:48,160,0
session_1798,home,0,2025-07-02 14:59:17,95,0
session_1798,product_page,1,2025-07-02 15:01:07,110,0
session_1799,home,0,2025-02-24 05:52:42,152,0
session_1799,product_page,1,2025-02-24 05:54:37,115,2
session_1799,cart,2,2025-02-24 05:56:08,91,2
session_1800,home,0,2025-07-07 00:59:04,170,0
session_1801,home,0,2025-07-21 03:59:47,71,0
session_1801,product_page,1,2025-07-21 04:00:50,63,1
session_1802,home,0,2025-02-18 08:59:46,107,0
session_1802,product_page,1,2025-02-18 09:00:40,54,3
session_1803,home,0,2025-01-28 10:36:34,109,0
session_1803,product_page,1,2025-01-28 10:38:50,136,0
session_1804,home,0,2025-08-26 11:34:46,126,0
session_1804,product_page,1,2025-08-26 11:37:03,137,0
session_1804,cart,2,2025-08-26 11:37:19,16,0
session_1804,checkout,3,2025-08-26 11:39:59,160,2
session_1804,confirmation,4,2025-08-26 11:40:24,25,0
session_1805,home,0,2025-08-20 10:14:17,95,0
session_1805,product_page,1,2025-08-20 10:15:11,54,4
session_1805,cart,2,2025-08-20 10:17:13,122,4
session_1805,checkout,3,2025-08-20 10:19:14,121,4
session_1805,confirmation,4,2025-08-20 10:21:42,148,0
session_1806,home,0,2025-04-27 18:04:26,129,0
session_1806,product_page,1,2025-04-27 18:05:32,66,4
session_1806,cart,2,2025-04-27 18:06:10,38,4
session_1806,checkout,3,2025-04-27 18:07:33,83,4
session_1806,confirmation,4,2025-04-27 18:10:08,155,0
session_1807,home,0,2025-02-10 18:22:39,114,0
session_1807,product_page,1,2025-02-10 18:23:29,50,0
session_1807,cart,2,2025-02-10 18:25:32,123,0
session_1808,home,0,2025-02-09 06:07:19,102,0
session_1808,product_page,1,2025-02-09 06:09:08,109,0
session_1808,cart,2,2025-02-09 06:11:14,126,3
session_1808,checkout,3,2025-02-09 06:12:39,85,3
session_1808,confirmation,4,2025-02-09 06:15:12,153,0
session_1809,home,0,2025-02-06 08:59:35,73,0
session_1809,product_page,1,2025-02-06 09:01:22,107,4
session_1809,cart,2,2025-02-06 09:02:06,44,4
session_1810,home,0,2025-08-31 22:42:38,178,0
session_1810,product_page,1,2025-08-31 22:45:20,162,0
session_1810,cart,2,2025-08-31 22:46:20,60,0
session_1810,checkout,3,2025-08-31 22:47:10,50,2
session_1810,confirmation,4,2025-08-31 22:50:00,170,0
session_1811,home,0,2025-06-24 18:46:41,163,0
session_1811,product_page,1,2025-06-24 18:49:16,155,0
session_1812,home,0,2025-08-20 18:15:48,111,0
session_1813,home,0,2025-02-15 14:36:31,134,0
session_1813,product_page,1,2025-02-15 14:36:47,16,5
session_1814,home,0,2025-05-31 05:07:56,168,0
session_1814,product_page,1,2025-05-31 05:10:24,148,2
session_1815,home,0,2025-08-13 07:12:24,71,0
session_1815,product_page,1,2025-08-13 07:15:09,165,1
session_1816,home,0,2025-03-17 03:03:36,108,0
session_1817,home,0,2025-05-11 19:46:56,60,0
session_1817,product_page,1,2025-05-11 19:48:01,65,0
session_1817,cart,2,2025-05-11 19:50:30,149,4
session_1817,checkout,3,2025-05-11 19:52:15,105,4
session_1817,confirmation,4,2025-05-11 19:54:48,153,0
session_1818,home,0,2025-02-04 23:22:53,90,0
session_1818,product_page,1,2025-02-04 23:25:43,170,0
session_1819,home,0,2025-06-18 21:23:51,170,0
session_1820,home,0,2025-01-21 04:42:38,94,0
session_1820,product_page,1,2025-01-21 04:42:57,19,0
session_1821,home,0,2025-04-19 10:57:14,65,0
session_1822,home,0,2025-01-24 18:13:35,30,0
session_1822,product_page,1,2025-01-24 18:16:24,169,0
session_1822,cart,2,2025-01-24 18:18:34,130,2
session_1822,checkout,3,2025-01-24 18:18:56,22,2
session_1822,confirmation,4,2025-01-24 18:20:03,67,0
session_1823,home,0,2025-07-07 11:14:03,60,0
session_1823,product_page,1,2025-07-07 11:16:08,125,0
session_1823,cart,2,2025-07-07 11:17:20,72,2
session_1824,home,0,2025-05-04 16:12:51,130,0
session_1824,product_page,1,2025-05-04 16:13:13,22,0
session_1825,home,0,2025-05-17 08:31:11,137,0
session_1825,product_page,1,2025-05-17 08:32:16,65,0
session_1826,home,0,2025-07-11 04:06:26,41,0
session_1826,product_page,1,2025-07-11 04:07:28,62,0
session_1827,home,0,2025-05-15 15:26:46,166,0
session_1827,product_page,1,2025-05-15 15:27:57,71,1
session_1828,home,0,2025-06-17 04:23:04,155,0
session_1828,product_page,1,2025-06-17 04:23:45,41,4
session_1829,home,0,2025-05-22 05:15:27,122,0
session_1829,product_page,1,2025-05-22 05:17:48,141,0
session_1830,home,0,2025-04-14 19:11:58,36,0
session_1830,product_page,1,2025-04-14 19:13:15,77,1
session_1830,cart,2,2025-04-14 19:15:14,119,1
session_1830,checkout,3,2025-04-14 19:16:21,67,1
session_1830,confirmation,4,2025-04-14 19:19:07,166,0
session_1831,home,0,2025-08-16 10:40:07,24,0
session_1831,product_page,1,2025-08-16 10:41:13,66,0
session_1831,cart,2,2025-08-16 10:41:36,23,0
session_1832,home,0,2025-07-04 02:55:51,132,0
session_1832,product_page,1,2025-07-04 02:58:41,170,0
session_1832,cart,2,2025-07-04 03:00:35,114,0
session_1833,home,0,2025-03-28 17:05:23,68,0
session_1833,product_page,1,2025-03-28 17:06:39,76,4
session_1833,cart,2,2025-03-28 17:08:32,113,4
session_1833,checkout,3,2025-03-28 17:11:27,175,4
session_1833,confirmation,4,2025-03-28 17:11:58,31,0
session_1834,home,0,2025-07-14 19:43:32,50,0
session_1834,product_page,1,2025-07-14 19:45:18,106,0
session_1835,home,0,2025-06-13 21:43:47,118,0
session_1835,product_page,1,2025-06-13 21:44:28,41,2
session_1836,home,0,2025-03-11 21:29:39,177,0
session_1837,home,0,2025-05-06 18:08:26,84,0
session_1838,home,0,2025-04-27 15:20:01,57,0
session_1839,home,0,2025-05-23 20:55:16,83,0
session_1839,product_page,1,2025-05-23 20:56:55,99,2
session_1840,home,0,2025-08-07 12:44:48,69,0
session_1840,product_page,1,2025-08-07 12:45:06,18,2
session_1841,home,0,2025-02-26 06:12:07,15,0
session_1841,product_page,1,2025-02-26 06:13:37,90,3
session_1842,home,0,2025-03-10 15:25:31,78,0
session_1842,product_page,1,2025-03-10 15:27:28,117,1
session_1843,home,0,2025-05-29 13:33:25,162,0
session_1843,product_page,1,2025-05-29 13:34:01,36,2
session_1844,home,0,2025-04-03 06:16:06,111,0
session_1844,product_page,1,2025-04-03 06:18:18,132,0
session_1844,cart,2,2025-04-03 06:19:47,89,4
session_1844,checkout,3,2025-04-03 06:22:26,159,4
session_1844,confirmation,4,2025-04-03 06:25:07,161,0
session_1845,home,0,2025-03-10 19:50:32,135,0
session_1845,product_page,1,2025-03-10 19:53:31,179,0
session_1846,home,0,2025-08-01 19:36:23,36,0
session_1846,product_page,1,2025-08-01 19:38:47,144,0
session_1846,cart,2,2025-08-01 19:41:37,170,2
session_1846,checkout,3,2025-08-01 19:42:07,30,2
session_1846,confirmation,4,2025-08-01 19:43:09,62,0
session_1847,home,0,2025-06-10 04:29:04,167,0
session_1848,home,0,2025-08-11 19:38:13,36,0
session_1848,product_page,1,2025-08-11 19:39:23,70,0
session_1849,home,0,2025-06-19 03:05:30,123,0
session_1849,product_page,1,2025-06-19 03:05:46,16,5
session_1850,home,0,2025-05-13 20:23:40,148,0
session_1850,product_page,1,2025-05-13 20:25:28,108,2
session_1850,cart,2,2025-05-13 20:27:21,113,2
session_1850,checkout,3,2025-05-13 20:28:27,66,2
session_1850,confirmation,4,2025-05-13 20:30:51,144,0
session_1851,home,0,2025-07-14 09:41:35,104,0
session_1851,product_page,1,2025-07-14 09:43:51,136,1
session_1852,home,0,2025-08-10 06:38:10,98,0
session_1852,product_page,1,2025-08-10 06:40:51,161,0
session_1853,home,0,2025-05-14 22:37:03,115,0
session_1854,home,0,2025-02-27 14:02:28,26,0
session_1854,product_page,1,2025-02-27 14:03:31,63,2
session_1855,home,0,2025-03-09 21:49:19,166,0
session_1855,product_page,1,2025-03-09 21:52:00,161,2
session_1856,home,0,2025-04-03 06:44:04,157,0
session_1856,product_page,1,2025-04-03 06:46:50,166,5
session_1857,home,0,2025-04-22 23:54:49,155,0
session_1857,product_page,1,2025-04-22 23:56:27,98,0
session_1857,cart,2,2025-04-22 23:57:39,72,0
session_1857,checkout,3,2025-04-22 23:58:34,55,1
session_1857,confirmation,4,2025-04-23 00:00:49,135,0
session_1858,home,0,2025-06-01 16:39:45,61,0
session_1858,product_page,1,2025-06-01 16:40:00,15,0
session_1858,cart,2,2025-06-01 16:41:54,114,0
session_1858,checkout,3,2025-06-01 16:43:05,71,3
session_1858,confirmation,4,2025-06-01 16:44:15,70,0
session_1859,home,0,2025-06-08 19:19:14,103,0
session_1860,home,0,2025-04-21 17:47:03,93,0
session_1861,home,0,2025-03-02 18:42:08,38,0
session_1861,product_page,1,2025-03-02 18:42:39,31,0
session_1861,cart,2,2025-03-02 18:44:12,93,4
session_1862,home,0,2025-07-17 07:41:41,144,0
session_1862,product_page,1,2025-07-17 07:43:16,95,0
session_1863,home,0,2025-03-24 16:17:27,124,0
session_1863,product_page,1,2025-03-24 16:19:30,123,1
session_1864,home,0,2025-06-02 13:12:18,157,0
session_1865,home,0,2025-08-23 11:23:51,124,0
session_1866,home,0,2025-03-18 22:29:13,36,0
session_1866,product_page,1,2025-03-18 22:32:10,177,4
session_1867,home,0,2025-04-05 18:52:50,84,0
session_1867,product_page,1,2025-04-05 18:53:51,61,0
session_1868,home,0,2025-01-24 02:46:17,35,0
session_1868,product_page,1,2025-01-24 02:47:39,82,0
session_1869,home,0,2025-08-13 08:41:51,179,0
session_1869,product_page,1,2025-08-13 08:43:55,124,0
session_1870,home,0,2025-06-07 07:51:00,162,0
session_1870,product_page,1,2025-06-07 07:51:26,26,0
session_1871,home,0,2025-03-05 15:04:09,88,0
session_1872,home,0,2025-04-26 17:00:50,146,0
session_1872,product_page,1,2025-04-26 17:03:09,139,1
session_1873,home,0,2025-01-12 14:54:55,177,0
session_1873,product_page,1,2025-01-12 14:56:23,88,1
session_1874,home,0,2025-06-13 19:58:48,99,0
session_1874,product_page,1,2025-06-13 19:59:25,37,3
session_1875,home,0,2025-01-11 17:04:26,44,0
session_1875,product_page,1,2025-01-11 17:07:04,158,0
session_1875,cart,2,2025-01-11 17:09:38,154,0
session_1875,checkout,3,2025-01-11 17:11:16,98,2
session_1875,confirmation,4,2025-01-11 17:11:36,20,0
session_1876,home,0,2025-05-01 23:02:49,171,0
session_1876,product_page,1,2025-05-01 23:04:06,77,5
session_1877,home,0,2025-06-05 20:24:23,116,0
session_1877,product_page,1,2025-06-05 20:26:10,107,5
session_1878,home,0,2025-06-06 11:07:49,114,0
session_1878,product_page,1,2025-06-06 11:08:41,52,5
session_1879,home,0,2025-03-21 06:28:37,149,0
session_1879,product_page,1,2025-03-21 06:29:26,49,3
session_1880,home,0,2025-06-24 05:22:38,87,0
session_1881,home,0,2025-03-30 15:08:54,136,0
session_1881,product_page,1,2025-03-30 15:09:58,64,4
session_1881,cart,2,2025-03-30 15:10:44,46,4
session_1881,checkout,3,2025-03-30 15:11:10,26,4
session_1881,confirmation,4,2025-03-30 15:13:02,112,0
session_1882,home,0,2025-03-31 18:44:39,78,0
session_1883,home,0,2025-01-21 09:54:49,72,0
session_1883,product_page,1,2025-01-21 09:55:52,63,1
session_1883,cart,2,2025-01-21 09:58:17,145,1
session_1884,home,0,2025-07-23 23:23:58,54,0
session_1885,home,0,2025-01-27 12:37:45,120,0
session_1885,product_page,1,2025-01-27 12:39:27,102,0
session_1886,home,0,2025-06-22 04:59:19,80,0
session_1886,product_page,1,2025-06-22 05:00:24,65,1
session_1887,home,0,2025-01-10 15:45:56,94,0
session_1887,product_page,1,2025-01-10 15:46:41,45,2
session_1887,cart,2,2025-01-10 15:47:41,60,2
session_1887,checkout,3,2025-01-10 15:48:37,56,2
session_1887,confirmation,4,2025-01-10 15:49:33,56,0
session_1888,home,0,2025-03-30 01:39:10,169,0
session_1888,product_page,1,2025-03-30 01:39:32,22,1
session_1889,home,0,2025-07-10 06:45:45,68,0
session_1890,home,0,2025-02-23 08:59:06,39,0
session_1890,product_page,1,2025-02-23 09:01:04,118,3
session_1890,cart,2,2025-02-23 09:01:44,40,3
session_1890,checkout,3,2025-02-23 09:03:48,124,3
session_1890,confirmation,4,2025-02-23 09:04:51,63,0
session_1891,home,0,2025-01-18 08:43:56,98,0
session_1891,product_page,1,2025-01-18 08:44:49,53,0
session_1892,home,0,2025-08-21 00:38:31,29,0
session_1892,product_page,1,2025-08-21 00:40:10,99,3
session_1893,home,0,2025-05-04 01:41:24,63,0
session_1894,home,0,2025-02-17 20:14:46,63,0
session_1894,product_page,1,2025-02-17 20:16:29,103,3
session_1894,cart,2,2025-02-17 20:19:27,178,3
session_1894,checkout,3,2025-02-17 20:20:52,85,3
session_1894,confirmation,4,2025-02-17 20:21:33,41,0
session_1895,home,0,2025-04-24 18:37:27,65,0
session_1895,product_page,1,2025-04-24 18:39:27,120,3
session_1896,home,0,2025-02-13 18:59:34,141,0
session_1896,product_page,1,2025-02-13 19:02:22,168,0
session_1897,home,0,2025-07-04 22:44:15,91,0
session_1898,home,0,2025-04-01 16:39:15,62,0
session_1899,home,0,2025-03-16 00:34:57,74,0
session_1899,product_page,1,2025-03-16 00:37:29,152,0
session_1899,cart,2,2025-03-16 00:37:47,18,0
session_1899,checkout,3,2025-03-16 00:38:38,51,1
session_1899,confirmation,4,2025-03-16 00:41:02,144,0
session_1900,home,0,2025-04-12 05:12:45,69,0
session_1900,product_page,1,2025-04-12 05:14:07,82,0
session_1900,cart,2,2025-04-12 05:15:26,79,0
session_1901,home,0,2025-03-07 14:23:25,148,0
session_1901,product_page,1,2025-03-07 14:25:41,136,0
session_1901,cart,2,2025-03-07 14:27:41,120,0
session_1901,checkout,3,2025-03-07 14:27:59,18,3
session_1901,confirmation,4,2025-03-07 14:28:33,34,0
session_1902,home,0,2025-05-13 04:31:35,113,0
session_1903,home,0,2025-05-09 21:47:56,174,0
session_1903,product_page,1,2025-05-09 21:49:56,120,0
session_1904,home,0,2025-01-04 20:47:10,48,0
session_1904,product_page,1,2025-01-04 20:47:39,29,0
session_1905,home,0,2025-08-21 03:41:55,20,0
session_1905,product_page,1,2025-08-21 03:42:37,42,2
session_1905,cart,2,2025-08-21 03:45:15,158,2
session_1905,checkout,3,2025-08-21 03:48:01,166,2
session_1905,confirmation,4,2025-08-21 03:49:33,92,0
session_1906,home,0,2025-07-25 07:28:37,161,0
session_1906,product_page,1,2025-07-25 07:29:44,67,2
session_1906,cart,2,2025-07-25 07:31:11,87,2
session_1907,home,0,2025-06-01 21:20:48,179,0
session_1908,home,0,2025-06-05 04:19:49,82,0
session_1908,product_page,1,2025-06-05 04:22:42,173,1
session_1909,home,0,2025-04-19 05:17:05,35,0
session_1909,product_page,1,2025-04-19 05:19:09,124,2
session_1910,home,0,2025-03-18 00:36:51,153,0
session_1910,product_page,1,2025-03-18 00:39:35,164,3
session_1911,home,0,2025-01-12 22:43:03,37,0
session_1911,product_page,1,2025-01-12 22:44:55,112,3
session_1911,cart,2,2025-01-12 22:45:36,41,3
session_1911,checkout,3,2025-01-12 22:47:42,126,3
session_1912,home,0,2025-03-26 14:10:44,87,0
session_1912,product_page,1,2025-03-26 14:12:20,96,3
session_1912,cart,2,2025-03-26 14:12:51,31,3
session_1913,home,0,2025-07-22 12:46:15,69,0
session_1913,product_page,1,2025-07-22 12:48:45,150,5
session_1913,cart,2,2025-07-22 12:50:28,103,5
session_1913,checkout,3,2025-07-22 12:53:14,166,5
session_1913,confirmation,4,2025-07-22 12:54:41,87,0
session_1914,home,0,2025-01-21 11:57:30,123,0
session_1915,home,0,2025-02-25 13:32:38,15,0
session_1915,product_page,1,2025-02-25 13:35:21,163,0
session_1916,home,0,2025-01-05 20:17:20,180,0
session_1916,product_page,1,2025-01-05 20:17:38,18,4
session_1916,cart,2,2025-01-05 20:20:20,162,4
session_1916,checkout,3,2025-01-05 20:21:14,54,4
session_1916,confirmation,4,2025-01-05 20:21:32,18,0
session_1917,home,0,2025-01-02 03:35:25,104,0
session_1917,product_page,1,2025-01-02 03:36:48,83,5
session_1918,home,0,2025-01-11 03:17:07,50,0
session_1918,product_page,1,2025-01-11 03:17:57,50,4
session_1919,home,0,2025-08-10 08:49:24,69,0
session_1919,product_page,1,2025-08-10 08:50:21,57,5
session_1919,cart,2,2025-08-10 08:50:58,37,5
session_1919,checkout,3,2025-08-10 08:51:56,58,5
session_1919,confirmation,4,2025-08-10 08:53:43,107,0
session_1920,home,0,2025-04-10 08:12:28,62,0
session_1921,home,0,2025-08-22 16:53:18,136,0
session_1922,home,0,2025-03-21 15:40:18,105,0
session_1922,product_page,1,2025-03-21 15:42:26,128,0
session_1922,cart,2,2025-03-21 15:43:26,60,2
session_1922,checkout,3,2025-03-21 15:45:14,108,2
session_1922,confirmation,4,2025-03-21 15:45:29,15,0
session_1923,home,0,2025-08-22 00:16:30,44,0
session_1923,product_page,1,2025-08-22 00:19:18,168,5
session_1924,home,0,2025-01-08 04:08:17,174,0
session_1924,product_page,1,2025-01-08 04:10:01,104,0
session_1925,home,0,2025-07-22 22:42:43,173,0
session_1926,home,0,2025-03-02 03:24:01,46,0
session_1927,home,0,2025-08-01 08:17:00,136,0
session_1927,product_page,1,2025-08-01 08:17:30,30,0
session_1928,home,0,2025-08-22 23:25:21,51,0
session_1928,product_page,1,2025-08-22 23:28:08,167,2
session_1928,cart,2,2025-08-22 23:31:07,179,2
session_1928,checkout,3,2025-08-22 23:31:30,23,2
session_1928,confirmation,4,2025-08-22 23:32:33,63,0
session_1929,home,0,2025-08-10 17:21:12,60,0
session_1929,product_page,1,2025-08-10 17:23:25,133,5
session_1929,cart,2,2025-08-10 17:26:20,175,5
session_1929,checkout,3,2025-08-10 17:29:02,162,5
session_1929,confirmation,4,2025-08-10 17:29:25,23,0
session_1930,home,0,2025-01-20 18:44:54,157,0
session_1931,home,0,2025-05-04 19:24:32,165,0
session_1931,product_page,1,2025-05-04 19:27:17,165,3
session_1932,home,0,2025-03-17 13:13:50,30,0
session_1932,product_page,1,2025-03-17 13:15:58,128,0
session_1933,home,0,2025-08-25 22:41:02,112,0
session_1934,home,0,2025-08-27 04:00:30,68,0
session_1934,product_page,1,2025-08-27 04:02:00,90,2
session_1934,cart,2,2025-08-27 04:03:39,99,2
session_1934,checkout,3,2025-08-27 04:06:35,176,2
session_1934,confirmation,4,2025-08-27 04:08:31,116,0
session_1935,home,0,2025-07-25 07:58:10,113,0
session_1935,product_page,1,2025-07-25 07:59:32,82,5
session_1936,home,0,2025-08-17 00:31:30,124,0
session_1936,product_page,1,2025-08-17 00:32:03,33,0
session_1936,cart,2,2025-08-17 00:34:59,176,0
session_1936,checkout,3,2025-08-17 00:36:47,108,3
session_1936,confirmation,4,2025-08-17 00:38:54,127,0
session_1937,home,0,2025-03-08 18:50:47,102,0
session_1937,product_page,1,2025-03-08 18:51:18,31,0
session_1938,home,0,2025-07-21 22:18:03,86,0
session_1938,product_page,1,2025-07-21 22:18:24,21,3
session_1938,cart,2,2025-07-21 22:18:49,25,3
session_1939,home,0,2025-01-18 13:51:25,132,0
session_1939,product_page,1,2025-01-18 13:53:43,138,2
session_1939,cart,2,2025-01-18 13:56:01,138,2
session_1939,checkout,3,2025-01-18 13:56:45,44,2
session_1939,confirmation,4,2025-01-18 13:58:19,94,0
session_1940,home,0,2025-04-20 04:01:37,167,0
session_1940,product_page,1,2025-04-20 04:02:19,42,5
session_1940,cart,2,2025-04-20 04:04:49,150,5
session_1940,checkout,3,2025-04-20 04:07:21,152,5
session_1940,confirmation,4,2025-04-20 04:08:10,49,0
session_1941,home,0,2025-02-17 06:58:43,82,0
session_1941,product_page,1,2025-02-17 06:59:03,20,0
session_1942,home,0,2025-03-18 00:18:15,163,0
session_1942,product_page,1,2025-03-18 00:20:44,149,0
session_1943,home,0,2025-02-02 00:04:58,132,0
session_1943,product_page,1,2025-02-02 00:07:17,139,1
session_1944,home,0,2025-07-22 14:41:00,179,0
session_1944,product_page,1,2025-07-22 14:42:15,75,1
session_1944,cart,2,2025-07-22 14:43:54,99,1
session_1944,checkout,3,2025-07-22 14:46:11,137,1
session_1944,confirmation,4,2025-07-22 14:48:32,141,0
session_1945,home,0,2025-06-14 05:18:48,170,0
session_1945,product_page,1,2025-06-14 05:21:30,162,3
session_1946,home,0,2025-07-12 02:30:06,41,0
session_1946,product_page,1,2025-07-12 02:31:48,102,3
session_1946,cart,2,2025-07-12 02:32:30,42,3
session_1946,checkout,3,2025-07-12 02:34:32,122,3
session_1946,confirmation,4,2025-07-12 02:35:47,75,0
session_1947,home,0,2025-03-03 11:19:43,135,0
session_1947,product_page,1,2025-03-03 11:21:02,79,3
session_1947,cart,2,2025-03-03 11:22:10,68,3
session_1947,checkout,3,2025-03-03 11:23:34,84,3
session_1947,confirmation,4,2025-03-03 11:25:30,116,0
session_1948,home,0,2025-07-20 01:53:01,97,0
session_1948,product_page,1,2025-07-20 01:54:25,84,1
session_1948,cart,2,2025-07-20 01:56:16,111,1
session_1948,checkout,3,2025-07-20 01:57:38,82,1
session_1948,confirmation,4,2025-07-20 02:00:33,175,0
session_1949,home,0,2025-01-07 10:47:20,91,0
session_1950,home,0,2025-04-06 10:25:16,20,0
session_1950,product_page,1,2025-04-06 10:26:43,87,0
session_1950,cart,2,2025-04-06 10:29:34,171,1
session_1950,checkout,3,2025-04-06 10:31:26,112,1
session_1950,confirmation,4,2025-04-06 10:33:06,100,0
session_1951,home,0,2025-07-31 08:35:56,175,0
session_1951,product_page,1,2025-07-31 08:36:42,46,0
session_1952,home,0,2025-02-23 05:01:54,153,0
session_1952,product_page,1,2025-02-23 05:02:39,45,2
session_1952,cart,2,2025-02-23 05:03:58,79,2
session_1952,checkout,3,2025-02-23 05:06:37,159,2
session_1953,home,0,2025-06-28 11:06:11,87,0
session_1954,home,0,2025-07-14 08:27:12,129,0
session_1954,product_page,1,2025-07-14 08:27:57,45,4
session_1955,home,0,2025-04-30 05:25:42,166,0
session_1955,product_page,1,2025-04-30 05:26:55,73,1
session_1955,cart,2,2025-04-30 05:27:46,51,1
session_1955,checkout,3,2025-04-30 05:28:09,23,1
session_1955,confirmation,4,2025-04-30 05:29:22,73,0
session_1956,home,0,2025-02-04 07:01:16,161,0
session_1957,home,0,2025-07-02 12:49:20,47,0
session_1957,product_page,1,2025-07-02 12:52:14,174,0
session_1958,home,0,2025-01-28 13:15:56,33,0
session_1958,product_page,1,2025-01-28 13:17:57,121,4
session_1959,home,0,2025-04-13 20:10:16,178,0
session_1959,product_page,1,2025-04-13 20:12:35,139,0
session_1960,home,0,2025-02-08 12:23:00,152,0
session_1960,product_page,1,2025-02-08 12:23:27,27,0
session_1961,home,0,2025-02-17 04:03:23,65,0
session_1961,product_page,1,2025-02-17 04:05:50,147,5
session_1961,cart,2,2025-02-17 04:06:32,42,5
session_1961,checkout,3,2025-02-17 04:08:30,118,5
session_1961,confirmation,4,2025-02-17 04:11:16,166,0
session_1962,home,0,2025-01-28 03:04:55,168,0
session_1962,product_page,1,2025-01-28 03:06:24,89,0
session_1963,home,0,2025-02-19 20:55:24,91,0
session_1964,home,0,2025-01-08 19:23:57,169,0
session_1964,product_page,1,2025-01-08 19:25:37,100,3
session_1964,cart,2,2025-01-08 19:27:25,108,3
session_1964,checkout,3,2025-01-08 19:27:56,31,3
session_1964,confirmation,4,2025-01-08 19:30:10,134,0
session_1965,home,0,2025-08-25 17:06:26,92,0
session_1965,product_page,1,2025-08-25 17:07:27,61,5
session_1965,cart,2,2025-08-25 17:08:34,67,5
session_1966,home,0,2025-08-16 22:06:11,104,0
session_1967,home,0,2025-07-22 18:42:07,176,0
session_1967,product_page,1,2025-07-22 18:42:55,48,4
session_1968,home,0,2025-07-26 16:52:44,130,0
session_1968,product_page,1,2025-07-26 16:53:23,39,2
session_1969,home,0,2025-07-08 19:43:50,86,0
session_1969,product_page,1,2025-07-08 19:45:27,97,0
session_1970,home,0,2025-03-11 09:50:43,152,0
session_1970,product_page,1,2025-03-11 09:53:04,141,4
session_1970,cart,2,2025-03-11 09:53:28,24,4
session_1970,checkout,3,2025-03-11 09:54:53,85,4
session_1970,confirmation,4,2025-03-11 09:55:18,25,0
session_1971,home,0,2025-01-10 23:14:36,95,0
session_1971,product_page,1,2025-01-10 23:17:20,164,4
session_1972,home,0,2025-01-16 08:18:28,38,0
session_1972,product_page,1,2025-01-16 08:20:34,126,0
session_1973,home,0,2025-04-09 13:33:27,51,0
session_1973,product_page,1,2025-04-09 13:36:27,180,5
session_1974,home,0,2025-06-18 06:21:21,73,0
session_1975,home,0,2025-06-14 00:00:33,126,0
session_1976,home,0,2025-02-13 01:36:25,71,0
session_1976,product_page,1,2025-02-13 01:38:09,104,3
session_1977,home,0,2025-07-06 02:20:41,21,0
session_1977,product_page,1,2025-07-06 02:21:19,38,4
session_1977,cart,2,2025-07-06 02:22:28,69,4
session_1977,checkout,3,2025-07-06 02:22:57,29,4
session_1977,confirmation,4,2025-07-06 02:24:07,70,0
session_1978,home,0,2025-03-04 10:43:08,70,0
session_1979,home,0,2025-04-17 09:49:13,47,0
session_1979,product_page,1,2025-04-17 09:50:39,86,0
session_1979,cart,2,2025-04-17 09:53:26,167,0
session_1979,checkout,3,2025-04-17 09:53:56,30,3
session_1979,confirmation,4,2025-04-17 09:56:00,124,0
session_1980,home,0,2025-08-21 13:09:03,98,0
session_1980,product_page,1,2025-08-21 13:09:25,22,1
session_1980,cart,2,2025-08-21 13:11:00,95,1
session_1980,checkout,3,2025-08-21 13:11:25,25,1
session_1980,confirmation,4,2025-08-21 13:12:17,52,0
session_1981,home,0,2025-04-16 18:42:27,154,0
session_1982,home,0,2025-06-23 10:01:45,173,0
session_1982,product_page,1,2025-06-23 10:02:02,17,0
session_1982,cart,2,2025-06-23 10:03:26,84,0
session_1982,checkout,3,2025-06-23 10:05:14,108,1
session_1982,confirmation,4,2025-06-23 10:06:55,101,0
session_1983,home,0,2025-05-24 20:55:01,44,0
session_1983,product_page,1,2025-05-24 20:57:31,150,5
session_1984,home,0,2025-04-23 03:13:57,44,0
session_1985,home,0,2025-08-01 08:13:00,37,0
session_1986,home,0,2025-06-04 05:20:57,102,0
session_1986,product_page,1,2025-06-04 05:22:34,97,2
session_1986,cart,2,2025-06-04 05:24:36,122,2
session_1986,checkout,3,2025-06-04 05:25:00,24,2
session_1986,confirmation,4,2025-06-04 05:28:00,180,0
session_1987,home,0,2025-02-23 03:42:29,174,0
session_1987,product_page,1,2025-02-23 03:44:41,132,3
session_1987,cart,2,2025-02-23 03:46:05,84,3
session_1988,home,0,2025-01-13 08:13:24,125,0
session_1988,product_page,1,2025-01-13 08:14:10,46,0
session_1988,cart,2,2025-01-13 08:15:31,81,4
session_1988,checkout,3,2025-01-13 08:17:04,93,4
session_1989,home,0,2025-05-12 02:20:22,115,0
session_1989,product_page,1,2025-05-12 02:22:06,104,0
session_1990,home,0,2025-06-27 15:57:04,78,0
session_1990,product_page,1,2025-06-27 15:59:57,173,0
session_1990,cart,2,2025-06-27 16:01:57,120,0
session_1990,checkout,3,2025-06-27 16:02:12,15,3
session_1991,home,0,2025-04-04 21:38:45,28,0
session_1991,product_page,1,2025-04-04 21:40:54,129,0
session_1992,home,0,2025-03-06 06:10:32,75,0
session_1993,home,0,2025-05-26 00:29:45,145,0
session_1993,product_page,1,2025-05-26 00:32:34,169,0
session_1993,cart,2,2025-05-26 00:33:21,47,1
session_1993,checkout,3,2025-05-26 00:34:14,53,1
session_1993,confirmation,4,2025-05-26 00:35:37,83,0
session_1994,home,0,2025-05-21 05:23:31,171,0
session_1994,product_page,1,2025-05-21 05:23:57,26,3
session_1994,cart,2,2025-05-21 05:26:32,155,3
session_1994,checkout,3,2025-05-21 05:27:41,69,3
session_1994,confirmation,4,2025-05-21 05:28:46,65,0
session_1995,home,0,2025-07-19 15:13:27,133,0
session_1995,product_page,1,2025-07-19 15:15:23,116,5
session_1995,cart,2,2025-07-19 15:16:55,92,5
session_1995,checkout,3,2025-07-19 15:19:24,149,5
session_1995,confirmation,4,2025-07-19 15:22:24,180,0
session_1996,home,0,2025-08-25 21:44:03,174,0
session_1996,product_page,1,2025-08-25 21:46:30,147,0
session_1997,home,0,2025-05-15 17:31:06,118,0
session_1997,product_page,1,2025-05-15 17:33:35,149,2
session_1998,home,0,2025-05-16 06:09:44,38,0
session_1998,product_page,1,2025-05-16 06:10:29,45,3
session_1998,cart,2,2025-05-16 06:11:14,45,3
session_1999,home,0,2025-03-08 15:32:14,36,0
session_1999,product_page,1,2025-03-08 15:33:26,72,0
session_2000,home,0,2025-07-12 16:02:29,80,0
session_2000,product_page,1,2025-07-12 16:03:52,83,0
session_2001,home,0,2025-07-13 15:23:22,117,0
session_2001,product_page,1,2025-07-13 15:23:47,25,4
session_2001,cart,2,2025-07-13 15:24:09,22,4
session_2002,home,0,2025-04-02 23:04:42,175,0
session_2003,home,0,2025-02-06 04:16:11,155,0
session_2003,product_page,1,2025-02-06 04:18:09,118,1
session_2004,home,0,2025-06-14 18:22:50,95,0
session_2004,product_page,1,2025-06-14 18:24:35,105,0
session_2005,home,0,2025-05-09 03:15:17,163,0
session_2005,product_page,1,2025-05-09 03:16:07,50,3
session_2005,cart,2,2025-05-09 03:17:37,90,3
session_2005,checkout,3,2025-05-09 03:18:07,30,3
session_2005,confirmation,4,2025-05-09 03:20:29,142,0
session_2006,home,0,2025-03-20 17:33:54,58,0
session_2007,home,0,2025-04-02 16:37:33,121,0
session_2007,product_page,1,2025-04-02 16:37:52,19,4
session_2008,home,0,2025-07-14 06:13:01,151,0
session_2009,home,0,2025-07-11 11:35:56,109,0
session_2010,home,0,2025-07-25 11:26:38,47,0
session_2010,product_page,1,2025-07-25 11:27:28,50,2
session_2010,cart,2,2025-07-25 11:28:46,78,2
session_2010,checkout,3,2025-07-25 11:31:14,148,2
session_2010,confirmation,4,2025-07-25 11:31:31,17,0
session_2011,home,0,2025-06-26 14:02:57,108,0
session_2011,product_page,1,2025-06-26 14:03:34,37,0
session_2012,home,0,2025-04-05 08:33:14,109,0
session_2012,product_page,1,2025-04-05 08:35:21,127,3
session_2013,home,0,2025-04-24 09:11:43,71,0
session_2013,product_page,1,2025-04-24 09:13:33,110,1
session_2014,home,0,2025-07-11 03:26:29,96,0
session_2014,product_page,1,2025-07-11 03:29:26,177,3
session_2015,home,0,2025-07-17 04:34:19,91,0
session_2015,product_page,1,2025-07-17 04:34:50,31,5
session_2016,home,0,2025-03-21 09:57:03,70,0
session_2017,home,0,2025-05-13 05:46:03,140,0
session_2017,product_page,1,2025-05-13 05:46:24,21,0
session_2018,home,0,2025-06-06 00:26:42,159,0
session_2018,product_page,1,2025-06-06 00:27:35,53,4
session_2018,cart,2,2025-06-06 00:30:12,157,4
session_2018,checkout,3,2025-06-06 00:32:35,143,4
session_2018,confirmation,4,2025-06-06 00:32:59,24,0
session_2019,home,0,2025-04-26 01:25:41,100,0
session_2020,home,0,2025-05-01 16:18:09,122,0
session_2021,home,0,2025-08-06 13:25:55,180,0
session_2022,home,0,2025-08-21 20:10:43,123,0
session_2022,product_page,1,2025-08-21 20:11:46,63,0
session_2023,home,0,2025-04-30 17:02:22,39,0
session_2024,home,0,2025-01-04 20:50:37,64,0
session_2024,product_page,1,2025-01-04 20:51:23,46,2
session_2025,home,0,2025-02-19 00:07:02,80,0
session_2025,product_page,1,2025-02-19 00:09:02,120,1
session_2026,home,0,2025-05-04 01:51:32,36,0
session_2026,product_page,1,2025-05-04 01:52:23,51,0
session_2027,home,0,2025-01-16 05:25:36,87,0
session_2027,product_page,1,2025-01-16 05:26:56,80,3
session_2028,home,0,2025-08-14 06:07:06,174,0
session_2028,product_page,1,2025-08-14 06:09:53,167,2
session_2028,cart,2,2025-08-14 06:11:06,73,2
session_2029,home,0,2025-06-11 11:48:47,146,0
session_2030,home,0,2025-06-17 14:57:08,25,0
session_2030,product_page,1,2025-06-17 14:59:09,121,2
session_2031,home,0,2025-08-21 06:20:17,91,0
session_2031,product_page,1,2025-08-21 06:20:34,17,5
session_2032,home,0,2025-04-13 07:12:53,31,0
session_2033,home,0,2025-04-03 02:26:59,60,0
session_2034,home,0,2025-08-17 11:15:18,116,0
session_2034,product_page,1,2025-08-17 11:16:59,101,1
session_2034,cart,2,2025-08-17 11:18:07,68,1
session_2034,checkout,3,2025-08-17 11:19:22,75,1
session_2034,confirmation,4,2025-08-17 11:19:45,23,0
session_2035,home,0,2025-07-23 19:01:52,96,0
session_2035,product_page,1,2025-07-23 19:03:24,92,4
session_2036,home,0,2025-01-26 10:01:22,88,0
session_2037,home,0,2025-07-15 06:39:57,115,0
session_2038,home,0,2025-05-07 04:35:01,38,0
session_2038,product_page,1,2025-05-07 04:37:53,172,1
session_2039,home,0,2025-06-19 00:10:00,52,0
session_2039,product_page,1,2025-06-19 00:12:24,144,5
session_2039,cart,2,2025-06-19 00:14:13,109,5
session_2040,home,0,2025-06-30 23:59:49,176,0
session_2040,product_page,1,2025-07-01 00:02:12,143,4
session_2041,home,0,2025-06-25 00:31:00,104,0
session_2041,product_page,1,2025-06-25 00:31:56,56,0
session_2041,cart,2,2025-06-25 00:34:45,169,0
session_2041,checkout,3,2025-06-25 00:35:16,31,1
session_2041,confirmation,4,2025-06-25 00:37:59,163,0
session_2042,home,0,2025-08-13 11:50:45,26,0
session_2042,product_page,1,2025-08-13 11:52:22,97,0
session_2042,cart,2,2025-08-13 11:53:35,73,2
session_2042,checkout,3,2025-08-13 11:55:11,96,2
session_2042,confirmation,4,2025-08-13 11:56:54,103,0
session_2043,home,0,2025-02-12 18:46:13,40,0
session_2043,product_page,1,2025-02-12 18:49:12,179,0
session_2044,home,0,2025-08-01 18:21:48,75,0
session_2044,product_page,1,2025-08-01 18:24:38,170,2
session_2045,home,0,2025-01-15 15:04:02,65,0
session_2045,product_page,1,2025-01-15 15:06:22,140,0
session_2046,home,0,2025-02-26 06:32:24,130,0
session_2047,home,0,2025-08-13 19:38:17,73,0
session_2047,product_page,1,2025-08-13 19:39:53,96,1
session_2047,cart,2,2025-08-13 19:41:02,69,1
session_2048,home,0,2025-02-09 07:50:35,68,0
session_2049,home,0,2025-02-23 12:22:09,168,0
session_2049,product_page,1,2025-02-23 12:24:11,122,2
session_2050,home,0,2025-08-28 19:42:26,40,0
session_2050,product_page,1,2025-08-28 19:42:46,20,0
session_2050,cart,2,2025-08-28 19:45:34,168,0
session_2051,home,0,2025-02-19 14:37:38,48,0
session_2052,home,0,2025-07-27 14:35:14,77,0
session_2052,product_page,1,2025-07-27 14:38:13,179,0
session_2053,home,0,2025-01-25 03:22:33,90,0
session_2053,product_page,1,2025-01-25 03:22:54,21,2
session_2053,cart,2,2025-01-25 03:25:17,143,2
session_2053,checkout,3,2025-01-25 03:27:57,160,2
session_2053,confirmation,4,2025-01-25 03:29:48,111,0
session_2054,home,0,2025-04-28 17:04:27,127,0
session_2054,product_page,1,2025-04-28 17:04:50,23,0
session_2055,home,0,2025-07-18 18:59:28,86,0
session_2056,home,0,2025-08-23 00:38:18,87,0
session_2057,home,0,2025-07-17 14:42:51,88,0
session_2057,product_page,1,2025-07-17 14:45:13,142,2
session_2058,home,0,2025-06-05 17:51:18,114,0
session_2058,product_page,1,2025-06-05 17:52:56,98,4
session_2059,home,0,2025-07-09 10:10:29,112,0
session_2060,home,0,2025-03-09 11:58:46,57,0
session_2060,product_page,1,2025-03-09 11:59:13,27,4
session_2061,home,0,2025-01-29 22:47:08,76,0
session_2061,product_page,1,2025-01-29 22:50:02,174,0
session_2062,home,0,2025-02-19 04:00:16,73,0
session_2062,product_page,1,2025-02-19 04:00:34,18,5
session_2063,home,0,2025-01-10 02:23:40,78,0
session_2063,product_page,1,2025-01-10 02:24:26,46,3
session_2063,cart,2,2025-01-10 02:26:52,146,3
session_2063,checkout,3,2025-01-10 02:27:18,26,3
session_2063,confirmation,4,2025-01-10 02:28:27,69,0
session_2064,home,0,2025-01-28 14:00:58,29,0
session_2064,product_page,1,2025-01-28 14:03:46,168,3
session_2064,cart,2,2025-01-28 14:05:16,90,3
session_2064,checkout,3,2025-01-28 14:07:51,155,3
session_2064,confirmation,4,2025-01-28 14:08:22,31,0
session_2065,home,0,2025-01-10 13:48:41,97,0
session_2066,home,0,2025-04-07 13:14:25,37,0
session_2067,home,0,2025-07-22 22:12:07,17,0
session_2067,product_page,1,2025-07-22 22:13:05,58,1
session_2067,cart,2,2025-07-22 22:14:29,84,1
session_2067,checkout,3,2025-07-22 22:16:18,109,1
session_2067,confirmation,4,2025-07-22 22:19:07,169,0
session_2068,home,0,2025-02-21 13:05:40,149,0
session_2068,product_page,1,2025-02-21 13:06:49,69,2
session_2068,cart,2,2025-02-21 13:07:56,67,2
session_2068,checkout,3,2025-02-21 13:08:52,56,2
session_2068,confirmation,4,2025-02-21 13:09:09,17,0
session_2069,home,0,2025-06-14 02:04:52,19,0
session_2070,home,0,2025-01-24 20:27:34,90,0
session_2070,product_page,1,2025-01-24 20:28:35,61,2
session_2070,cart,2,2025-01-24 20:30:24,109,2
session_2070,checkout,3,2025-01-24 20:33:19,175,2
session_2070,confirmation,4,2025-01-24 20:34:34,75,0
session_2071,home,0,2025-06-21 15:49:17,124,0
session_2072,home,0,2025-04-05 20:44:42,92,0
session_2072,product_page,1,2025-04-05 20:45:09,27,0
session_2073,home,0,2025-08-20 17:44:37,171,0
session_2073,product_page,1,2025-08-20 17:46:33,116,4
session_2074,home,0,2025-01-09 15:51:12,85,0
session_2075,home,0,2025-02-09 20:06:16,80,0
session_2075,product_page,1,2025-02-09 20:08:51,155,4
session_2076,home,0,2025-02-03 23:08:20,107,0
session_2076,product_page,1,2025-02-03 23:09:47,87,0
session_2077,home,0,2025-05-15 10:14:30,15,0
session_2077,product_page,1,2025-05-15 10:14:58,28,0
session_2078,home,0,2025-06-30 04:09:11,51,0
session_2078,product_page,1,2025-06-30 04:09:47,36,0
session_2079,home,0,2025-02-18 18:38:36,16,0
session_2079,product_page,1,2025-02-18 18:41:21,165,0
session_2080,home,0,2025-04-24 17:38:29,166,0
session_2080,product_page,1,2025-04-24 17:39:48,79,1
session_2081,home,0,2025-02-27 06:11:06,154,0
session_2081,product_page,1,2025-02-27 06:12:46,100,4
session_2082,home,0,2025-06-11 20:34:05,50,0
session_2082,product_page,1,2025-06-11 20:36:38,153,3
session_2083,home,0,2025-04-09 17:05:57,82,0
session_2084,home,0,2025-07-27 07:21:44,108,0
session_2084,product_page,1,2025-07-27 07:24:18,154,4
session_2084,cart,2,2025-07-27 07:24:53,35,4
session_2084,checkout,3,2025-07-27 07:25:10,17,4
session_2084,confirmation,4,2025-07-27 07:26:34,84,0
session_2085,home,0,2025-07-09 17:51:01,55,0
session_2085,product_page,1,2025-07-09 17:53:34,153,0
session_2086,home,0,2025-03-27 21:56:05,39,0
session_2086,product_page,1,2025-03-27 21:58:40,155,0
session_2087,home,0,2025-08-27 11:18:46,37,0
session_2087,product_page,1,2025-08-27 11:20:38,112,4
session_2088,home,0,2025-06-12 15:50:39,126,0
session_2088,product_page,1,2025-06-12 15:53:10,151,0
session_2089,home,0,2025-03-15 08:54:45,170,0
session_2089,product_page,1,2025-03-15 08:56:28,103,1
session_2090,home,0,2025-06-17 07:35:43,126,0
session_2090,product_page,1,2025-06-17 07:37:50,127,1
session_2091,home,0,2025-01-30 06:36:30,127,0
session_2091,product_page,1,2025-01-30 06:38:07,97,0
session_2092,home,0,2025-08-02 10:32:09,112,0
session_2093,home,0,2025-08-08 07:31:42,155,0
session_2093,product_page,1,2025-08-08 07:33:15,93,5
session_2094,home,0,2025-08-07 01:03:00,136,0
session_2094,product_page,1,2025-08-07 01:03:45,45,4
session_2095,home,0,2025-07-04 17:02:36,50,0
session_2096,home,0,2025-04-07 14:32:31,156,0
session_2096,product_page,1,2025-04-07 14:35:05,154,5
session_2096,cart,2,2025-04-07 14:36:01,56,5
session_2097,home,0,2025-01-04 04:10:30,153,0
session_2098,home,0,2025-02-03 05:00:51,127,0
session_2098,product_page,1,2025-02-03 05:02:56,125,5
session_2099,home,0,2025-08-31 06:55:35,21,0
session_2100,home,0,2025-05-14 15:24:55,15,0
session_2100,product_page,1,2025-05-14 15:27:01,126,4
session_2100,cart,2,2025-05-14 15:28:24,83,4
session_2101,home,0,2025-08-08 04:11:37,109,0
session_2101,product_page,1,2025-08-08 04:12:47,70,0
session_2101,cart,2,2025-08-08 04:15:26,159,4
session_2101,checkout,3,2025-08-08 04:16:32,66,4
session_2101,confirmation,4,2025-08-08 04:19:24,172,0
session_2102,home,0,2025-07-17 01:03:06,129,0
session_2102,product_page,1,2025-07-17 01:05:07,121,4
session_2103,home,0,2025-02-12 01:18:24,161,0
session_2103,product_page,1,2025-02-12 01:19:50,86,0
session_2104,home,0,2025-03-16 05:00:31,124,0
session_2104,product_page,1,2025-03-16 05:02:28,117,2
session_2105,home,0,2025-06-23 08:13:29,129,0
session_2105,product_page,1,2025-06-23 08:13:54,25,4
session_2106,home,0,2025-05-16 20:40:10,161,0
session_2106,product_page,1,2025-05-16 20:42:29,139,2
session_2107,home,0,2025-08-14 05:10:26,97,0
session_2107,product_page,1,2025-08-14 05:13:04,158,3
session_2108,home,0,2025-01-01 00:35:15,98,0
session_2108,product_page,1,2025-01-01 00:35:52,37,3
session_2108,cart,2,2025-01-01 00:37:24,92,3
session_2108,checkout,3,2025-01-01 00:39:24,120,3
session_2108,confirmation,4,2025-01-01 00:41:00,96,0
session_2109,home,0,2025-05-08 20:53:00,112,0
session_2110,home,0,2025-08-15 12:03:15,159,0
session_2110,product_page,1,2025-08-15 12:05:23,128,5
session_2111,home,0,2025-06-19 04:00:58,51,0
session_2112,home,0,2025-08-02 19:58:13,92,0
session_2112,product_page,1,2025-08-02 20:00:52,159,5
session_2113,home,0,2025-07-15 20:28:51,145,0
session_2114,home,0,2025-05-18 02:26:36,26,0
session_2114,product_page,1,2025-05-18 02:28:31,115,5
session_2115,home,0,2025-08-11 14:22:25,111,0
session_2115,product_page,1,2025-08-11 14:24:29,124,1
session_2116,home,0,2025-02-01 18:34:01,162,0
session_2116,product_page,1,2025-02-01 18:35:11,70,0
session_2116,cart,2,2025-02-01 18:36:12,61,0
session_2116,checkout,3,2025-02-01 18:36:29,17,2
session_2116,confirmation,4,2025-02-01 18:36:53,24,0
session_2117,home,0,2025-03-20 13:20:18,137,0
session_2117,product_page,1,2025-03-20 13:21:40,82,5
session_2118,home,0,2025-06-10 07:24:03,171,0
session_2118,product_page,1,2025-06-10 07:26:37,154,0
session_2118,cart,2,2025-06-10 07:29:35,178,5
session_2118,checkout,3,2025-06-10 07:30:46,71,5
session_2118,confirmation,4,2025-06-10 07:32:01,75,0
session_2119,home,0,2025-08-19 03:12:02,115,0
session_2119,product_page,1,2025-08-19 03:14:22,140,0
session_2119,cart,2,2025-08-19 03:17:05,163,3
session_2119,checkout,3,2025-08-19 03:17:51,46,3
session_2119,confirmation,4,2025-08-19 03:19:00,69,0
session_2120,home,0,2025-06-13 15:13:21,41,0
session_2121,home,0,2025-07-14 09:25:47,51,0
session_2121,product_page,1,2025-07-14 09:28:40,173,2
session_2121,cart,2,2025-07-14 09:30:57,137,2
session_2121,checkout,3,2025-07-14 09:32:17,80,2
session_2121,confirmation,4,2025-07-14 09:33:09,52,0
session_2122,home,0,2025-02-08 22:58:17,138,0
session_2122,product_page,1,2025-02-08 23:00:24,127,1
session_2122,cart,2,2025-02-08 23:01:47,83,1
session_2122,checkout,3,2025-02-08 23:03:13,86,1
session_2122,confirmation,4,2025-02-08 23:03:37,24,0
session_2123,home,0,2025-02-19 14:09:46,44,0
session_2123,product_page,1,2025-02-19 14:10:50,64,0
session_2123,cart,2,2025-02-19 14:12:51,121,4
session_2123,checkout,3,2025-02-19 14:14:49,118,4
session_2123,confirmation,4,2025-02-19 14:16:57,128,0
session_2124,home,0,2025-08-15 15:08:25,61,0
session_2125,home,0,2025-08-25 21:08:50,65,0
session_2125,product_page,1,2025-08-25 21:09:09,19,3
session_2125,cart,2,2025-08-25 21:10:15,66,3
session_2126,home,0,2025-03-26 14:56:44,44,0
session_2127,home,0,2025-04-01 21:48:40,36,0
session_2128,home,0,2025-08-14 14:22:52,164,0
session_2128,product_page,1,2025-08-14 14:24:59,127,0
session_2129,home,0,2025-08-27 09:55:22,137,0
session_2129,product_page,1,2025-08-27 09:57:08,106,0
session_2130,home,0,2025-02-11 01:00:14,83,0
session_2130,product_page,1,2025-02-11 01:02:46,152,0
session_2131,home,0,2025-04-29 03:11:17,170,0
session_2131,product_page,1,2025-04-29 03:14:07,170,0
session_2131,cart,2,2025-04-29 03:15:15,68,5
session_2131,checkout,3,2025-04-29 03:16:24,69,5
session_2131,confirmation,4,2025-04-29 03:17:55,91,0
session_2132,home,0,2025-02-23 07:04:15,33,0
session_2132,product_page,1,2025-02-23 07:06:24,129,0
session_2133,home,0,2025-01-27 14:11:04,20,0
session_2133,product_page,1,2025-01-27 14:11:57,53,4
session_2134,home,0,2025-08-14 17:19:45,153,0
session_2134,product_page,1,2025-08-14 17:21:22,97,0
session_2135,home,0,2025-05-27 21:08:12,171,0
session_2135,product_page,1,2025-05-27 21:10:32,140,4
session_2136,home,0,2025-02-19 08:04:11,137,0
session_2137,home,0,2025-07-09 18:43:50,71,0
session_2137,product_page,1,2025-07-09 18:44:53,63,2
session_2138,home,0,2025-05-28 04:09:19,84,0
session_2138,product_page,1,2025-05-28 04:10:37,78,0
session_2139,home,0,2025-04-04 05:05:14,91,0
session_2139,product_page,1,2025-04-04 05:06:12,58,1
session_2139,cart,2,2025-04-04 05:06:29,17,1
session_2139,checkout,3,2025-04-04 05:09:21,172,1
session_2139,confirmation,4,2025-04-04 05:09:58,37,0
session_2140,home,0,2025-03-21 14:24:48,170,0
session_2140,product_page,1,2025-03-21 14:26:32,104,0
session_2140,cart,2,2025-03-21 14:28:34,122,0
session_2140,checkout,3,2025-03-21 14:29:24,50,3
session_2140,confirmation,4,2025-03-21 14:29:49,25,0
session_2141,home,0,2025-01-05 06:51:38,102,0
session_2141,product_page,1,2025-01-05 06:53:31,113,0
session_2142,home,0,2025-06-08 03:42:21,150,0
session_2142,product_page,1,2025-06-08 03:45:18,177,0
session_2143,home,0,2025-07-15 21:14:31,178,0
session_2143,product_page,1,2025-07-15 21:17:24,173,0
session_2143,cart,2,2025-07-15 21:18:26,62,0
session_2143,checkout,3,2025-07-15 21:20:53,147,1
session_2143,confirmation,4,2025-07-15 21:22:00,67,0
session_2144,home,0,2025-08-18 10:22:42,60,0
session_2144,product_page,1,2025-08-18 10:24:39,117,0
session_2145,home,0,2025-08-10 16:54:32,27,0
session_2145,product_page,1,2025-08-10 16:56:00,88,2
session_2146,home,0,2025-06-03 09:42:53,46,0
session_2147,home,0,2025-03-24 21:06:27,56,0
session_2148,home,0,2025-08-08 13:29:43,163,0
session_2148,product_page,1,2025-08-08 13:30:05,22,1
session_2149,home,0,2025-06-01 11:06:40,153,0
session_2149,product_page,1,2025-06-01 11:07:49,69,3
session_2149,cart,2,2025-06-01 11:10:03,134,3
session_2150,home,0,2025-03-01 13:20:23,34,0
session_2150,product_page,1,2025-03-01 13:22:14,111,1
session_2150,cart,2,2025-03-01 13:24:55,161,1
session_2151,home,0,2025-07-17 15:06:21,46,0
session_2151,product_page,1,2025-07-17 15:07:48,87,5
session_2152,home,0,2025-08-06 01:25:22,112,0
session_2153,home,0,2025-08-09 11:15:17,163,0
session_2153,product_page,1,2025-08-09 11:16:22,65,0
session_2153,cart,2,2025-08-09 11:19:14,172,3
session_2153,checkout,3,2025-08-09 11:20:52,98,3
session_2153,confirmation,4,2025-08-09 11:21:25,33,0
session_2154,home,0,2025-07-05 22:39:26,148,0
session_2154,product_page,1,2025-07-05 22:40:55,89,5
session_2154,cart,2,2025-07-05 22:43:29,154,5
session_2154,checkout,3,2025-07-05 22:45:49,140,5
session_2155,home,0,2025-01-15 23:56:10,134,0
session_2155,product_page,1,2025-01-15 23:58:33,143,2
session_2156,home,0,2025-07-17 09:45:51,54,0
session_2156,product_page,1,2025-07-17 09:46:51,60,1
session_2157,home,0,2025-04-15 04:14:00,27,0
session_2157,product_page,1,2025-04-15 04:15:53,113,2
session_2158,home,0,2025-06-02 08:34:51,148,0
session_2158,product_page,1,2025-06-02 08:37:24,153,1
session_2159,home,0,2025-03-07 00:35:54,45,0
session_2159,product_page,1,2025-03-07 00:36:31,37,3
session_2160,home,0,2025-01-25 09:17:47,99,0
session_2161,home,0,2025-07-09 21:28:29,168,0
session_2162,home,0,2025-03-01 23:12:41,70,0
session_2162,product_page,1,2025-03-01 23:15:06,145,0
session_2162,cart,2,2025-03-01 23:15:48,42,0
session_2162,checkout,3,2025-03-01 23:17:38,110,3
session_2162,confirmation,4,2025-03-01 23:19:50,132,0
session_2163,home,0,2025-01-12 19:12:30,103,0
session_2163,product_page,1,2025-01-12 19:14:29,119,5
session_2164,home,0,2025-01-28 07:42:06,42,0
session_2165,home,0,2025-04-09 19:31:15,145,0
session_2166,home,0,2025-05-16 14:33:23,17,0
session_2166,product_page,1,2025-05-16 14:34:39,76,2
session_2167,home,0,2025-04-16 13:05:53,91,0
session_2168,home,0,2025-06-21 05:44:19,55,0
session_2168,product_page,1,2025-06-21 05:45:45,86,0
session_2169,home,0,2025-08-10 10:25:37,121,0
session_2169,product_page,1,2025-08-10 10:27:26,109,4
session_2169,cart,2,2025-08-10 10:30:23,177,4
session_2169,checkout,3,2025-08-10 10:30:38,15,4
session_2169,confirmation,4,2025-08-10 10:32:55,137,0
session_2170,home,0,2025-04-03 13:20:11,143,0
session_2170,product_page,1,2025-04-03 13:22:31,140,3
session_2170,cart,2,2025-04-03 13:22:57,26,3
session_2170,checkout,3,2025-04-03 13:25:29,152,3
session_2170,confirmation,4,2025-04-03 13:27:42,133,0
session_2171,home,0,2025-03-18 19:21:32,177,0
session_2171,product_page,1,2025-03-18 19:22:12,40,5
session_2172,home,0,2025-02-20 05:53:26,93,0
session_2172,product_page,1,2025-02-20 05:55:49,143,1
session_2173,home,0,2025-06-22 01:13:58,178,0
session_2173,product_page,1,2025-06-22 01:16:11,133,0
session_2174,home,0,2025-03-14 10:14:14,36,0
session_2174,product_page,1,2025-03-14 10:15:07,53,2
session_2174,cart,2,2025-03-14 10:16:35,88,2
session_2175,home,0,2025-05-26 11:10:01,174,0
session_2175,product_page,1,2025-05-26 11:10:19,18,0
session_2175,cart,2,2025-05-26 11:10:59,40,1
session_2176,home,0,2025-03-09 09:24:55,95,0
session_2177,home,0,2025-06-15 21:31:33,133,0
session_2177,product_page,1,2025-06-15 21:31:57,24,4
session_2178,home,0,2025-08-31 05:45:15,128,0
session_2179,home,0,2025-05-09 23:59:27,28,0
session_2180,home,0,2025-06-30 11:28:57,113,0
session_2181,home,0,2025-03-19 01:09:15,128,0
session_2181,product_page,1,2025-03-19 01:10:53,98,4
session_2182,home,0,2025-08-11 21:52:27,71,0
session_2182,product_page,1,2025-08-11 21:53:40,73,3
session_2183,home,0,2025-02-05 19:03:11,90,0
session_2183,product_page,1,2025-02-05 19:04:58,107,0
session_2183,cart,2,2025-02-05 19:06:52,114,5
session_2183,checkout,3,2025-02-05 19:08:23,91,5
session_2183,confirmation,4,2025-02-05 19:11:22,179,0
session_2184,home,0,2025-02-14 10:06:40,120,0
session_2184,product_page,1,2025-02-14 10:07:32,52,0
session_2185,home,0,2025-05-13 11:50:43,46,0
session_2185,product_page,1,2025-05-13 11:52:25,102,5
session_2185,cart,2,2025-05-13 11:54:43,138,5
session_2185,checkout,3,2025-05-13 11:55:03,20,5
session_2185,confirmation,4,2025-05-13 11:57:58,175,0
session_2186,home,0,2025-07-03 10:48:42,143,0
session_2186,product_page,1,2025-07-03 10:50:52,130,0
session_2187,home,0,2025-05-09 04:03:13,119,0
session_2187,product_page,1,2025-05-09 04:04:52,99,2
session_2187,cart,2,2025-05-09 04:07:38,166,2
session_2188,home,0,2025-05-02 08:44:37,125,0
session_2188,product_page,1,2025-05-02 08:46:33,116,0
session_2189,home,0,2025-03-16 01:50:57,146,0
session_2190,home,0,2025-03-04 19:33:09,180,0
session_2190,product_page,1,2025-03-04 19:34:28,79,2
session_2190,cart,2,2025-03-04 19:37:18,170,2
session_2190,checkout,3,2025-03-04 19:38:13,55,2
session_2190,confirmation,4,2025-03-04 19:39:01,48,0
session_2191,home,0,2025-02-14 08:23:10,178,0
session_2191,product_page,1,2025-02-14 08:25:44,154,0
session_2192,home,0,2025-07-08 12:33:49,118,0
session_2192,product_page,1,2025-07-08 12:36:34,165,0
session_2192,cart,2,2025-07-08 12:39:31,177,0
session_2193,home,0,2025-01-11 04:04:09,97,0
session_2193,product_page,1,2025-01-11 04:06:45,156,5
session_2194,home,0,2025-08-31 15:48:33,78,0
session_2194,product_page,1,2025-08-31 15:49:24,51,4
session_2195,home,0,2025-02-17 19:39:00,130,0
session_2195,product_page,1,2025-02-17 19:40:56,116,0
session_2196,home,0,2025-01-15 07:40:44,51,0
session_2196,product_page,1,2025-01-15 07:43:26,162,0
session_2197,home,0,2025-08-07 09:11:04,64,0
session_2197,product_page,1,2025-08-07 09:13:01,117,0
session_2198,home,0,2025-08-24 12:05:36,98,0
session_2198,product_page,1,2025-08-24 12:08:35,179,4
session_2199,home,0,2025-01-24 00:51:01,171,0
session_2200,home,0,2025-02-02 20:18:22,79,0
session_2200,product_page,1,2025-02-02 20:19:28,66,0
session_2201,home,0,2025-01-31 03:57:06,51,0
session_2201,product_page,1,2025-01-31 03:58:19,73,0
session_2202,home,0,2025-07-27 19:14:11,60,0
session_2203,home,0,2025-05-13 13:05:35,61,0
session_2203,product_page,1,2025-05-13 13:07:21,106,3
session_2203,cart,2,2025-05-13 13:09:14,113,3
session_2204,home,0,2025-04-12 09:12:19,46,0
session_2204,product_page,1,2025-04-12 09:14:46,147,0
session_2204,cart,2,2025-04-12 09:17:07,141,1
session_2204,checkout,3,2025-04-12 09:19:06,119,1
session_2204,confirmation,4,2025-04-12 09:21:14,128,0
session_2205,home,0,2025-01-10 22:05:07,44,0
session_2205,product_page,1,2025-01-10 22:05:36,29,1
session_2206,home,0,2025-04-07 16:51:59,149,0
session_2206,product_page,1,2025-04-07 16:52:31,32,0
session_2207,home,0,2025-05-02 03:27:35,163,0
session_2207,product_page,1,2025-05-02 03:30:31,176,0
session_2208,home,0,2025-04-22 16:36:09,87,0
session_2208,product_page,1,2025-04-22 16:37:36,87,5
session_2208,cart,2,2025-04-22 16:38:46,70,5
session_2208,checkout,3,2025-04-22 16:40:40,114,5
session_2208,confirmation,4,2025-04-22 16:43:27,167,0
session_2209,home,0,2025-05-03 23:24:51,50,0
session_2210,home,0,2025-04-14 17:43:24,53,0
session_2211,home,0,2025-06-15 19:30:54,55,0
session_2211,product_page,1,2025-06-15 19:31:48,54,4
session_2212,home,0,2025-06-30 09:02:51,64,0
session_2212,product_page,1,2025-06-30 09:03:14,23,1
session_2212,cart,2,2025-06-30 09:04:08,54,1
session_2212,checkout,3,2025-06-30 09:05:15,67,1
session_2212,confirmation,4,2025-06-30 09:06:20,65,0
session_2213,home,0,2025-06-19 19:15:06,99,0
session_2213,product_page,1,2025-06-19 19:16:58,112,2
session_2214,home,0,2025-03-25 12:21:51,122,0
session_2214,product_page,1,2025-03-25 12:22:48,57,0
session_2215,home,0,2025-03-16 06:00:58,106,0
session_2215,product_page,1,2025-03-16 06:01:27,29,0
session_2215,cart,2,2025-03-16 06:04:25,178,0
session_2216,home,0,2025-08-21 18:21:39,30,0
session_2216,product_page,1,2025-08-21 18:24:38,179,3
session_2216,cart,2,2025-08-21 18:26:34,116,3
session_2216,checkout,3,2025-08-21 18:27:00,26,3
session_2216,confirmation,4,2025-08-21 18:27:27,27,0
session_2217,home,0,2025-05-03 07:34:32,20,0
session_2217,product_page,1,2025-05-03 07:34:51,19,3
session_2217,cart,2,2025-05-03 07:35:46,55,3
session_2217,checkout,3,2025-05-03 07:36:41,55,3
session_2217,confirmation,4,2025-05-03 07:37:09,28,0
session_2218,home,0,2025-03-02 07:21:44,178,0
session_2219,home,0,2025-06-02 21:09:52,166,0
session_2219,product_page,1,2025-06-02 21:11:22,90,0
session_2219,cart,2,2025-06-02 21:12:49,87,2
session_2219,checkout,3,2025-06-02 21:13:28,39,2
session_2219,confirmation,4,2025-06-02 21:15:02,94,0
session_2220,home,0,2025-07-24 05:58:25,87,0
session_2220,product_page,1,2025-07-24 05:58:40,15,0
session_2221,home,0,2025-05-24 19:35:19,70,0
session_2221,product_page,1,2025-05-24 19:35:41,22,0
session_2222,home,0,2025-07-25 11:44:31,63,0
session_2222,product_page,1,2025-07-25 11:45:43,72,0
session_2222,cart,2,2025-07-25 11:46:40,57,5
session_2222,checkout,3,2025-07-25 11:47:35,55,5
session_2222,confirmation,4,2025-07-25 11:50:19,164,0
session_2223,home,0,2025-07-18 21:29:30,73,0
session_2223,product_page,1,2025-07-18 21:32:24,174,1
session_2223,cart,2,2025-07-18 21:33:15,51,1
session_2223,checkout,3,2025-07-18 21:35:25,130,1
session_2223,confirmation,4,2025-07-18 21:36:56,91,0
session_2224,home,0,2025-02-08 23:30:45,39,0
session_2225,home,0,2025-07-06 20:49:30,128,0
session_2225,product_page,1,2025-07-06 20:51:52,142,5
session_2226,home,0,2025-03-21 19:16:42,130,0
session_2226,product_page,1,2025-03-21 19:18:32,110,3
session_2227,home,0,2025-03-27 07:22:20,150,0
session_2227,product_page,1,2025-03-27 07:25:09,169,4
session_2227,cart,2,2025-03-27 07:26:52,103,4
session_2227,checkout,3,2025-03-27 07:29:34,162,4
session_2227,confirmation,4,2025-03-27 07:31:57,143,0
session_2228,home,0,2025-04-25 14:24:59,132,0
session_2228,product_page,1,2025-04-25 14:26:52,113,0
session_2228,cart,2,2025-04-25 14:28:04,72,1
session_2229,home,0,2025-06-04 18:50:45,102,0
session_2229,product_page,1,2025-06-04 18:51:38,53,0
session_2229,cart,2,2025-06-04 18:53:10,92,2
session_2229,checkout,3,2025-06-04 18:55:36,146,2
session_2229,confirmation,4,2025-06-04 18:55:55,19,0
session_2230,home,0,2025-07-30 04:40:42,128,0
session_2230,product_page,1,2025-07-30 04:41:43,61,3
session_2230,cart,2,2025-07-30 04:44:42,179,3
session_2231,home,0,2025-06-24 08:06:25,87,0
session_2231,product_page,1,2025-06-24 08:07:07,42,2
session_2232,home,0,2025-05-14 01:05:32,25,0
session_2233,home,0,2025-07-13 21:05:05,58,0
session_2233,product_page,1,2025-07-13 21:05:30,25,4
session_2234,home,0,2025-07-18 11:06:37,54,0
session_2235,home,0,2025-05-02 03:55:32,83,0
session_2235,product_page,1,2025-05-02 03:57:49,137,0
session_2236,home,0,2025-05-21 18:56:26,158,0
session_2236,product_page,1,2025-05-21 18:59:24,178,5
session_2237,home,0,2025-05-14 05:44:22,71,0
session_2237,product_page,1,2025-05-14 05:45:12,50,1
session_2238,home,0,2025-05-05 20:05:45,130,0
session_2238,product_page,1,2025-05-05 20:06:40,55,4
session_2239,home,0,2025-05-29 05:24:59,156,0
session_2240,home,0,2025-05-11 16:34:53,152,0
session_2240,product_page,1,2025-05-11 16:36:19,86,5
session_2240,cart,2,2025-05-11 16:38:50,151,5
session_2240,checkout,3,2025-05-11 16:41:03,133,5
session_2240,confirmation,4,2025-05-11 16:42:52,109,0
session_2241,home,0,2025-07-04 02:05:26,150,0
session_2241,product_page,1,2025-07-04 02:06:58,92,1
session_2241,cart,2,2025-07-04 02:08:19,81,1
session_2241,checkout,3,2025-07-04 02:10:05,106,1
session_2241,confirmation,4,2025-07-04 02:12:33,148,0
session_2242,home,0,2025-08-31 03:43:42,108,0
session_2242,product_page,1,2025-08-31 03:43:59,17,3
session_2243,home,0,2025-05-12 01:31:59,168,0
session_2243,product_page,1,2025-05-12 01:32:40,41,3
session_2243,cart,2,2025-05-12 01:33:12,32,3
session_2243,checkout,3,2025-05-12 01:34:56,104,3
session_2243,confirmation,4,2025-05-12 01:37:45,169,0
session_2244,home,0,2025-01-12 17:02:33,66,0
session_2244,product_page,1,2025-01-12 17:03:07,34,1
session_2245,home,0,2025-08-22 03:31:14,16,0
session_2245,product_page,1,2025-08-22 03:33:15,121,0
session_2245,cart,2,2025-08-22 03:33:35,20,5
session_2246,home,0,2025-08-23 12:00:55,79,0
session_2246,product_page,1,2025-08-23 12:02:32,97,4
session_2247,home,0,2025-06-02 22:06:13,173,0
session_2247,product_page,1,2025-06-02 22:07:56,103,4
session_2248,home,0,2025-04-29 16:04:57,96,0
session_2248,product_page,1,2025-04-29 16:07:41,164,2
session_2248,cart,2,2025-04-29 16:09:24,103,2
session_2248,checkout,3,2025-04-29 16:10:44,80,2
session_2248,confirmation,4,2025-04-29 16:11:11,27,0
session_2249,home,0,2025-07-03 06:04:44,121,0
session_2250,home,0,2025-06-27 15:07:19,88,0
session_2250,product_page,1,2025-06-27 15:10:14,175,0
session_2251,home,0,2025-04-13 17:01:35,138,0
session_2251,product_page,1,2025-04-13 17:03:46,131,3
session_2251,cart,2,2025-04-13 17:06:25,159,3
session_2251,checkout,3,2025-04-13 17:08:33,128,3
session_2251,confirmation,4,2025-04-13 17:10:42,129,0
session_2252,home,0,2025-07-21 05:51:37,37,0
session_2252,product_page,1,2025-07-21 05:52:52,75,0
session_2252,cart,2,2025-07-21 05:54:27,95,4
session_2252,checkout,3,2025-07-21 05:56:25,118,4
session_2252,confirmation,4,2025-07-21 05:58:17,112,0
session_2253,home,0,2025-06-07 13:39:54,158,0
session_2254,home,0,2025-03-16 10:17:00,77,0
session_2254,product_page,1,2025-03-16 10:18:29,89,4
session_2255,home,0,2025-07-13 20:02:56,62,0
session_2255,product_page,1,2025-07-13 20:03:30,34,4
session_2256,home,0,2025-02-07 17:07:20,114,0
session_2257,home,0,2025-02-27 00:40:48,72,0
session_2257,product_page,1,2025-02-27 00:42:52,124,0
session_2258,home,0,2025-02-16 20:23:13,176,0
session_2258,product_page,1,2025-02-16 20:25:52,159,3
session_2258,cart,2,2025-02-16 20:28:13,141,3
session_2258,checkout,3,2025-02-16 20:28:41,28,3
session_2258,confirmation,4,2025-02-16 20:31:34,173,0
session_2259,home,0,2025-08-31 00:25:27,56,0
session_2260,home,0,2025-02-26 14:34:40,113,0
session_2260,product_page,1,2025-02-26 14:34:55,15,1
session_2261,home,0,2025-03-02 09:37:05,55,0
session_2261,product_page,1,2025-03-02 09:38:15,70,3
session_2262,home,0,2025-02-21 11:23:16,106,0
session_2262,product_page,1,2025-02-21 11:24:10,54,3
session_2262,cart,2,2025-02-21 11:27:08,178,3
session_2262,checkout,3,2025-02-21 11:27:32,24,3
session_2262,confirmation,4,2025-02-21 11:27:51,19,0
session_2263,home,0,2025-01-30 04:52:32,65,0
session_2264,home,0,2025-01-03 00:44:52,20,0
session_2264,product_page,1,2025-01-03 00:46:12,80,0
session_2265,home,0,2025-01-29 02:40:11,99,0
session_2266,home,0,2025-07-27 08:29:47,108,0
session_2266,product_page,1,2025-07-27 08:30:24,37,3
session_2266,cart,2,2025-07-27 08:32:02,98,3
session_2266,checkout,3,2025-07-27 08:35:02,180,3
session_2266,confirmation,4,2025-07-27 08:35:33,31,0
session_2267,home,0,2025-01-10 14:47:54,97,0
session_2267,product_page,1,2025-01-10 14:49:24,90,4
session_2268,home,0,2025-06-06 15:15:34,178,0
session_2268,product_page,1,2025-06-06 15:17:56,142,1
session_2269,home,0,2025-02-04 12:22:44,114,0
session_2269,product_page,1,2025-02-04 12:25:44,180,1
session_2269,cart,2,2025-02-04 12:27:03,79,1
session_2269,checkout,3,2025-02-04 12:29:41,158,1
session_2269,confirmation,4,2025-02-04 12:31:31,110,0
session_2270,home,0,2025-02-04 22:58:03,175,0
session_2270,product_page,1,2025-02-04 22:59:19,76,2
session_2271,home,0,2025-04-08 03:05:47,177,0
session_2272,home,0,2025-05-04 00:05:57,81,0
session_2272,product_page,1,2025-05-04 00:06:48,51,5
session_2272,cart,2,2025-05-04 00:08:07,79,5
session_2272,checkout,3,2025-05-04 00:08:42,35,5
session_2272,confirmation,4,2025-05-04 00:11:41,179,0
session_2273,home,0,2025-01-03 06:48:33,159,0
session_2273,product_page,1,2025-01-03 06:51:00,147,0
session_2274,home,0,2025-04-06 16:41:58,55,0
session_2274,product_page,1,2025-04-06 16:44:32,154,0
session_2274,cart,2,2025-04-06 16:46:59,147,1
session_2274,checkout,3,2025-04-06 16:49:25,146,1
session_2274,confirmation,4,2025-04-06 16:51:36,131,0
session_2275,home,0,2025-08-16 15:51:37,76,0
session_2275,product_page,1,2025-08-16 15:53:45,128,0
session_2275,cart,2,2025-08-16 15:54:09,24,2
session_2275,checkout,3,2025-08-16 15:54:25,16,2
session_2275,confirmation,4,2025-08-16 15:55:00,35,0
session_2276,home,0,2025-07-14 10:41:46,17,0
session_2276,product_page,1,2025-07-14 10:43:24,98,5
session_2277,home,0,2025-03-06 07:12:50,30,0
session_2277,product_page,1,2025-03-06 07:15:03,133,2
session_2277,cart,2,2025-03-06 07:17:14,131,2
session_2277,checkout,3,2025-03-06 07:17:50,36,2
session_2277,confirmation,4,2025-03-06 07:19:18,88,0
session_2278,home,0,2025-03-28 04:55:28,155,0
session_2278,product_page,1,2025-03-28 04:57:00,92,3
session_2279,home,0,2025-02-04 05:27:35,117,0
session_2279,product_page,1,2025-02-04 05:29:35,120,5
session_2279,cart,2,2025-02-04 05:31:20,105,5
session_2279,checkout,3,2025-02-04 05:31:38,18,5
session_2279,confirmation,4,2025-02-04 05:32:33,55,0
session_2280,home,0,2025-03-31 07:02:23,172,0
session_2280,product_page,1,2025-03-31 07:02:59,36,2
session_2281,home,0,2025-03-03 18:19:49,81,0
session_2281,product_page,1,2025-03-03 18:20:13,24,0
session_2282,home,0,2025-07-08 06:38:32,26,0
session_2283,home,0,2025-03-09 04:02:21,166,0
session_2283,product_page,1,2025-03-09 04:04:35,134,3
session_2284,home,0,2025-02-27 21:40:56,144,0
session_2284,product_page,1,2025-02-27 21:42:47,111,0
session_2284,cart,2,2025-02-27 21:45:21,154,4
session_2285,home,0,2025-04-30 03:10:16,176,0
session_2285,product_page,1,2025-04-30 03:12:01,105,3
session_2286,home,0,2025-03-13 14:38:02,79,0
session_2286,product_page,1,2025-03-13 14:38:20,18,0
session_2286,cart,2,2025-03-13 14:41:12,172,3
session_2286,checkout,3,2025-03-13 14:42:05,53,3
session_2286,confirmation,4,2025-03-13 14:44:11,126,0
session_2287,home,0,2025-05-19 17:23:46,47,0
session_2288,home,0,2025-02-10 21:17:14,116,0
session_2288,product_page,1,2025-02-10 21:20:02,168,4
session_2288,cart,2,2025-02-10 21:22:42,160,4
session_2288,checkout,3,2025-02-10 21:25:00,138,4
session_2288,confirmation,4,2025-02-10 21:26:55,115,0
session_2289,home,0,2025-03-17 02:35:49,124,0
session_2290,home,0,2025-05-12 11:51:07,42,0
session_2290,product_page,1,2025-05-12 11:53:43,156,0
session_2291,home,0,2025-07-07 00:05:48,27,0
session_2291,product_page,1,2025-07-07 00:06:52,64,1
session_2291,cart,2,2025-07-07 00:07:16,24,1
session_2292,home,0,2025-08-16 01:23:15,154,0
session_2292,product_page,1,2025-08-16 01:24:50,95,4
session_2292,cart,2,2025-08-16 01:27:11,141,4
session_2292,checkout,3,2025-08-16 01:29:48,157,4
session_2292,confirmation,4,2025-08-16 01:30:36,48,0
session_2293,home,0,2025-05-25 15:47:37,29,0
session_2293,product_page,1,2025-05-25 15:50:21,164,2
session_2294,home,0,2025-06-29 10:35:27,170,0
session_2294,product_page,1,2025-06-29 10:38:27,180,4
session_2295,home,0,2025-01-16 20:47:24,65,0
session_2295,product_page,1,2025-01-16 20:47:42,18,0
session_2295,cart,2,2025-01-16 20:48:17,35,2
session_2296,home,0,2025-08-17 18:12:01,54,0
session_2296,product_page,1,2025-08-17 18:12:28,27,0
session_2296,cart,2,2025-08-17 18:12:44,16,4
session_2296,checkout,3,2025-08-17 18:14:09,85,4
session_2296,confirmation,4,2025-08-17 18:15:54,105,0
session_2297,home,0,2025-06-17 16:19:44,169,0
session_2297,product_page,1,2025-06-17 16:22:07,143,0
session_2298,home,0,2025-08-22 23:49:34,123,0
session_2298,product_page,1,2025-08-22 23:50:45,71,0
session_2299,home,0,2025-05-02 18:38:17,180,0
session_2300,home,0,2025-08-02 04:24:34,159,0
session_2301,home,0,2025-03-19 10:30:02,88,0
session_2301,product_page,1,2025-03-19 10:31:33,91,4
session_2301,cart,2,2025-03-19 10:32:28,55,4
session_2301,checkout,3,2025-03-19 10:33:49,81,4
session_2301,confirmation,4,2025-03-19 10:35:20,91,0
session_2302,home,0,2025-06-09 09:40:53,50,0
session_2302,product_page,1,2025-06-09 09:43:49,176,0
session_2303,home,0,2025-07-23 20:07:41,61,0
session_2303,product_page,1,2025-07-23 20:10:08,147,3
session_2304,home,0,2025-04-11 16:49:23,115,0
session_2304,product_page,1,2025-04-11 16:51:41,138,1
session_2304,cart,2,2025-04-11 16:53:28,107,1
session_2304,checkout,3,2025-04-11 16:54:25,57,1
session_2304,confirmation,4,2025-04-11 16:56:22,117,0
session_2305,home,0,2025-08-14 18:32:03,36,0
session_2305,product_page,1,2025-08-14 18:32:36,33,1
session_2306,home,0,2025-01-16 03:24:35,139,0
session_2306,product_page,1,2025-01-16 03:26:44,129,5
session_2307,home,0,2025-08-22 20:17:29,45,0
session_2308,home,0,2025-04-05 20:31:27,166,0
session_2309,home,0,2025-02-07 21:03:59,102,0
session_2309,product_page,1,2025-02-07 21:05:24,85,3
session_2310,home,0,2025-04-08 10:20:34,32,0
session_2310,product_page,1,2025-04-08 10:22:56,142,4
session_2311,home,0,2025-07-06 10:09:20,121,0
session_2311,product_page,1,2025-07-06 10:11:46,146,0
session_2311,cart,2,2025-07-06 10:13:09,83,0
session_2311,checkout,3,2025-07-06 10:16:04,175,3
session_2311,confirmation,4,2025-07-06 10:17:38,94,0
session_2312,home,0,2025-07-28 20:39:23,46,0
session_2312,product_page,1,2025-07-28 20:41:19,116,0
session_2313,home,0,2025-07-08 10:06:35,62,0
session_2313,product_page,1,2025-07-08 10:07:24,49,0
session_2314,home,0,2025-02-19 00:28:56,37,0
session_2314,product_page,1,2025-02-19 00:30:05,69,3
session_2314,cart,2,2025-02-19 00:31:27,82,3
session_2314,checkout,3,2025-02-19 00:34:10,163,3
session_2314,confirmation,4,2025-02-19 00:35:21,71,0
session_2315,home,0,2025-06-27 11:44:15,60,0
session_2315,product_page,1,2025-06-27 11:46:02,107,0
session_2315,cart,2,2025-06-27 11:47:11,69,0
session_2316,home,0,2025-07-29 00:02:49,54,0
session_2316,product_page,1,2025-07-29 00:05:00,131,3
session_2317,home,0,2025-02-12 23:58:15,43,0
session_2317,product_page,1,2025-02-12 23:58:46,31,0
session_2317,cart,2,2025-02-13 00:00:57,131,0
session_2317,checkout,3,2025-02-13 00:01:49,52,3
session_2317,confirmation,4,2025-02-13 00:03:40,111,0
session_2318,home,0,2025-03-29 01:37:30,142,0
session_2318,product_page,1,2025-03-29 01:39:21,111,2
session_2319,home,0,2025-01-19 09:21:19,149,0
session_2319,product_page,1,2025-01-19 09:23:57,158,0
session_2319,cart,2,2025-01-19 09:25:31,94,1
session_2319,checkout,3,2025-01-19 09:27:00,89,1
session_2319,confirmation,4,2025-01-19 09:28:37,97,0
session_2320,home,0,2025-08-25 10:44:05,39,0
session_2320,product_page,1,2025-08-25 10:44:44,39,0
session_2320,cart,2,2025-08-25 10:45:20,36,3
session_2320,checkout,3,2025-08-25 10:48:12,172,3
session_2320,confirmation,4,2025-08-25 10:50:58,166,0
session_2321,home,0,2025-05-09 01:40:06,145,0
session_2321,product_page,1,2025-05-09 01:41:46,100,0
session_2322,home,0,2025-06-19 22:38:21,125,0
session_2322,product_page,1,2025-06-19 22:40:16,115,0
session_2322,cart,2,2025-06-19 22:41:56,100,0
session_2322,checkout,3,2025-06-19 22:43:45,109,1
session_2322,confirmation,4,2025-06-19 22:46:39,174,0
session_2323,home,0,2025-05-07 12:13:50,130,0
session_2323,product_page,1,2025-05-07 12:14:31,41,3
session_2324,home,0,2025-06-07 09:03:33,33,0
session_2324,product_page,1,2025-06-07 09:06:08,155,4
session_2324,cart,2,2025-06-07 09:08:27,139,4
session_2324,checkout,3,2025-06-07 09:09:30,63,4
session_2324,confirmation,4,2025-06-07 09:12:07,157,0
session_2325,home,0,2025-07-12 22:28:30,101,0
session_2325,product_page,1,2025-07-12 22:29:53,83,0
session_2325,cart,2,2025-07-12 22:30:31,38,0
session_2325,checkout,3,2025-07-12 22:33:29,178,3
session_2325,confirmation,4,2025-07-12 22:35:17,108,0
session_2326,home,0,2025-04-16 01:02:00,73,0
session_2327,home,0,2025-01-13 20:17:12,165,0
session_2327,product_page,1,2025-01-13 20:18:47,95,0
session_2327,cart,2,2025-01-13 20:21:40,173,4
session_2328,home,0,2025-05-29 17:54:29,56,0
session_2328,product_page,1,2025-05-29 17:55:18,49,4
session_2329,home,0,2025-02-07 05:38:51,180,0
session_2329,product_page,1,2025-02-07 05:39:14,23,3
session_2330,home,0,2025-02-25 01:34:40,132,0
session_2330,product_page,1,2025-02-25 01:37:40,180,1
session_2331,home,0,2025-03-23 16:53:26,136,0
session_2331,product_page,1,2025-03-23 16:56:08,162,2
session_2332,home,0,2025-05-26 03:07:50,63,0
session_2333,home,0,2025-02-03 22:29:35,123,0
session_2333,product_page,1,2025-02-03 22:31:26,111,5
session_2334,home,0,2025-03-26 09:14:13,167,0
session_2334,product_page,1,2025-03-26 09:17:05,172,0
session_2334,cart,2,2025-03-26 09:17:50,45,0
session_2334,checkout,3,2025-03-26 09:19:49,119,3
session_2334,confirmation,4,2025-03-26 09:22:13,144,0
session_2335,home,0,2025-02-16 21:09:48,140,0
session_2335,product_page,1,2025-02-16 21:11:14,86,0
session_2336,home,0,2025-04-29 07:48:38,75,0
session_2336,product_page,1,2025-04-29 07:51:25,167,3
session_2337,home,0,2025-08-14 16:50:02,111,0
session_2337,product_page,1,2025-08-14 16:52:08,126,0
session_2337,cart,2,2025-08-14 16:52:53,45,2
session_2337,checkout,3,2025-08-14 16:55:29,156,2
session_2337,confirmation,4,2025-08-14 16:57:12,103,0
session_2338,home,0,2025-06-10 08:34:41,131,0
session_2338,product_page,1,2025-06-10 08:37:26,165,2
session_2339,home,0,2025-06-02 19:42:12,18,0
session_2339,product_page,1,2025-06-02 19:43:08,56,0
session_2339,cart,2,2025-06-02 19:43:34,26,1
session_2340,home,0,2025-06-24 18:20:39,167,0
session_2340,product_page,1,2025-06-24 18:21:22,43,2
session_2340,cart,2,2025-06-24 18:22:31,69,2
session_2341,home,0,2025-02-24 13:30:33,147,0
session_2341,product_page,1,2025-02-24 13:31:30,57,2
session_2342,home,0,2025-03-28 19:58:18,81,0
session_2343,home,0,2025-06-30 08:52:58,158,0
session_2343,product_page,1,2025-06-30 08:55:08,130,2
session_2344,home,0,2025-07-14 23:45:59,53,0
session_2345,home,0,2025-06-07 07:05:34,102,0
session_2345,product_page,1,2025-06-07 07:07:01,87,5
session_2346,home,0,2025-01-16 09:56:40,15,0
session_2346,product_page,1,2025-01-16 09:59:23,163,2
session_2347,home,0,2025-04-30 00:13:48,48,0
session_2347,product_page,1,2025-04-30 00:16:40,172,0
session_2348,home,0,2025-02-27 05:56:40,161,0
session_2348,product_page,1,2025-02-27 05:57:12,32,4
session_2348,cart,2,2025-02-27 05:59:17,125,4
session_2348,checkout,3,2025-02-27 06:00:18,61,4
session_2348,confirmation,4,2025-02-27 06:01:55,97,0
session_2349,home,0,2025-08-26 14:41:41,135,0
session_2349,product_page,1,2025-08-26 14:42:30,49,0
session_2350,home,0,2025-01-22 23:32:58,59,0
session_2350,product_page,1,2025-01-22 23:34:05,67,4
session_2351,home,0,2025-05-06 05:13:22,66,0
session_2351,product_page,1,2025-05-06 05:16:16,174,0
session_2351,cart,2,2025-05-06 05:18:36,140,5
session_2351,checkout,3,2025-05-06 05:20:48,132,5
session_2351,confirmation,4,2025-05-06 05:22:42,114,0
session_2352,home,0,2025-07-29 05:30:42,155,0
session_2352,product_page,1,2025-07-29 05:31:22,40,0
session_2353,home,0,2025-07-02 13:25:29,102,0
session_2354,home,0,2025-08-18 12:00:49,71,0
session_2354,product_page,1,2025-08-18 12:01:46,57,0
session_2355,home,0,2025-05-06 18:32:38,151,0
session_2355,product_page,1,2025-05-06 18:33:02,24,0
session_2356,home,0,2025-08-21 21:23:12,94,0
session_2357,home,0,2025-03-05 17:00:32,163,0
session_2357,product_page,1,2025-03-05 17:02:40,128,4
session_2358,home,0,2025-04-26 07:38:33,55,0
session_2358,product_page,1,2025-04-26 07:39:59,86,0
session_2359,home,0,2025-06-09 23:11:34,96,0
session_2359,product_page,1,2025-06-09 23:12:04,30,0
session_2360,home,0,2025-05-21 21:51:15,89,0
session_2360,product_page,1,2025-05-21 21:52:56,101,3
session_2361,home,0,2025-05-04 01:38:42,143,0
session_2361,product_page,1,2025-05-04 01:41:03,141,2
session_2362,home,0,2025-05-26 06:33:02,122,0
session_2362,product_page,1,2025-05-26 06:35:44,162,3
session_2363,home,0,2025-05-27 01:43:48,59,0
session_2363,product_page,1,2025-05-27 01:44:05,17,0
session_2364,home,0,2025-01-06 15:02:43,21,0
session_2364,product_page,1,2025-01-06 15:03:36,53,1
session_2365,home,0,2025-02-26 20:27:32,23,0
session_2365,product_page,1,2025-02-26 20:29:28,116,0
session_2365,cart,2,2025-02-26 20:30:18,50,0
session_2365,checkout,3,2025-02-26 20:31:40,82,3
session_2365,confirmation,4,2025-02-26 20:34:04,144,0
session_2366,home,0,2025-08-09 10:22:55,163,0
session_2366,product_page,1,2025-08-09 10:23:11,16,1
session_2366,cart,2,2025-08-09 10:23:30,19,1
session_2367,home,0,2025-03-27 01:04:09,87,0
session_2367,product_page,1,2025-03-27 01:06:51,162,4
session_2368,home,0,2025-02-04 18:06:55,15,0
session_2369,home,0,2025-05-27 04:30:36,77,0
session_2369,product_page,1,2025-05-27 04:32:55,139,5
session_2370,home,0,2025-06-08 16:45:09,23,0
session_2370,product_page,1,2025-06-08 16:46:30,81,5
session_2371,home,0,2025-03-07 14:07:50,36,0
session_2371,product_page,1,2025-03-07 14:10:30,160,1
session_2371,cart,2,2025-03-07 14:11:33,63,1
session_2372,home,0,2025-06-21 21:35:55,91,0
session_2372,product_page,1,2025-06-21 21:37:19,84,1
session_2372,cart,2,2025-06-21 21:40:13,174,1
session_2372,checkout,3,2025-06-21 21:41:12,59,1
session_2372,confirmation,4,2025-06-21 21:43:27,135,0
session_2373,home,0,2025-07-19 07:54:17,153,0
session_2374,home,0,2025-03-31 06:39:27,24,0
session_2374,product_page,1,2025-03-31 06:41:52,145,1
session_2375,home,0,2025-01-25 03:36:51,97,0
session_2375,product_page,1,2025-01-25 03:39:15,144,5
session_2375,cart,2,2025-01-25 03:39:57,42,5
session_2375,checkout,3,2025-01-25 03:41:30,93,5
session_2375,confirmation,4,2025-01-25 03:43:53,143,0
session_2376,home,0,2025-02-24 03:51:24,123,0
session_2376,product_page,1,2025-02-24 03:54:17,173,5
session_2377,home,0,2025-06-02 23:17:04,128,0
session_2377,product_page,1,2025-06-02 23:18:04,60,2
session_2378,home,0,2025-05-09 17:43:11,41,0
session_2378,product_page,1,2025-05-09 17:45:35,144,3
session_2379,home,0,2025-01-18 00:51:59,53,0
session_2380,home,0,2025-01-16 18:17:31,71,0
session_2380,product_page,1,2025-01-16 18:19:52,141,0
session_2381,home,0,2025-01-17 19:23:48,28,0
session_2381,product_page,1,2025-01-17 19:25:45,117,5
session_2381,cart,2,2025-01-17 19:27:26,101,5
session_2381,checkout,3,2025-01-17 19:29:00,94,5
session_2381,confirmation,4,2025-01-17 19:29:38,38,0
session_2382,home,0,2025-06-06 22:32:46,27,0
session_2382,product_page,1,2025-06-06 22:33:43,57,0
session_2382,cart,2,2025-06-06 22:33:58,15,3
session_2382,checkout,3,2025-06-06 22:36:13,135,3
session_2382,confirmation,4,2025-06-06 22:37:01,48,0
session_2383,home,0,2025-04-25 03:07:22,94,0
session_2384,home,0,2025-07-30 21:21:06,34,0
session_2384,product_page,1,2025-07-30 21:23:16,130,1
session_2385,home,0,2025-04-02 16:04:48,26,0
session_2385,product_page,1,2025-04-02 16:05:37,49,0
session_2386,home,0,2025-03-01 13:32:20,82,0
session_2386,product_page,1,2025-03-01 13:34:21,121,0
session_2387,home,0,2025-02-19 23:47:47,74,0
session_2387,product_page,1,2025-02-19 23:48:51,64,1
session_2388,home,0,2025-05-27 11:14:22,153,0
session_2388,product_page,1,2025-05-27 11:15:05,43,3
session_2388,cart,2,2025-05-27 11:16:46,101,3
session_2388,checkout,3,2025-05-27 11:19:41,175,3
session_2388,confirmation,4,2025-05-27 11:21:37,116,0
session_2389,home,0,2025-01-29 14:12:31,55,0
session_2389,product_page,1,2025-01-29 14:13:28,57,3
session_2389,cart,2,2025-01-29 14:14:51,83,3
session_2390,home,0,2025-06-15 16:40:55,34,0
session_2390,product_page,1,2025-06-15 16:41:16,21,1
session_2391,home,0,2025-05-29 18:08:34,139,0
session_2391,product_page,1,2025-05-29 18:11:34,180,2
session_2392,home,0,2025-06-27 06:02:21,105,0
session_2392,product_page,1,2025-06-27 06:03:14,53,5
session_2393,home,0,2025-03-28 17:54:19,23,0
session_2394,home,0,2025-06-13 11:27:36,77,0
session_2394,product_page,1,2025-06-13 11:28:40,64,4
session_2394,cart,2,2025-06-13 11:30:53,133,4
session_2394,checkout,3,2025-06-13 11:32:58,125,4
session_2394,confirmation,4,2025-06-13 11:35:31,153,0
session_2395,home,0,2025-04-20 15:40:20,85,0
session_2395,product_page,1,2025-04-20 15:43:12,172,2
session_2395,cart,2,2025-04-20 15:44:43,91,2
session_2395,checkout,3,2025-04-20 15:47:33,170,2
session_2395,confirmation,4,2025-04-20 15:49:24,111,0
session_2396,home,0,2025-01-12 01:35:19,79,0
session_2397,home,0,2025-06-13 06:10:00,50,0
session_2398,home,0,2025-07-20 18:43:44,86,0
session_2398,product_page,1,2025-07-20 18:46:21,157,0
session_2399,home,0,2025-08-04 03:10:20,33,0
session_2399,product_page,1,2025-08-04 03:12:54,154,0
session_2399,cart,2,2025-08-04 03:14:23,89,0
session_2400,home,0,2025-02-16 22:38:40,175,0
session_2401,home,0,2025-04-17 03:41:20,16,0
session_2401,product_page,1,2025-04-17 03:42:31,71,4
session_2401,cart,2,2025-04-17 03:45:27,176,4
session_2401,checkout,3,2025-04-17 03:47:22,115,4
session_2401,confirmation,4,2025-04-17 03:48:41,79,0
session_2402,home,0,2025-03-03 13:02:20,70,0
session_2402,product_page,1,2025-03-03 13:04:42,142,0
session_2403,home,0,2025-02-04 20:52:46,109,0
session_2404,home,0,2025-04-29 04:07:33,42,0
session_2404,product_page,1,2025-04-29 04:09:42,129,0
session_2405,home,0,2025-08-16 10:00:33,91,0
session_2405,product_page,1,2025-08-16 10:03:31,178,2
session_2406,home,0,2025-05-16 12:22:23,98,0
session_2406,product_page,1,2025-05-16 12:24:01,98,0
session_2407,home,0,2025-02-25 20:04:47,130,0
session_2407,product_page,1,2025-02-25 20:07:01,134,1
session_2407,cart,2,2025-02-25 20:09:44,163,1
session_2407,checkout,3,2025-02-25 20:12:13,149,1
session_2407,confirmation,4,2025-02-25 20:14:49,156,0
session_2408,home,0,2025-06-05 11:27:50,56,0
session_2408,product_page,1,2025-06-05 11:29:04,74,3
session_2408,cart,2,2025-06-05 11:30:22,78,3
session_2408,checkout,3,2025-06-05 11:32:49,147,3
session_2408,confirmation,4,2025-06-05 11:35:23,154,0
session_2409,home,0,2025-04-25 15:47:13,21,0
session_2410,home,0,2025-04-20 00:41:48,119,0
session_2410,product_page,1,2025-04-20 00:44:00,132,1
session_2410,cart,2,2025-04-20 00:45:58,118,1
session_2410,checkout,3,2025-04-20 00:46:15,17,1
session_2410,confirmation,4,2025-04-20 00:46:47,32,0
session_2411,home,0,2025-03-04 11:16:22,33,0
session_2411,product_page,1,2025-03-04 11:17:19,57,0
session_2412,home,0,2025-08-26 21:18:39,79,0
session_2412,product_page,1,2025-08-26 21:19:16,37,0
session_2413,home,0,2025-07-20 07:36:28,114,0
session_2413,product_page,1,2025-07-20 07:37:24,56,4
session_2413,cart,2,2025-07-20 07:37:39,15,4
session_2413,checkout,3,2025-07-20 07:38:29,50,4
session_2413,confirmation,4,2025-07-20 07:39:32,63,0
session_2414,home,0,2025-01-01 17:01:33,128,0
session_2414,product_page,1,2025-01-01 17:02:32,59,0
session_2414,cart,2,2025-01-01 17:03:18,46,0
session_2414,checkout,3,2025-01-01 17:04:11,53,1
session_2414,confirmation,4,2025-01-01 17:04:38,27,0
session_2415,home,0,2025-01-12 02:13:57,149,0
session_2416,home,0,2025-04-10 20:35:16,22,0
session_2416,product_page,1,2025-04-10 20:36:52,96,3
session_2416,cart,2,2025-04-10 20:39:46,174,3
session_2416,checkout,3,2025-04-10 20:41:35,109,3
session_2416,confirmation,4,2025-04-10 20:44:07,152,0
session_2417,home,0,2025-01-30 12:45:06,132,0
session_2417,product_page,1,2025-01-30 12:45:22,16,5
session_2417,cart,2,2025-01-30 12:47:27,125,5
session_2417,checkout,3,2025-01-30 12:48:22,55,5
session_2417,confirmation,4,2025-01-30 12:49:55,93,0
session_2418,home,0,2025-08-19 05:05:24,124,0
session_2418,product_page,1,2025-08-19 05:06:12,48,1
session_2419,home,0,2025-06-25 04:02:55,27,0
session_2420,home,0,2025-01-01 05:21:25,63,0
session_2420,product_page,1,2025-01-01 05:24:24,179,2
session_2420,cart,2,2025-01-01 05:25:10,46,2
session_2420,checkout,3,2025-01-01 05:25:37,27,2
session_2420,confirmation,4,2025-01-01 05:27:46,129,0
session_2421,home,0,2025-06-23 04:18:28,61,0
session_2421,product_page,1,2025-06-23 04:18:51,23,2
session_2422,home,0,2025-05-30 04:03:48,144,0
session_2422,product_page,1,2025-05-30 04:04:37,49,3
session_2423,home,0,2025-03-06 17:08:54,15,0
session_2423,product_page,1,2025-03-06 17:09:24,30,3
session_2424,home,0,2025-05-24 03:12:27,89,0
session_2424,product_page,1,2025-05-24 03:15:19,172,0
session_2424,cart,2,2025-05-24 03:17:47,148,1
session_2424,checkout,3,2025-05-24 03:18:45,58,1
session_2424,confirmation,4,2025-05-24 03:20:35,110,0
session_2425,home,0,2025-03-28 02:52:11,146,0
session_2425,product_page,1,2025-03-28 02:54:09,118,3
session_2425,cart,2,2025-03-28 02:55:26,77,3
session_2426,home,0,2025-08-09 11:55:58,134,0
session_2427,home,0,2025-01-29 00:53:06,28,0
session_2427,product_page,1,2025-01-29 00:53:58,52,1
session_2427,cart,2,2025-01-29 00:56:48,170,1
session_2427,checkout,3,2025-01-29 00:58:27,99,1
session_2427,confirmation,4,2025-01-29 01:00:51,144,0
session_2428,home,0,2025-04-08 21:22:33,27,0
session_2428,product_page,1,2025-04-08 21:24:56,143,1
session_2428,cart,2,2025-04-08 21:27:55,179,1
session_2429,home,0,2025-01-22 08:26:08,103,0
session_2429,product_page,1,2025-01-22 08:27:23,75,0
session_2430,home,0,2025-05-28 17:48:15,77,0
session_2430,product_page,1,2025-05-28 17:50:06,111,0
session_2431,home,0,2025-02-26 19:48:05,158,0
session_2431,product_page,1,2025-02-26 19:48:53,48,4
session_2432,home,0,2025-07-08 22:03:40,21,0
session_2432,product_page,1,2025-07-08 22:06:38,178,0
session_2433,home,0,2025-05-04 08:27:13,106,0
session_2433,product_page,1,2025-05-04 08:27:53,40,0
session_2433,cart,2,2025-05-04 08:30:38,165,5
session_2434,home,0,2025-02-18 15:58:39,116,0
session_2435,home,0,2025-06-15 21:16:58,19,0
session_2436,home,0,2025-01-22 19:19:09,86,0
session_2437,home,0,2025-02-03 19:36:14,38,0
session_2437,product_page,1,2025-02-03 19:37:05,51,5
session_2437,cart,2,2025-02-03 19:38:02,57,5
session_2438,home,0,2025-05-12 11:50:05,178,0
session_2439,home,0,2025-03-25 02:05:46,112,0
session_2440,home,0,2025-06-04 04:47:01,121,0
session_2440,product_page,1,2025-06-04 04:47:53,52,0
session_2441,home,0,2025-06-07 17:20:43,30,0
session_2441,product_page,1,2025-06-07 17:21:52,69,1
session_2441,cart,2,2025-06-07 17:22:29,37,1
session_2442,home,0,2025-03-06 06:09:39,167,0
session_2442,product_page,1,2025-03-06 06:12:05,146,5
session_2443,home,0,2025-04-13 04:13:42,133,0
session_2444,home,0,2025-08-09 01:11:57,60,0
session_2445,home,0,2025-01-18 00:40:55,54,0
session_2446,home,0,2025-04-29 15:08:16,50,0
session_2447,home,0,2025-04-20 00:41:22,52,0
session_2448,home,0,2025-02-12 13:47:31,143,0
session_2448,product_page,1,2025-02-12 13:48:40,69,4
session_2449,home,0,2025-08-09 20:40:46,82,0
session_2449,product_page,1,2025-08-09 20:41:14,28,2
session_2449,cart,2,2025-08-09 20:41:59,45,2
session_2450,home,0,2025-02-19 08:45:11,114,0
session_2450,product_page,1,2025-02-19 08:46:53,102,2
session_2450,cart,2,2025-02-19 08:49:41,168,2
session_2450,checkout,3,2025-02-19 08:50:27,46,2
session_2451,home,0,2025-04-03 14:01:54,151,0
session_2451,product_page,1,2025-04-03 14:02:50,56,5
session_2451,cart,2,2025-04-03 14:05:43,173,5
session_2451,checkout,3,2025-04-03 14:06:10,27,5
session_2452,home,0,2025-02-11 09:33:26,132,0
session_2452,product_page,1,2025-02-11 09:34:20,54,0
session_2452,cart,2,2025-02-11 09:36:11,111,4
session_2452,checkout,3,2025-02-11 09:37:58,107,4
session_2452,confirmation,4,2025-02-11 09:39:01,63,0
session_2453,home,0,2025-02-15 14:32:11,101,0
session_2454,home,0,2025-07-25 04:58:26,85,0
session_2454,product_page,1,2025-07-25 05:01:20,174,0
session_2455,home,0,2025-01-11 09:00:02,97,0
session_2455,product_page,1,2025-01-11 09:00:18,16,5
session_2456,home,0,2025-01-13 19:42:05,177,0
session_2456,product_page,1,2025-01-13 19:43:41,96,5
session_2456,cart,2,2025-01-13 19:46:24,163,5
session_2456,checkout,3,2025-01-13 19:49:13,169,5
session_2456,confirmation,4,2025-01-13 19:51:13,120,0
session_2457,home,0,2025-01-23 15:12:44,71,0
session_2457,product_page,1,2025-01-23 15:14:35,111,0
session_2458,home,0,2025-07-19 03:30:35,46,0
session_2459,home,0,2025-06-02 05:16:11,49,0
session_2459,product_page,1,2025-06-02 05:16:47,36,5
session_2460,home,0,2025-05-28 15:35:33,71,0
session_2460,product_page,1,2025-05-28 15:38:24,171,0
session_2461,home,0,2025-07-27 16:49:12,89,0
session_2462,home,0,2025-01-23 19:01:00,39,0
session_2462,product_page,1,2025-01-23 19:03:11,131,1
session_2463,home,0,2025-05-10 00:48:40,162,0
session_2463,product_page,1,2025-05-10 00:49:07,27,0
session_2464,home,0,2025-04-02 07:44:48,30,0
session_2465,home,0,2025-08-17 05:50:53,165,0
session_2465,product_page,1,2025-08-17 05:53:47,174,0
session_2466,home,0,2025-07-14 13:46:55,150,0
session_2467,home,0,2025-01-17 04:53:31,109,0
session_2467,product_page,1,2025-01-17 04:54:26,55,0
session_2468,home,0,2025-06-07 04:15:16,79,0
session_2468,product_page,1,2025-06-07 04:16:08,52,0
session_2468,cart,2,2025-06-07 04:17:03,55,4
session_2468,checkout,3,2025-06-07 04:17:50,47,4
session_2468,confirmation,4,2025-06-07 04:20:17,147,0
session_2469,home,0,2025-02-26 05:38:30,45,0
session_2469,product_page,1,2025-02-26 05:40:10,100,0
session_2470,home,0,2025-08-28 00:48:58,158,0
session_2470,product_page,1,2025-08-28 00:49:50,52,1
session_2470,cart,2,2025-08-28 00:52:46,176,1
session_2470,checkout,3,2025-08-28 00:53:24,38,1
session_2470,confirmation,4,2025-08-28 00:55:09,105,0
session_2471,home,0,2025-01-19 03:58:49,117,0
session_2471,product_page,1,2025-01-19 04:01:03,134,0
session_2472,home,0,2025-07-24 12:48:34,31,0
session_2472,product_page,1,2025-07-24 12:51:09,155,0
session_2472,cart,2,2025-07-24 12:54:06,177,0
session_2472,checkout,3,2025-07-24 12:56:56,170,3
session_2472,confirmation,4,2025-07-24 12:59:42,166,0
session_2473,home,0,2025-02-16 03:16:06,143,0
session_2473,product_page,1,2025-02-16 03:17:15,69,5
session_2473,cart,2,2025-02-16 03:19:28,133,5
session_2473,checkout,3,2025-02-16 03:21:50,142,5
session_2473,confirmation,4,2025-02-16 03:22:09,19,0
session_2474,home,0,2025-01-12 20:18:03,58,0
session_2474,product_page,1,2025-01-12 20:18:23,20,3
session_2475,home,0,2025-04-12 18:19:10,164,0
session_2475,product_page,1,2025-04-12 18:21:02,112,4
session_2476,home,0,2025-02-03 07:54:22,32,0
session_2476,product_page,1,2025-02-03 07:55:37,75,0
session_2477,home,0,2025-02-23 20:57:29,70,0
session_2477,product_page,1,2025-02-23 20:59:46,137,0
session_2477,cart,2,2025-02-23 21:02:25,159,5
session_2477,checkout,3,2025-02-23 21:04:00,95,5
session_2477,confirmation,4,2025-02-23 21:04:48,48,0
session_2478,home,0,2025-07-18 17:42:08,114,0
session_2479,home,0,2025-01-31 07:35:40,130,0
session_2479,product_page,1,2025-01-31 07:37:17,97,1
session_2480,home,0,2025-02-07 09:43:19,163,0
session_2480,product_page,1,2025-02-07 09:44:59,100,5
session_2481,home,0,2025-03-23 14:34:35,81,0
session_2481,product_page,1,2025-03-23 14:37:12,157,3
session_2482,home,0,2025-07-22 01:15:30,57,0
session_2482,product_page,1,2025-07-22 01:16:21,51,2
session_2483,home,0,2025-05-25 08:27:59,173,0
session_2483,product_page,1,2025-05-25 08:30:28,149,0
session_2484,home,0,2025-08-28 13:19:16,74,0
session_2484,product_page,1,2025-08-28 13:20:17,61,1
session_2485,home,0,2025-07-18 09:55:00,21,0
session_2486,home,0,2025-07-01 06:27:01,123,0
session_2486,product_page,1,2025-07-01 06:29:50,169,1
session_2487,home,0,2025-04-26 17:19:58,110,0
session_2487,product_page,1,2025-04-26 17:20:56,58,0
session_2487,cart,2,2025-04-26 17:21:45,49,0
session_2488,home,0,2025-08-14 00:19:55,66,0
session_2488,product_page,1,2025-08-14 00:21:21,86,0
session_2488,cart,2,2025-08-14 00:23:33,132,0
session_2488,checkout,3,2025-08-14 00:24:44,71,2
session_2488,confirmation,4,2025-08-14 00:25:57,73,0
session_2489,home,0,2025-05-22 04:10:53,16,0
session_2489,product_page,1,2025-05-22 04:13:01,128,4
session_2489,cart,2,2025-05-22 04:14:50,109,4
session_2489,checkout,3,2025-05-22 04:15:24,34,4
session_2489,confirmation,4,2025-05-22 04:17:12,108,0
session_2490,home,0,2025-06-30 20:44:47,15,0
session_2490,product_page,1,2025-06-30 20:47:23,156,0
session_2491,home,0,2025-03-26 07:25:54,25,0
session_2491,product_page,1,2025-03-26 07:27:43,109,0
session_2492,home,0,2025-03-01 21:45:23,114,0
session_2492,product_page,1,2025-03-01 21:48:11,168,0
session_2492,cart,2,2025-03-01 21:49:19,68,4
session_2493,home,0,2025-01-13 15:48:24,143,0
session_2493,product_page,1,2025-01-13 15:49:12,48,3
session_2493,cart,2,2025-01-13 15:50:02,50,3
session_2494,home,0,2025-08-03 06:57:23,159,0
session_2494,product_page,1,2025-08-03 06:58:08,45,0
session_2494,cart,2,2025-08-03 06:58:24,16,5
session_2495,home,0,2025-07-02 13:25:35,141,0
session_2496,home,0,2025-01-19 21:51:07,76,0
session_2496,product_page,1,2025-01-19 21:53:55,168,0
session_2496,cart,2,2025-01-19 21:54:51,56,3
session_2496,checkout,3,2025-01-19 21:55:44,53,3
session_2496,confirmation,4,2025-01-19 21:57:12,88,0
session_2497,home,0,2025-06-15 10:49:17,149,0
session_2497,product_page,1,2025-06-15 10:51:26,129,4
session_2498,home,0,2025-07-07 11:08:15,117,0
session_2498,product_page,1,2025-07-07 11:10:48,153,0
session_2498,cart,2,2025-07-07 11:12:51,123,0
session_2498,checkout,3,2025-07-07 11:15:27,156,3
session_2498,confirmation,4,2025-07-07 11:16:45,78,0
session_2499,home,0,2025-05-21 21:59:02,162,0
session_2499,product_page,1,2025-05-21 22:01:11,129,0
session_2500,home,0,2025-01-28 20:32:14,174,0
session_2500,product_page,1,2025-01-28 20:34:34,140,0
session_2501,home,0,2025-07-02 18:45:21,38,0
session_2501,product_page,1,2025-07-02 18:46:22,61,5
session_2501,cart,2,2025-07-02 18:48:26,124,5
session_2501,checkout,3,2025-07-02 18:50:08,102,5
session_2502,home,0,2025-07-20 07:39:36,38,0
session_2502,product_page,1,2025-07-20 07:40:04,28,0
session_2503,home,0,2025-06-07 11:32:24,120,0
session_2503,product_page,1,2025-06-07 11:33:07,43,0
session_2503,cart,2,2025-06-07 11:35:42,155,5
session_2504,home,0,2025-02-10 04:35:37,55,0
session_2505,home,0,2025-07-15 07:49:43,82,0
session_2505,product_page,1,2025-07-15 07:50:42,59,0
session_2506,home,0,2025-03-17 14:30:00,125,0
session_2506,product_page,1,2025-03-17 14:32:01,121,4
session_2506,cart,2,2025-03-17 14:34:27,146,4
session_2506,checkout,3,2025-03-17 14:35:15,48,4
session_2506,confirmation,4,2025-03-17 14:37:31,136,0
session_2507,home,0,2025-02-17 08:34:07,172,0
session_2508,home,0,2025-08-06 06:25:42,34,0
session_2509,home,0,2025-04-04 01:18:59,35,0
session_2510,home,0,2025-07-11 19:53:48,49,0
session_2510,product_page,1,2025-07-11 19:54:09,21,0
session_2510,cart,2,2025-07-11 19:56:17,128,5
session_2510,checkout,3,2025-07-11 19:56:40,23,5
session_2510,confirmation,4,2025-07-11 19:58:05,85,0
session_2511,home,0,2025-02-22 16:15:21,159,0
session_2511,product_page,1,2025-02-22 16:16:30,69,0
session_2512,home,0,2025-02-26 02:57:21,27,0
session_2513,home,0,2025-02-06 11:36:28,160,0
session_2513,product_page,1,2025-02-06 11:37:13,45,0
session_2513,cart,2,2025-02-06 11:38:23,70,4
session_2513,checkout,3,2025-02-06 11:41:18,175,4
session_2513,confirmation,4,2025-02-06 11:43:08,110,0
session_2514,home,0,2025-03-08 18:02:31,129,0
session_2514,product_page,1,2025-03-08 18:03:23,52,3
session_2514,cart,2,2025-03-08 18:04:42,79,3
session_2514,checkout,3,2025-03-08 18:06:37,115,3
session_2514,confirmation,4,2025-03-08 18:07:40,63,0
session_2515,home,0,2025-03-16 07:00:46,58,0
session_2515,product_page,1,2025-03-16 07:02:09,83,5
session_2516,home,0,2025-08-17 20:50:25,117,0
session_2517,home,0,2025-06-27 00:40:36,38,0
session_2518,home,0,2025-06-07 02:12:53,22,0
session_2518,product_page,1,2025-06-07 02:14:29,96,2
session_2518,cart,2,2025-06-07 02:17:27,178,2
session_2519,home,0,2025-04-24 21:37:14,97,0
session_2519,product_page,1,2025-04-24 21:37:50,36,3
session_2520,home,0,2025-08-09 13:17:39,102,0
session_2520,product_page,1,2025-08-09 13:20:34,175,0
session_2521,home,0,2025-04-19 07:08:10,99,0
session_2521,product_page,1,2025-04-19 07:08:46,36,3
session_2521,cart,2,2025-04-19 07:10:18,92,3
session_2522,home,0,2025-01-26 23:27:38,53,0
session_2522,product_page,1,2025-01-26 23:29:30,112,3
session_2522,cart,2,2025-01-26 23:30:53,83,3
session_2522,checkout,3,2025-01-26 23:33:02,129,3
session_2522,confirmation,4,2025-01-26 23:33:38,36,0
session_2523,home,0,2025-08-15 11:47:01,168,0
session_2524,home,0,2025-05-23 01:10:10,108,0
session_2525,home,0,2025-04-24 17:47:28,52,0
session_2525,product_page,1,2025-04-24 17:47:55,27,1
session_2526,home,0,2025-04-06 11:46:28,75,0
session_2527,home,0,2025-04-22 14:04:30,118,0
session_2527,product_page,1,2025-04-22 14:07:27,177,3
session_2528,home,0,2025-01-30 03:55:35,96,0
session_2528,product_page,1,2025-01-30 03:56:59,84,0
session_2529,home,0,2025-05-11 14:13:05,53,0
session_2530,home,0,2025-04-05 15:30:40,22,0
session_2530,product_page,1,2025-04-05 15:33:11,151,0
session_2530,cart,2,2025-04-05 15:35:01,110,0
session_2530,checkout,3,2025-04-05 15:37:08,127,3
session_2530,confirmation,4,2025-04-05 15:38:08,60,0
session_2531,home,0,2025-06-08 15:41:21,131,0
session_2531,product_page,1,2025-06-08 15:43:17,116,0
session_2531,cart,2,2025-06-08 15:44:22,65,0
session_2531,checkout,3,2025-06-08 15:47:05,163,1
session_2531,confirmation,4,2025-06-08 15:47:36,31,0
session_2532,home,0,2025-02-19 20:39:00,176,0
session_2532,product_page,1,2025-02-19 20:39:49,49,2
session_2533,home,0,2025-01-25 17:49:07,96,0
session_2534,home,0,2025-08-08 06:52:50,74,0
session_2534,product_page,1,2025-08-08 06:55:06,136,0
session_2535,home,0,2025-05-12 19:53:34,50,0
session_2535,product_page,1,2025-05-12 19:55:02,88,5
session_2535,cart,2,2025-05-12 19:57:50,168,5
session_2535,checkout,3,2025-05-12 20:00:48,178,5
session_2536,home,0,2025-05-30 04:04:22,149,0
session_2536,product_page,1,2025-05-30 04:05:44,82,1
session_2536,cart,2,2025-05-30 04:07:58,134,1
session_2536,checkout,3,2025-05-30 04:10:20,142,1
session_2536,confirmation,4,2025-05-30 04:12:01,101,0
session_2537,home,0,2025-03-30 06:00:32,81,0
session_2537,product_page,1,2025-03-30 06:01:14,42,0
session_2538,home,0,2025-07-17 22:18:41,35,0
session_2538,product_page,1,2025-07-17 22:21:19,158,2
session_2538,cart,2,2025-07-17 22:21:39,20,2
session_2539,home,0,2025-06-17 12:30:38,19,0
session_2539,product_page,1,2025-06-17 12:31:34,56,0
session_2540,home,0,2025-08-02 11:00:40,42,0
session_2540,product_page,1,2025-08-02 11:01:58,78,3
session_2540,cart,2,2025-08-02 11:04:40,162,3
session_2541,home,0,2025-04-08 10:26:01,147,0
session_2541,product_page,1,2025-04-08 10:26:59,58,0
session_2541,cart,2,2025-04-08 10:28:22,83,4
session_2542,home,0,2025-08-06 14:33:36,106,0
session_2542,product_page,1,2025-08-06 14:35:42,126,2
session_2543,home,0,2025-05-27 16:43:53,170,0
session_2543,product_page,1,2025-05-27 16:44:49,56,3
session_2543,cart,2,2025-05-27 16:45:47,58,3
session_2543,checkout,3,2025-05-27 16:47:45,118,3
session_2544,home,0,2025-05-08 23:04:17,97,0
session_2544,product_page,1,2025-05-08 23:04:46,29,0
session_2545,home,0,2025-05-09 16:01:52,144,0
session_2545,product_page,1,2025-05-09 16:03:58,126,5
session_2546,home,0,2025-01-05 15:07:54,18,0
session_2546,product_page,1,2025-01-05 15:09:01,67,2
session_2546,cart,2,2025-01-05 15:10:22,81,2
session_2546,checkout,3,2025-01-05 15:10:43,21,2
session_2546,confirmation,4,2025-01-05 15:11:28,45,0
session_2547,home,0,2025-03-29 06:58:47,149,0
session_2547,product_page,1,2025-03-29 06:59:12,25,0
session_2548,home,0,2025-05-15 12:17:02,176,0
session_2549,home,0,2025-01-04 08:19:27,71,0
session_2549,product_page,1,2025-01-04 08:20:17,50,0
session_2550,home,0,2025-02-17 06:47:29,90,0
session_2550,product_page,1,2025-02-17 06:50:09,160,5
session_2551,home,0,2025-08-08 20:56:15,33,0
session_2551,product_page,1,2025-08-08 20:58:11,116,0
session_2552,home,0,2025-01-11 20:21:33,161,0
session_2553,home,0,2025-03-27 07:30:05,42,0
session_2554,home,0,2025-05-19 21:48:07,30,0
session_2554,product_page,1,2025-05-19 21:50:11,124,0
session_2555,home,0,2025-08-22 19:48:41,145,0
session_2555,product_page,1,2025-08-22 19:49:13,32,5
session_2555,cart,2,2025-08-22 19:51:03,110,5
session_2555,checkout,3,2025-08-22 19:52:19,76,5
session_2555,confirmation,4,2025-08-22 19:54:22,123,0
session_2556,home,0,2025-08-25 22:15:06,133,0
session_2556,product_page,1,2025-08-25 22:15:36,30,2
session_2557,home,0,2025-05-28 09:14:29,108,0
session_2557,product_page,1,2025-05-28 09:15:16,47,5
session_2558,home,0,2025-08-16 16:58:21,120,0
session_2558,product_page,1,2025-08-16 16:59:31,70,0
session_2558,cart,2,2025-08-16 17:00:38,67,4
session_2559,home,0,2025-05-25 23:38:38,150,0
session_2559,product_page,1,2025-05-25 23:40:43,125,3
session_2559,cart,2,2025-05-25 23:43:11,148,3
session_2560,home,0,2025-08-21 10:53:16,117,0
session_2560,product_page,1,2025-08-21 10:54:40,84,0
session_2561,home,0,2025-04-01 10:06:07,57,0
session_2561,product_page,1,2025-04-01 10:06:56,49,2
session_2562,home,0,2025-01-11 15:26:25,26,0
session_2562,product_page,1,2025-01-11 15:26:40,15,4
session_2562,cart,2,2025-01-11 15:28:11,91,4
session_2562,checkout,3,2025-01-11 15:28:41,30,4
session_2562,confirmation,4,2025-01-11 15:31:00,139,0
session_2563,home,0,2025-03-29 07:15:02,177,0
session_2563,product_page,1,2025-03-29 07:17:39,157,2
session_2563,cart,2,2025-03-29 07:19:53,134,2
session_2563,checkout,3,2025-03-29 07:22:16,143,2
session_2563,confirmation,4,2025-03-29 07:22:49,33,0
session_2564,home,0,2025-02-28 20:54:12,41,0
session_2564,product_page,1,2025-02-28 20:56:59,167,5
session_2564,cart,2,2025-02-28 20:58:54,115,5
session_2564,checkout,3,2025-02-28 21:01:09,135,5
session_2564,confirmation,4,2025-02-28 21:03:07,118,0
session_2565,home,0,2025-05-13 01:34:11,42,0
session_2565,product_page,1,2025-05-13 01:34:34,23,3
session_2565,cart,2,2025-05-13 01:36:14,100,3
session_2566,home,0,2025-07-16 12:25:01,74,0
session_2566,product_page,1,2025-07-16 12:25:22,21,0
session_2566,cart,2,2025-07-16 12:26:13,51,3
session_2566,checkout,3,2025-07-16 12:28:52,159,3
session_2566,confirmation,4,2025-07-16 12:31:38,166,0
session_2567,home,0,2025-06-29 18:54:24,168,0
session_2568,home,0,2025-07-04 03:34:04,25,0
session_2568,product_page,1,2025-07-04 03:35:26,82,0
session_2568,cart,2,2025-07-04 03:38:24,178,0
session_2568,checkout,3,2025-07-04 03:40:14,110,1
session_2568,confirmation,4,2025-07-04 03:41:57,103,0
session_2569,home,0,2025-03-28 07:21:55,84,0
session_2570,home,0,2025-03-14 19:43:39,168,0
session_2570,product_page,1,2025-03-14 19:45:22,103,0
session_2571,home,0,2025-03-02 14:46:24,19,0
session_2571,product_page,1,2025-03-02 14:48:31,127,2
session_2571,cart,2,2025-03-02 14:48:58,27,2
session_2571,checkout,3,2025-03-02 14:51:27,149,2
session_2571,confirmation,4,2025-03-02 14:53:17,110,0
session_2572,home,0,2025-05-12 10:34:07,170,0
session_2572,product_page,1,2025-05-12 10:35:47,100,5
session_2572,cart,2,2025-05-12 10:37:41,114,5
session_2572,checkout,3,2025-05-12 10:39:09,88,5
session_2572,confirmation,4,2025-05-12 10:39:32,23,0
session_2573,home,0,2025-01-15 11:22:54,47,0
session_2573,product_page,1,2025-01-15 11:23:20,26,4
session_2573,cart,2,2025-01-15 11:23:35,15,4
session_2573,checkout,3,2025-01-15 11:25:30,115,4
session_2573,confirmation,4,2025-01-15 11:28:20,170,0
session_2574,home,0,2025-01-13 00:11:52,50,0
session_2574,product_page,1,2025-01-13 00:12:17,25,0
session_2574,cart,2,2025-01-13 00:13:24,67,2
session_2574,checkout,3,2025-01-13 00:15:27,123,2
session_2574,confirmation,4,2025-01-13 00:17:49,142,0
session_2575,home,0,2025-06-01 03:23:50,104,0
session_2575,product_page,1,2025-06-01 03:24:16,26,0
session_2576,home,0,2025-02-17 19:45:55,174,0
session_2576,product_page,1,2025-02-17 19:46:30,35,1
session_2577,home,0,2025-02-06 05:52:46,134,0
session_2578,home,0,2025-02-13 21:13:53,18,0
session_2578,product_page,1,2025-02-13 21:15:06,73,1
session_2578,cart,2,2025-02-13 21:17:08,122,1
session_2579,home,0,2025-02-20 14:30:41,47,0
session_2579,product_page,1,2025-02-20 14:32:39,118,4
session_2580,home,0,2025-07-04 01:50:51,113,0
session_2580,product_page,1,2025-07-04 01:52:24,93,3
session_2581,home,0,2025-05-24 14:24:54,151,0
session_2581,product_page,1,2025-05-24 14:25:11,17,0
session_2582,home,0,2025-05-24 02:11:06,46,0
session_2583,home,0,2025-06-03 23:05:04,144,0
session_2583,product_page,1,2025-06-03 23:05:51,47,4
session_2584,home,0,2025-07-21 18:20:50,52,0
session_2585,home,0,2025-08-06 08:05:29,158,0
session_2585,product_page,1,2025-08-06 08:06:02,33,0
session_2586,home,0,2025-03-05 12:15:28,148,0
session_2586,product_page,1,2025-03-05 12:17:56,148,1
session_2586,cart,2,2025-03-05 12:19:38,102,1
session_2586,checkout,3,2025-03-05 12:21:17,99,1
session_2586,confirmation,4,2025-03-05 12:23:25,128,0
session_2587,home,0,2025-02-14 11:17:18,119,0
session_2587,product_page,1,2025-02-14 11:20:13,175,1
session_2588,home,0,2025-06-29 10:16:50,17,0
session_2588,product_page,1,2025-06-29 10:18:00,70,5
session_2588,cart,2,2025-06-29 10:20:40,160,5
session_2588,checkout,3,2025-06-29 10:22:22,102,5
session_2588,confirmation,4,2025-06-29 10:24:33,131,0
session_2589,home,0,2025-07-01 16:30:15,82,0
session_2589,product_page,1,2025-07-01 16:30:46,31,4
session_2589,cart,2,2025-07-01 16:31:36,50,4
session_2589,checkout,3,2025-07-01 16:34:26,170,4
session_2589,confirmation,4,2025-07-01 16:35:45,79,0
session_2590,home,0,2025-07-21 01:15:07,76,0
session_2591,home,0,2025-05-24 11:38:21,176,0
session_2591,product_page,1,2025-05-24 11:40:32,131,5
session_2591,cart,2,2025-05-24 11:42:18,106,5
session_2592,home,0,2025-03-14 19:24:58,77,0
session_2592,product_page,1,2025-03-14 19:26:28,90,5
session_2593,home,0,2025-04-11 10:41:41,69,0
session_2593,product_page,1,2025-04-11 10:42:17,36,0
session_2594,home,0,2025-04-28 05:24:04,90,0
session_2594,product_page,1,2025-04-28 05:26:18,134,3
session_2594,cart,2,2025-04-28 05:28:41,143,3
session_2594,checkout,3,2025-04-28 05:31:20,159,3
session_2594,confirmation,4,2025-04-28 05:31:57,37,0
session_2595,home,0,2025-07-26 14:02:16,140,0
session_2595,product_page,1,2025-07-26 14:05:09,173,1
session_2596,home,0,2025-02-17 00:27:58,15,0
session_2596,product_page,1,2025-02-17 00:30:27,149,1
session_2596,cart,2,2025-02-17 00:32:06,99,1
session_2596,checkout,3,2025-02-17 00:33:26,80,1
session_2596,confirmation,4,2025-02-17 00:34:45,79,0
session_2597,home,0,2025-01-18 21:12:36,163,0
session_2598,home,0,2025-02-20 11:11:20,167,0
session_2599,home,0,2025-03-13 04:52:10,107,0
session_2599,product_page,1,2025-03-13 04:52:39,29,4
session_2599,cart,2,2025-03-13 04:54:31,112,4
session_2599,checkout,3,2025-03-13 04:55:56,85,4
session_2599,confirmation,4,2025-03-13 04:58:18,142,0
session_2600,home,0,2025-06-23 11:15:16,65,0
session_2601,home,0,2025-05-02 03:03:36,179,0
session_2601,product_page,1,2025-05-02 03:05:18,102,3
session_2601,cart,2,2025-05-02 03:07:32,134,3
session_2602,home,0,2025-06-07 09:49:33,62,0
session_2602,product_page,1,2025-06-07 09:50:31,58,1
session_2602,cart,2,2025-06-07 09:51:15,44,1
session_2602,checkout,3,2025-06-07 09:52:16,61,1
session_2602,confirmation,4,2025-06-07 09:53:37,81,0
session_2603,home,0,2025-03-10 22:01:11,37,0
session_2603,product_page,1,2025-03-10 22:04:04,173,0
session_2603,cart,2,2025-03-10 22:04:49,45,5
session_2603,checkout,3,2025-03-10 22:05:38,49,5
session_2603,confirmation,4,2025-03-10 22:06:09,31,0
session_2604,home,0,2025-07-28 11:57:38,154,0
session_2604,product_page,1,2025-07-28 12:00:03,145,2
session_2604,cart,2,2025-07-28 12:01:42,99,2
session_2604,checkout,3,2025-07-28 12:02:39,57,2
session_2604,confirmation,4,2025-07-28 12:03:04,25,0
session_2605,home,0,2025-07-26 01:55:27,143,0
session_2605,product_page,1,2025-07-26 01:58:21,174,2
session_2605,cart,2,2025-07-26 02:01:03,162,2
session_2605,checkout,3,2025-07-26 02:01:27,24,2
session_2605,confirmation,4,2025-07-26 02:03:57,150,0
session_2606,home,0,2025-05-27 18:55:46,70,0
session_2606,product_page,1,2025-05-27 18:56:27,41,3
session_2606,cart,2,2025-05-27 18:58:43,136,3
session_2606,checkout,3,2025-05-27 18:59:19,36,3
session_2606,confirmation,4,2025-05-27 19:01:00,101,0
session_2607,home,0,2025-07-06 20:23:03,78,0
session_2607,product_page,1,2025-07-06 20:25:02,119,0
session_2608,home,0,2025-02-09 11:07:44,62,0
session_2608,product_page,1,2025-02-09 11:10:01,137,5
session_2608,cart,2,2025-02-09 11:12:36,155,5
session_2608,checkout,3,2025-02-09 11:12:53,17,5
session_2609,home,0,2025-03-21 02:49:23,171,0
session_2609,product_page,1,2025-03-21 02:50:16,53,2
session_2610,home,0,2025-04-22 07:58:23,92,0
session_2610,product_page,1,2025-04-22 08:00:02,99,3
session_2611,home,0,2025-02-04 21:41:14,166,0
session_2611,product_page,1,2025-02-04 21:42:49,95,0
session_2611,cart,2,2025-02-04 21:45:19,150,5
session_2611,checkout,3,2025-02-04 21:47:02,103,5
session_2612,home,0,2025-06-18 18:24:47,77,0
session_2612,product_page,1,2025-06-18 18:27:16,149,0
session_2613,home,0,2025-07-23 08:23:58,79,0
session_2613,product_page,1,2025-07-23 08:26:19,141,0
session_2614,home,0,2025-06-23 00:11:21,154,0
session_2614,product_page,1,2025-06-23 00:12:05,44,0
session_2614,cart,2,2025-06-23 00:12:27,22,0
session_2614,checkout,3,2025-06-23 00:12:47,20,2
session_2615,home,0,2025-02-07 14:14:26,81,0
session_2615,product_page,1,2025-02-07 14:14:45,19,3
session_2615,cart,2,2025-02-07 14:16:36,111,3
session_2615,checkout,3,2025-02-07 14:17:21,45,3
session_2615,confirmation,4,2025-02-07 14:17:59,38,0
session_2616,home,0,2025-03-13 20:30:32,108,0
session_2616,product_page,1,2025-03-13 20:30:59,27,4
session_2616,cart,2,2025-03-13 20:33:17,138,4
session_2616,checkout,3,2025-03-13 20:34:20,63,4
session_2616,confirmation,4,2025-03-13 20:36:13,113,0
session_2617,home,0,2025-01-04 10:00:59,36,0
session_2617,product_page,1,2025-01-04 10:01:58,59,0
session_2618,home,0,2025-04-29 12:36:29,60,0
session_2618,product_page,1,2025-04-29 12:37:16,47,2
session_2619,home,0,2025-03-31 04:15:09,171,0
session_2619,product_page,1,2025-03-31 04:15:44,35,0
session_2620,home,0,2025-06-26 16:33:55,15,0
session_2621,home,0,2025-03-05 11:25:57,88,0
session_2621,product_page,1,2025-03-05 11:26:20,23,3
session_2621,cart,2,2025-03-05 11:28:58,158,3
session_2621,checkout,3,2025-03-05 11:29:27,29,3
session_2621,confirmation,4,2025-03-05 11:32:23,176,0
session_2622,home,0,2025-02-02 07:10:06,18,0
session_2623,home,0,2025-04-05 17:03:32,87,0
session_2623,product_page,1,2025-04-05 17:04:40,68,0
session_2623,cart,2,2025-04-05 17:07:33,173,4
session_2623,checkout,3,2025-04-05 17:08:06,33,4
session_2624,home,0,2025-06-30 16:36:33,94,0
session_2624,product_page,1,2025-06-30 16:37:12,39,2
session_2625,home,0,2025-02-08 00:55:33,117,0
session_2625,product_page,1,2025-02-08 00:58:26,173,0
session_2625,cart,2,2025-02-08 00:59:45,79,4
session_2625,checkout,3,2025-02-08 01:02:42,177,4
session_2625,confirmation,4,2025-02-08 01:03:25,43,0
session_2626,home,0,2025-01-10 03:02:41,19,0
session_2626,product_page,1,2025-01-10 03:05:27,166,0
session_2626,cart,2,2025-01-10 03:08:11,164,1
session_2626,checkout,3,2025-01-10 03:11:10,179,1
session_2626,confirmation,4,2025-01-10 03:12:46,96,0
session_2627,home,0,2025-06-15 11:23:07,55,0
session_2627,product_page,1,2025-06-15 11:24:03,56,0
session_2628,home,0,2025-06-25 20:01:31,61,0
session_2628,product_page,1,2025-06-25 20:01:55,24,0
session_2629,home,0,2025-06-17 17:35:23,179,0
session_2630,home,0,2025-03-15 06:34:44,139,0
session_2630,product_page,1,2025-03-15 06:35:23,39,0
session_2630,cart,2,2025-03-15 06:37:52,149,0
session_2631,home,0,2025-02-05 14:06:00,61,0
session_2632,home,0,2025-06-29 02:08:05,103,0
session_2632,product_page,1,2025-06-29 02:09:23,78,2
session_2633,home,0,2025-04-01 02:03:27,79,0
session_2633,product_page,1,2025-04-01 02:04:11,44,1
session_2633,cart,2,2025-04-01 02:04:40,29,1
session_2634,home,0,2025-05-07 07:31:22,52,0
session_2634,product_page,1,2025-05-07 07:33:23,121,0
session_2635,home,0,2025-04-14 04:12:49,173,0
session_2635,product_page,1,2025-04-14 04:15:37,168,0
session_2635,cart,2,2025-04-14 04:18:06,149,0
session_2635,checkout,3,2025-04-14 04:20:41,155,3
session_2635,confirmation,4,2025-04-14 04:23:37,176,0
session_2636,home,0,2025-05-25 01:58:49,59,0
session_2636,product_page,1,2025-05-25 01:59:57,68,0
session_2637,home,0,2025-01-18 10:30:11,93,0
session_2637,product_page,1,2025-01-18 10:30:57,46,5
session_2637,cart,2,2025-01-18 10:31:22,25,5
session_2637,checkout,3,2025-01-18 10:34:09,167,5
session_2637,confirmation,4,2025-01-18 10:35:15,66,0
session_2638,home,0,2025-04-07 14:14:10,168,0
session_2638,product_page,1,2025-04-07 14:15:56,106,3
session_2638,cart,2,2025-04-07 14:17:36,100,3
session_2638,checkout,3,2025-04-07 14:18:19,43,3
session_2638,confirmation,4,2025-04-07 14:19:18,59,0
session_2639,home,0,2025-05-31 13:48:41,144,0
session_2639,product_page,1,2025-05-31 13:48:58,17,1
session_2640,home,0,2025-08-24 07:52:41,41,0
session_2640,product_page,1,2025-08-24 07:54:53,132,1
session_2641,home,0,2025-08-29 00:42:38,144,0
session_2641,product_page,1,2025-08-29 00:45:35,177,0
session_2642,home,0,2025-06-25 00:02:26,162,0
session_2642,product_page,1,2025-06-25 00:03:14,48,5
session_2643,home,0,2025-05-12 07:53:02,76,0
session_2643,product_page,1,2025-05-12 07:54:44,102,4
session_2643,cart,2,2025-05-12 07:55:14,30,4
session_2643,checkout,3,2025-05-12 07:57:59,165,4
session_2643,confirmation,4,2025-05-12 08:00:06,127,0
session_2644,home,0,2025-06-08 08:15:21,36,0
session_2645,home,0,2025-02-07 22:44:45,175,0
session_2645,product_page,1,2025-02-07 22:46:51,126,0
session_2646,home,0,2025-03-31 08:06:53,45,0
session_2647,home,0,2025-02-19 08:50:27,150,0
session_2647,product_page,1,2025-02-19 08:51:29,62,3
session_2648,home,0,2025-06-19 07:59:59,49,0
session_2649,home,0,2025-03-18 05:12:54,31,0
session_2649,product_page,1,2025-03-18 05:15:39,165,0
session_2649,cart,2,2025-03-18 05:16:32,53,0
session_2649,checkout,3,2025-03-18 05:17:47,75,2
session_2649,confirmation,4,2025-03-18 05:20:31,164,0
session_2650,home,0,2025-05-17 05:53:15,41,0
session_2650,product_page,1,2025-05-17 05:54:32,77,0
session_2650,cart,2,2025-05-17 05:57:04,152,0
session_2650,checkout,3,2025-05-17 05:58:22,78,3
session_2650,confirmation,4,2025-05-17 06:00:25,123,0
session_2651,home,0,2025-03-25 14:02:13,154,0
session_2651,product_page,1,2025-03-25 14:03:32,79,2
session_2651,cart,2,2025-03-25 14:05:54,142,2
session_2651,checkout,3,2025-03-25 14:08:31,157,2
session_2651,confirmation,4,2025-03-25 14:09:18,47,0
session_2652,home,0,2025-02-24 02:19:38,177,0
session_2652,product_page,1,2025-02-24 02:20:04,26,0
session_2652,cart,2,2025-02-24 02:20:48,44,5
session_2652,checkout,3,2025-02-24 02:21:06,18,5
session_2652,confirmation,4,2025-02-24 02:23:30,144,0
session_2653,home,0,2025-01-06 20:44:26,108,0
session_2653,product_page,1,2025-01-06 20:45:44,78,0
session_2654,home,0,2025-01-05 23:23:50,122,0
session_2654,product_page,1,2025-01-05 23:26:42,172,0
session_2654,cart,2,2025-01-05 23:29:36,174,1
session_2654,checkout,3,2025-01-05 23:32:03,147,1
session_2654,confirmation,4,2025-01-05 23:32:31,28,0
session_2655,home,0,2025-04-09 00:37:08,144,0
session_2655,product_page,1,2025-04-09 00:38:26,78,4
session_2656,home,0,2025-07-19 05:41:03,84,0
session_2656,product_page,1,2025-07-19 05:42:28,85,2
session_2656,cart,2,2025-07-19 05:42:49,21,2
session_2656,checkout,3,2025-07-19 05:44:47,118,2
session_2656,confirmation,4,2025-07-19 05:47:30,163,0
session_2657,home,0,2025-02-22 20:08:38,111,0
session_2658,home,0,2025-07-30 16:26:37,50,0
session_2658,product_page,1,2025-07-30 16:28:52,135,0
session_2659,home,0,2025-04-15 07:17:21,56,0
session_2659,product_page,1,2025-04-15 07:18:32,71,0
session_2659,cart,2,2025-04-15 07:19:19,47,0
session_2660,home,0,2025-01-15 15:51:24,118,0
session_2660,product_page,1,2025-01-15 15:51:47,23,2
session_2660,cart,2,2025-01-15 15:54:37,170,2
session_2660,checkout,3,2025-01-15 15:55:36,59,2
session_2660,confirmation,4,2025-01-15 15:56:02,26,0
session_2661,home,0,2025-03-07 06:41:45,60,0
session_2662,home,0,2025-06-03 19:43:12,149,0
session_2662,product_page,1,2025-06-03 19:44:45,93,4
session_2663,home,0,2025-08-20 22:11:48,33,0
session_2663,product_page,1,2025-08-20 22:13:59,131,0
session_2664,home,0,2025-04-12 20:18:32,45,0
session_2665,home,0,2025-05-07 18:04:25,65,0
session_2665,product_page,1,2025-05-07 18:05:58,93,0
session_2666,home,0,2025-02-01 12:34:57,130,0
session_2666,product_page,1,2025-02-01 12:35:49,52,4
session_2667,home,0,2025-04-27 13:16:12,111,0
session_2667,product_page,1,2025-04-27 13:16:28,16,2
session_2668,home,0,2025-02-14 21:11:29,59,0
session_2669,home,0,2025-03-11 09:45:05,175,0
session_2669,product_page,1,2025-03-11 09:45:20,15,5
session_2670,home,0,2025-01-06 07:28:31,123,0
session_2670,product_page,1,2025-01-06 07:29:56,85,3
session_2670,cart,2,2025-01-06 07:32:36,160,3
session_2670,checkout,3,2025-01-06 07:34:04,88,3
session_2671,home,0,2025-06-28 02:12:06,84,0
session_2672,home,0,2025-06-04 02:22:32,155,0
session_2672,product_page,1,2025-06-04 02:25:29,177,1
session_2672,cart,2,2025-06-04 02:27:03,94,1
session_2672,checkout,3,2025-06-04 02:29:38,155,1
session_2673,home,0,2025-07-22 01:11:11,73,0
session_2674,home,0,2025-01-25 15:27:54,20,0
session_2674,product_page,1,2025-01-25 15:28:45,51,1
session_2675,home,0,2025-04-11 21:53:01,54,0
session_2675,product_page,1,2025-04-11 21:54:01,60,0
session_2675,cart,2,2025-04-11 21:54:55,54,0
session_2675,checkout,3,2025-04-11 21:56:42,107,3
session_2675,confirmation,4,2025-04-11 21:57:43,61,0
session_2676,home,0,2025-02-01 08:46:53,19,0
session_2676,product_page,1,2025-02-01 08:48:39,106,0
session_2677,home,0,2025-07-17 10:33:36,136,0
session_2677,product_page,1,2025-07-17 10:34:50,74,0
session_2677,cart,2,2025-07-17 10:36:30,100,5
session_2677,checkout,3,2025-07-17 10:38:50,140,5
session_2677,confirmation,4,2025-07-17 10:41:25,155,0
session_2678,home,0,2025-07-17 21:58:57,45,0
session_2679,home,0,2025-03-22 21:15:15,24,0
session_2679,product_page,1,2025-03-22 21:15:51,36,4
session_2680,home,0,2025-06-06 11:50:56,59,0
session_2680,product_page,1,2025-06-06 11:52:27,91,0
session_2681,home,0,2025-06-12 09:58:38,162,0
session_2682,home,0,2025-06-30 13:15:21,81,0
session_2682,product_page,1,2025-06-30 13:16:21,60,3
session_2683,home,0,2025-01-18 22:46:03,111,0
session_2683,product_page,1,2025-01-18 22:47:12,69,0
session_2684,home,0,2025-01-17 00:51:06,169,0
session_2685,home,0,2025-07-17 12:07:07,103,0
session_2685,product_page,1,2025-07-17 12:07:46,39,3
session_2686,home,0,2025-07-31 22:27:03,174,0
session_2686,product_page,1,2025-07-31 22:29:38,155,2
session_2687,home,0,2025-08-13 03:25:00,157,0
session_2687,product_page,1,2025-08-13 03:26:20,80,5
session_2688,home,0,2025-05-01 17:05:47,92,0
session_2688,product_page,1,2025-05-01 17:06:19,32,0
session_2689,home,0,2025-05-05 17:55:15,59,0
session_2689,product_page,1,2025-05-05 17:57:13,118,2
session_2690,home,0,2025-06-13 20:21:21,113,0
session_2690,product_page,1,2025-06-13 20:22:41,80,0
session_2690,cart,2,2025-06-13 20:24:22,101,0
session_2690,checkout,3,2025-06-13 20:27:04,162,2
session_2691,home,0,2025-06-24 07:44:00,35,0
session_2691,product_page,1,2025-06-24 07:45:22,82,2
session_2692,home,0,2025-05-06 20:57:57,78,0
session_2692,product_page,1,2025-05-06 20:58:55,58,1
session_2693,home,0,2025-04-13 05:43:56,21,0
session_2693,product_page,1,2025-04-13 05:44:28,32,4
session_2694,home,0,2025-02-26 17:38:42,80,0
session_2694,product_page,1,2025-02-26 17:41:12,150,4
session_2695,home,0,2025-06-17 09:24:31,29,0
session_2695,product_page,1,2025-06-17 09:27:08,157,2
session_2695,cart,2,2025-06-17 09:29:33,145,2
session_2695,checkout,3,2025-06-17 09:30:10,37,2
session_2695,confirmation,4,2025-06-17 09:30:50,40,0
session_2696,home,0,2025-01-21 09:21:58,110,0
session_2696,product_page,1,2025-01-21 09:23:21,83,5
session_2696,cart,2,2025-01-21 09:26:20,179,5
session_2696,checkout,3,2025-01-21 09:29:01,161,5
session_2696,confirmation,4,2025-01-21 09:29:31,30,0
session_2697,home,0,2025-06-27 09:04:50,27,0
session_2697,product_page,1,2025-06-27 09:06:28,98,3
session_2698,home,0,2025-07-20 03:36:16,110,0
session_2698,product_page,1,2025-07-20 03:37:54,98,5
session_2698,cart,2,2025-07-20 03:38:57,63,5
session_2698,checkout,3,2025-07-20 03:40:36,99,5
session_2698,confirmation,4,2025-07-20 03:41:48,72,0
session_2699,home,0,2025-05-21 11:34:56,160,0
session_2699,product_page,1,2025-05-21 11:35:40,44,2
session_2700,home,0,2025-08-01 01:03:51,96,0
session_2701,home,0,2025-04-10 01:26:58,129,0
session_2701,product_page,1,2025-04-10 01:29:58,180,0
session_2702,home,0,2025-07-24 07:20:58,52,0
session_2702,product_page,1,2025-07-24 07:23:17,139,3
session_2703,home,0,2025-02-03 14:06:44,109,0
session_2703,product_page,1,2025-02-03 14:09:19,155,0
session_2703,cart,2,2025-02-03 14:10:11,52,5
session_2704,home,0,2025-03-10 04:21:43,177,0
session_2705,home,0,2025-01-28 23:44:21,154,0
session_2705,product_page,1,2025-01-28 23:45:20,59,4
session_2705,cart,2,2025-01-28 23:48:20,180,4
session_2706,home,0,2025-01-08 01:51:44,115,0
session_2706,product_page,1,2025-01-08 01:52:05,21,0
session_2707,home,0,2025-04-03 17:13:58,136,0
session_2707,product_page,1,2025-04-03 17:15:23,85,2
session_2707,cart,2,2025-04-03 17:16:05,42,2
session_2708,home,0,2025-06-22 10:24:09,175,0
session_2708,product_page,1,2025-06-22 10:26:50,161,0
session_2709,home,0,2025-08-12 08:58:00,22,0
session_2709,product_page,1,2025-08-12 09:00:10,130,3
session_2710,home,0,2025-03-03 01:49:43,67,0
session_2710,product_page,1,2025-03-03 01:52:01,138,0
session_2711,home,0,2025-08-10 13:28:50,147,0
session_2711,product_page,1,2025-08-10 13:29:23,33,0
session_2712,home,0,2025-05-13 23:38:26,108,0
session_2712,product_page,1,2025-05-13 23:40:36,130,2
session_2713,home,0,2025-06-05 06:15:49,46,0
session_2714,home,0,2025-03-04 01:51:03,136,0
session_2714,product_page,1,2025-03-04 01:52:15,72,3
session_2715,home,0,2025-01-07 15:56:58,84,0
session_2716,home,0,2025-01-14 03:51:05,62,0
session_2716,product_page,1,2025-01-14 03:51:29,24,1
session_2717,home,0,2025-06-13 02:26:02,21,0
session_2718,home,0,2025-08-29 05:35:12,127,0
session_2718,product_page,1,2025-08-29 05:36:56,104,5
session_2719,home,0,2025-03-23 16:57:15,170,0
session_2720,home,0,2025-05-06 04:06:49,128,0
session_2720,product_page,1,2025-05-06 04:07:13,24,0
session_2720,cart,2,2025-05-06 04:09:55,162,0
session_2720,checkout,3,2025-05-06 04:11:13,78,1
session_2720,confirmation,4,2025-05-06 04:12:40,87,0
session_2721,home,0,2025-06-22 23:48:44,46,0
session_2721,product_page,1,2025-06-22 23:50:17,93,5
session_2722,home,0,2025-05-11 02:21:00,109,0
session_2722,product_page,1,2025-05-11 02:22:54,114,1
session_2722,cart,2,2025-05-11 02:23:40,46,1
session_2722,checkout,3,2025-05-11 02:25:21,101,1
session_2722,confirmation,4,2025-05-11 02:27:36,135,0
session_2723,home,0,2025-04-27 10:37:24,32,0
session_2724,home,0,2025-03-08 22:30:24,41,0
session_2725,home,0,2025-06-09 07:01:03,79,0
session_2725,product_page,1,2025-06-09 07:01:44,41,0
session_2725,cart,2,2025-06-09 07:03:36,112,0
session_2725,checkout,3,2025-06-09 07:04:14,38,2
session_2725,confirmation,4,2025-06-09 07:07:11,177,0
session_2726,home,0,2025-04-26 10:02:37,55,0
session_2727,home,0,2025-08-13 02:58:26,38,0
session_2727,product_page,1,2025-08-13 02:59:44,78,5
session_2727,cart,2,2025-08-13 03:00:57,73,5
session_2728,home,0,2025-05-15 13:26:54,15,0
session_2728,product_page,1,2025-05-15 13:29:38,164,0
session_2729,home,0,2025-01-08 14:47:19,171,0
session_2729,product_page,1,2025-01-08 14:47:41,22,0
session_2729,cart,2,2025-01-08 14:49:03,82,0
session_2730,home,0,2025-03-02 05:41:51,177,0
session_2730,product_page,1,2025-03-02 05:42:18,27,5
session_2731,home,0,2025-08-03 15:28:35,60,0
session_2731,product_page,1,2025-08-03 15:30:55,140,0
session_2731,cart,2,2025-08-03 15:32:48,113,0
session_2731,checkout,3,2025-08-03 15:34:04,76,3
session_2731,confirmation,4,2025-08-03 15:36:52,168,0
session_2732,home,0,2025-01-31 00:58:05,126,0
session_2732,product_page,1,2025-01-31 01:00:46,161,3
session_2733,home,0,2025-05-02 20:07:11,45,0
session_2733,product_page,1,2025-05-02 20:09:29,138,1
session_2734,home,0,2025-07-10 03:31:38,88,0
session_2734,product_page,1,2025-07-10 03:33:58,140,3
session_2735,home,0,2025-07-14 01:28:59,80,0
session_2736,home,0,2025-04-20 07:26:12,173,0
session_2736,product_page,1,2025-04-20 07:29:07,175,4
session_2736,cart,2,2025-04-20 07:29:55,48,4
session_2737,home,0,2025-02-24 02:46:19,159,0
session_2737,product_page,1,2025-02-24 02:46:54,35,4
session_2738,home,0,2025-03-08 02:19:59,126,0
session_2738,product_page,1,2025-03-08 02:22:43,164,5
session_2738,cart,2,2025-03-08 02:25:10,147,5
session_2738,checkout,3,2025-03-08 02:27:07,117,5
session_2738,confirmation,4,2025-03-08 02:28:15,68,0
session_2739,home,0,2025-02-14 12:54:30,88,0
session_2740,home,0,2025-06-28 21:13:15,53,0
session_2740,product_page,1,2025-06-28 21:13:59,44,0
session_2741,home,0,2025-06-02 14:07:13,111,0
session_2742,home,0,2025-04-11 13:34:05,24,0
session_2742,product_page,1,2025-04-11 13:36:54,169,2
session_2742,cart,2,2025-04-11 13:37:33,39,2
session_2743,home,0,2025-04-19 20:19:53,132,0
session_2743,product_page,1,2025-04-19 20:22:44,171,5
session_2743,cart,2,2025-04-19 20:25:39,175,5
session_2744,home,0,2025-08-26 17:20:18,56,0
session_2744,product_page,1,2025-08-26 17:22:13,115,0
session_2744,cart,2,2025-08-26 17:24:12,119,5
session_2744,checkout,3,2025-08-26 17:26:25,133,5
session_2745,home,0,2025-03-15 12:35:41,16,0
session_2745,product_page,1,2025-03-15 12:38:27,166,5
session_2746,home,0,2025-04-23 06:02:46,165,0
session_2746,product_page,1,2025-04-23 06:05:23,157,0
session_2747,home,0,2025-04-09 10:12:20,70,0
session_2748,home,0,2025-06-27 20:41:03,136,0
session_2748,product_page,1,2025-06-27 20:42:53,110,2
session_2748,cart,2,2025-06-27 20:44:51,118,2
session_2749,home,0,2025-02-17 18:49:15,32,0
session_2749,product_page,1,2025-02-17 18:51:59,164,0
session_2749,cart,2,2025-02-17 18:52:48,49,0
session_2749,checkout,3,2025-02-17 18:54:11,83,2
session_2749,confirmation,4,2025-02-17 18:56:13,122,0
session_2750,home,0,2025-08-01 10:08:06,150,0
session_2750,product_page,1,2025-08-01 10:10:54,168,0
session_2750,cart,2,2025-08-01 10:13:45,171,5
session_2750,checkout,3,2025-08-01 10:14:57,72,5
session_2750,confirmation,4,2025-08-01 10:15:20,23,0
session_2751,home,0,2025-06-16 02:55:14,23,0
session_2752,home,0,2025-08-21 22:02:49,15,0
session_2752,product_page,1,2025-08-21 22:03:20,31,0
session_2753,home,0,2025-01-06 22:29:01,134,0
session_2753,product_page,1,2025-01-06 22:29:35,34,5
session_2754,home,0,2025-05-28 06:20:49,45,0
session_2755,home,0,2025-07-12 10:00:08,70,0
session_2755,product_page,1,2025-07-12 10:01:58,110,3
session_2755,cart,2,2025-07-12 10:02:14,16,3
session_2756,home,0,2025-01-27 04:31:04,54,0
session_2756,product_page,1,2025-01-27 04:31:26,22,2
session_2756,cart,2,2025-01-27 04:33:42,136,2
session_2757,home,0,2025-07-14 22:05:07,19,0
session_2757,product_page,1,2025-07-14 22:07:36,149,2
session_2757,cart,2,2025-07-14 22:10:35,179,2
session_2757,checkout,3,2025-07-14 22:13:07,152,2
session_2757,confirmation,4,2025-07-14 22:15:33,146,0
session_2758,home,0,2025-06-27 23:45:11,162,0
session_2758,product_page,1,2025-06-27 23:47:24,133,0
session_2758,cart,2,2025-06-27 23:48:07,43,5
session_2758,checkout,3,2025-06-27 23:49:00,53,5
session_2759,home,0,2025-07-30 18:56:07,55,0
session_2759,product_page,1,2025-07-30 18:59:02,175,0
session_2760,home,0,2025-01-16 17:39:28,31,0
session_2761,home,0,2025-02-21 10:30:13,118,0
session_2762,home,0,2025-05-30 03:55:08,90,0
session_2762,product_page,1,2025-05-30 03:56:17,69,2
session_2762,cart,2,2025-05-30 03:57:51,94,2
session_2762,checkout,3,2025-05-30 04:00:43,172,2
session_2762,confirmation,4,2025-05-30 04:02:19,96,0
session_2763,home,0,2025-04-28 04:22:44,53,0
session_2764,home,0,2025-07-01 01:32:41,169,0
session_2765,home,0,2025-02-14 18:20:05,21,0
session_2765,product_page,1,2025-02-14 18:21:52,107,5
session_2765,cart,2,2025-02-14 18:24:24,152,5
session_2765,checkout,3,2025-02-14 18:24:41,17,5
session_2766,home,0,2025-06-04 15:31:07,84,0
session_2766,product_page,1,2025-06-04 15:33:07,120,3
session_2766,cart,2,2025-06-04 15:34:22,75,3
session_2766,checkout,3,2025-06-04 15:35:27,65,3
session_2766,confirmation,4,2025-06-04 15:36:53,86,0
session_2767,home,0,2025-07-07 05:03:43,138,0
session_2768,home,0,2025-01-19 17:59:05,153,0
session_2768,product_page,1,2025-01-19 18:01:06,121,0
session_2768,cart,2,2025-01-19 18:03:31,145,0
session_2769,home,0,2025-06-30 01:57:15,68,0
session_2769,product_page,1,2025-06-30 01:58:42,87,0
session_2770,home,0,2025-07-05 11:43:01,140,0
session_2771,home,0,2025-03-14 22:00:14,147,0
session_2771,product_page,1,2025-03-14 22:02:01,107,5
session_2771,cart,2,2025-03-14 22:04:06,125,5
session_2771,checkout,3,2025-03-14 22:05:05,59,5
session_2771,confirmation,4,2025-03-14 22:07:14,129,0
session_2772,home,0,2025-03-06 02:44:21,118,0
session_2772,product_page,1,2025-03-06 02:44:55,34,0
session_2773,home,0,2025-01-19 21:36:44,117,0
session_2773,product_page,1,2025-01-19 21:39:19,155,3
session_2774,home,0,2025-05-25 18:26:20,99,0
session_2775,home,0,2025-08-13 03:39:03,177,0
session_2776,home,0,2025-01-30 09:06:50,43,0
session_2776,product_page,1,2025-01-30 09:08:31,101,1
session_2777,home,0,2025-06-03 19:30:57,74,0
session_2778,home,0,2025-04-18 15:18:15,176,0
session_2778,product_page,1,2025-04-18 15:18:48,33,5
session_2779,home,0,2025-03-02 15:55:06,38,0
session_2780,home,0,2025-03-10 21:00:20,37,0
session_2780,product_page,1,2025-03-10 21:00:46,26,1
session_2781,home,0,2025-02-19 09:24:29,148,0
session_2781,product_page,1,2025-02-19 09:26:34,125,1
session_2782,home,0,2025-04-07 10:36:04,130,0
session_2782,product_page,1,2025-04-07 10:38:34,150,2
session_2782,cart,2,2025-04-07 10:41:20,166,2
session_2783,home,0,2025-04-09 09:01:59,176,0
session_2783,product_page,1,2025-04-09 09:02:15,16,5
session_2784,home,0,2025-02-14 06:35:33,22,0
session_2784,product_page,1,2025-02-14 06:36:05,32,4
session_2785,home,0,2025-02-22 21:33:09,111,0
session_2785,product_page,1,2025-02-22 21:34:06,57,0
session_2786,home,0,2025-06-01 10:21:48,41,0
session_2786,product_page,1,2025-06-01 10:23:20,92,4
session_2787,home,0,2025-07-10 06:41:25,78,0
session_2788,home,0,2025-07-24 06:57:45,139,0
session_2788,product_page,1,2025-07-24 07:00:12,147,0
session_2789,home,0,2025-07-14 00:51:33,90,0
session_2789,product_page,1,2025-07-14 00:53:00,87,5
session_2790,home,0,2025-02-12 11:36:36,128,0
session_2790,product_page,1,2025-02-12 11:39:13,157,4
session_2791,home,0,2025-05-05 14:43:14,31,0
session_2791,product_page,1,2025-05-05 14:43:42,28,0
session_2791,cart,2,2025-05-05 14:45:10,88,3
session_2791,checkout,3,2025-05-05 14:45:34,24,3
session_2791,confirmation,4,2025-05-05 14:46:09,35,0
session_2792,home,0,2025-06-24 02:13:53,67,0
session_2792,product_page,1,2025-06-24 02:15:41,108,0
session_2792,cart,2,2025-06-24 02:17:51,130,0
session_2792,checkout,3,2025-06-24 02:18:20,29,1
session_2792,confirmation,4,2025-06-24 02:19:07,47,0
session_2793,home,0,2025-02-08 12:27:56,57,0
session_2793,product_page,1,2025-02-08 12:28:20,24,0
session_2793,cart,2,2025-02-08 12:29:46,86,3
session_2793,checkout,3,2025-02-08 12:31:02,76,3
session_2793,confirmation,4,2025-02-08 12:32:14,72,0
session_2794,home,0,2025-03-23 23:48:53,61,0
session_2794,product_page,1,2025-03-23 23:51:01,128,0
session_2795,home,0,2025-06-16 18:32:51,148,0
session_2795,product_page,1,2025-06-16 18:35:09,138,0
session_2795,cart,2,2025-06-16 18:36:53,104,5
session_2796,home,0,2025-08-15 10:59:24,57,0
session_2796,product_page,1,2025-08-15 11:00:59,95,1
session_2797,home,0,2025-05-28 02:16:05,162,0
session_2797,product_page,1,2025-05-28 02:18:00,115,0
session_2798,home,0,2025-08-23 10:25:22,168,0
session_2798,product_page,1,2025-08-23 10:25:40,18,0
session_2799,home,0,2025-07-31 07:29:01,82,0
session_2799,product_page,1,2025-07-31 07:30:09,68,0
session_2800,home,0,2025-04-24 14:05:39,22,0
session_2800,product_page,1,2025-04-24 14:06:52,73,3
session_2801,home,0,2025-07-18 09:58:39,49,0
session_2801,product_page,1,2025-07-18 09:59:11,32,5
session_2801,cart,2,2025-07-18 09:59:34,23,5
session_2802,home,0,2025-04-14 11:33:11,170,0
session_2802,product_page,1,2025-04-14 11:35:05,114,0
session_2803,home,0,2025-01-20 19:32:50,24,0
session_2803,product_page,1,2025-01-20 19:35:24,154,4
session_2803,cart,2,2025-01-20 19:35:52,28,4
session_2804,home,0,2025-06-28 09:57:05,57,0
session_2804,product_page,1,2025-06-28 09:59:33,148,2
session_2804,cart,2,2025-06-28 10:00:49,76,2
session_2804,checkout,3,2025-06-28 10:03:27,158,2
session_2804,confirmation,4,2025-06-28 10:04:43,76,0
session_2805,home,0,2025-08-26 15:40:14,32,0
session_2805,product_page,1,2025-08-26 15:41:58,104,0
session_2805,cart,2,2025-08-26 15:43:48,110,0
session_2805,checkout,3,2025-08-26 15:44:51,63,3
session_2805,confirmation,4,2025-08-26 15:47:33,162,0
session_2806,home,0,2025-08-05 16:26:25,52,0
session_2807,home,0,2025-04-28 21:01:59,37,0
session_2807,product_page,1,2025-04-28 21:04:07,128,1
session_2808,home,0,2025-01-17 04:36:31,40,0
session_2808,product_page,1,2025-01-17 04:37:05,34,5
session_2809,home,0,2025-05-10 11:39:54,69,0
session_2809,product_page,1,2025-05-10 11:42:53,179,3
session_2809,cart,2,2025-05-10 11:44:45,112,3
session_2810,home,0,2025-06-28 15:06:04,173,0
session_2811,home,0,2025-02-26 00:09:55,90,0
session_2811,product_page,1,2025-02-26 00:12:01,126,2
session_2812,home,0,2025-07-03 15:41:13,146,0
session_2812,product_page,1,2025-07-03 15:43:09,116,4
session_2813,home,0,2025-05-19 20:33:47,106,0
session_2813,product_page,1,2025-05-19 20:36:28,161,5
session_2813,cart,2,2025-05-19 20:39:19,171,5
session_2813,checkout,3,2025-05-19 20:40:08,49,5
session_2813,confirmation,4,2025-05-19 20:43:02,174,0
session_2814,home,0,2025-01-21 08:29:44,43,0
session_2814,product_page,1,2025-01-21 08:31:29,105,0
session_2815,home,0,2025-02-22 11:24:55,125,0
session_2815,product_page,1,2025-02-22 11:25:20,25,0
session_2815,cart,2,2025-02-22 11:28:05,165,0
session_2816,home,0,2025-08-09 10:26:39,115,0
session_2816,product_page,1,2025-08-09 10:28:32,113,4
session_2817,home,0,2025-02-19 16:02:41,100,0
session_2817,product_page,1,2025-02-19 16:03:28,47,0
session_2817,cart,2,2025-02-19 16:05:08,100,0
session_2817,checkout,3,2025-02-19 16:07:13,125,1
session_2817,confirmation,4,2025-02-19 16:10:08,175,0
session_2818,home,0,2025-03-10 14:51:48,84,0
session_2818,product_page,1,2025-03-10 14:53:56,128,0
session_2819,home,0,2025-08-01 13:33:01,165,0
session_2819,product_page,1,2025-08-01 13:34:11,70,2
session_2819,cart,2,2025-08-01 13:36:43,152,2
session_2819,checkout,3,2025-08-01 13:38:29,106,2
session_2819,confirmation,4,2025-08-01 13:40:16,107,0
session_2820,home,0,2025-05-15 07:12:05,98,0
session_2820,product_page,1,2025-05-15 07:14:41,156,0
session_2821,home,0,2025-06-14 12:35:53,58,0
session_2821,product_page,1,2025-06-14 12:38:16,143,3
session_2822,home,0,2025-05-29 06:34:41,114,0
session_2822,product_page,1,2025-05-29 06:35:53,72,0
session_2822,cart,2,2025-05-29 06:38:37,164,5
session_2823,home,0,2025-07-10 19:41:16,68,0
session_2823,product_page,1,2025-07-10 19:41:46,30,0
session_2824,home,0,2025-06-26 04:17:55,38,0
session_2824,product_page,1,2025-06-26 04:18:36,41,5
session_2825,home,0,2025-03-21 09:56:46,120,0
session_2825,product_page,1,2025-03-21 09:59:14,148,4
session_2825,cart,2,2025-03-21 10:01:13,119,4
session_2825,checkout,3,2025-03-21 10:02:33,80,4
session_2825,confirmation,4,2025-03-21 10:04:07,94,0
session_2826,home,0,2025-02-08 14:54:05,87,0
session_2826,product_page,1,2025-02-08 14:55:20,75,4
session_2826,cart,2,2025-02-08 14:55:49,29,4
session_2826,checkout,3,2025-02-08 14:58:13,144,4
session_2826,confirmation,4,2025-02-08 15:01:09,176,0
session_2827,home,0,2025-01-27 21:16:30,73,0
session_2827,product_page,1,2025-01-27 21:17:05,35,5
session_2827,cart,2,2025-01-27 21:20:01,176,5
session_2828,home,0,2025-03-16 17:51:59,61,0
session_2828,product_page,1,2025-03-16 17:53:38,99,1
session_2828,cart,2,2025-03-16 17:56:30,172,1
session_2828,checkout,3,2025-03-16 17:57:10,40,1
session_2828,confirmation,4,2025-03-16 17:58:25,75,0
session_2829,home,0,2025-02-17 08:12:42,21,0
session_2830,home,0,2025-08-23 23:41:10,25,0
session_2830,product_page,1,2025-08-23 23:43:38,148,2
session_2831,home,0,2025-02-04 06:52:40,173,0
session_2831,product_page,1,2025-02-04 06:54:03,83,0
session_2831,cart,2,2025-02-04 06:55:01,58,5
session_2832,home,0,2025-03-28 00:17:42,43,0
session_2832,product_page,1,2025-03-28 00:20:21,159,0
session_2832,cart,2,2025-03-28 00:21:06,45,0
session_2833,home,0,2025-07-30 16:10:41,108,0
session_2833,product_page,1,2025-07-30 16:11:07,26,5
session_2834,home,0,2025-01-26 18:30:37,89,0
session_2834,product_page,1,2025-01-26 18:32:34,117,2
session_2835,home,0,2025-03-25 02:09:18,22,0
session_2835,product_page,1,2025-03-25 02:12:02,164,0
session_2836,home,0,2025-06-03 08:50:59,106,0
session_2836,product_page,1,2025-06-03 08:52:03,64,0
session_2837,home,0,2025-02-07 18:54:26,163,0
session_2838,home,0,2025-06-23 00:52:44,77,0
session_2838,product_page,1,2025-06-23 00:53:52,68,4
session_2838,cart,2,2025-06-23 00:56:02,130,4
session_2839,home,0,2025-08-09 00:51:09,160,0
session_2839,product_page,1,2025-08-09 00:52:43,94,0
session_2840,home,0,2025-08-10 22:08:22,38,0
session_2841,home,0,2025-03-15 15:23:33,28,0
session_2841,product_page,1,2025-03-15 15:26:16,163,0
session_2842,home,0,2025-04-10 14:38:57,145,0
session_2842,product_page,1,2025-04-10 14:40:44,107,0
session_2843,home,0,2025-07-16 08:59:42,48,0
session_2843,product_page,1,2025-07-16 09:00:49,67,2
session_2844,home,0,2025-02-23 19:48:55,90,0
session_2844,product_page,1,2025-02-23 19:50:52,117,5
session_2844,cart,2,2025-02-23 19:52:55,123,5
session_2845,home,0,2025-05-20 13:10:32,159,0
session_2846,home,0,2025-05-26 19:42:15,166,0
session_2847,home,0,2025-05-24 16:55:42,145,0
session_2847,product_page,1,2025-05-24 16:58:24,162,0
session_2848,home,0,2025-08-10 09:50:43,23,0
session_2848,product_page,1,2025-08-10 09:51:52,69,3
session_2849,home,0,2025-05-10 09:50:06,68,0
session_2849,product_page,1,2025-05-10 09:52:19,133,0
session_2850,home,0,2025-07-08 15:15:12,146,0
session_2850,product_page,1,2025-07-08 15:16:41,89,5
session_2851,home,0,2025-08-24 06:01:34,163,0
session_2852,home,0,2025-05-14 17:40:27,63,0
session_2852,product_page,1,2025-05-14 17:41:43,76,1
session_2853,home,0,2025-01-16 00:24:41,62,0
session_2853,product_page,1,2025-01-16 00:27:18,157,2
session_2853,cart,2,2025-01-16 00:29:36,138,2
session_2854,home,0,2025-06-12 17:29:02,47,0
session_2855,home,0,2025-08-27 03:27:15,65,0
session_2856,home,0,2025-06-02 11:46:51,69,0
session_2856,product_page,1,2025-06-02 11:48:59,128,4
session_2857,home,0,2025-07-01 04:56:23,75,0
session_2857,product_page,1,2025-07-01 04:57:46,83,1
session_2857,cart,2,2025-07-01 04:59:15,89,1
session_2857,checkout,3,2025-07-01 05:01:44,149,1
session_2857,confirmation,4,2025-07-01 05:03:10,86,0
session_2858,home,0,2025-03-22 07:49:04,62,0
session_2858,product_page,1,2025-03-22 07:51:09,125,1
session_2859,home,0,2025-05-11 18:42:41,179,0
session_2859,product_page,1,2025-05-11 18:43:10,29,5
session_2859,cart,2,2025-05-11 18:44:36,86,5
session_2859,checkout,3,2025-05-11 18:46:26,110,5
session_2859,confirmation,4,2025-05-11 18:49:07,161,0
session_2860,home,0,2025-03-26 15:10:04,41,0
session_2860,product_page,1,2025-03-26 15:12:16,132,0
session_2861,home,0,2025-05-23 21:27:14,80,0
session_2861,product_page,1,2025-05-23 21:28:40,86,0
session_2862,home,0,2025-08-16 12:56:55,126,0
session_2863,home,0,2025-07-21 05:10:51,15,0
session_2864,home,0,2025-02-02 00:08:58,141,0
session_2864,product_page,1,2025-02-02 00:10:44,106,2
session_2864,cart,2,2025-02-02 00:12:09,85,2
session_2864,checkout,3,2025-02-02 00:13:07,58,2
session_2864,confirmation,4,2025-02-02 00:15:40,153,0
session_2865,home,0,2025-07-21 05:02:47,98,0
session_2865,product_page,1,2025-07-21 05:03:20,33,0
session_2866,home,0,2025-05-19 03:17:06,84,0
session_2866,product_page,1,2025-05-19 03:18:06,60,4
session_2866,cart,2,2025-05-19 03:19:14,68,4
session_2867,home,0,2025-03-04 04:15:57,29,0
session_2867,product_page,1,2025-03-04 04:16:45,48,0
session_2867,cart,2,2025-03-04 04:18:46,121,1
session_2867,checkout,3,2025-03-04 04:21:41,175,1
session_2868,home,0,2025-01-20 05:17:54,76,0
session_2868,product_page,1,2025-01-20 05:19:18,84,0
session_2869,home,0,2025-06-02 01:54:57,54,0
session_2869,product_page,1,2025-06-02 01:55:38,41,0
session_2870,home,0,2025-02-23 21:37:50,102,0
session_2870,product_page,1,2025-02-23 21:40:24,154,2
session_2871,home,0,2025-06-29 02:45:29,89,0
session_2871,product_page,1,2025-06-29 02:47:54,145,0
session_2871,cart,2,2025-06-29 02:50:21,147,0
session_2871,checkout,3,2025-06-29 02:50:37,16,3
session_2872,home,0,2025-05-31 12:53:57,164,0
session_2872,product_page,1,2025-05-31 12:56:57,180,5
session_2873,home,0,2025-05-20 20:26:07,53,0
session_2874,home,0,2025-06-02 02:26:56,53,0
session_2874,product_page,1,2025-06-02 02:28:21,85,1
session_2874,cart,2,2025-06-02 02:29:30,69,1
session_2875,home,0,2025-01-05 03:03:39,49,0
session_2875,product_page,1,2025-01-05 03:06:25,166,0
session_2875,cart,2,2025-01-05 03:07:15,50,0
session_2875,checkout,3,2025-01-05 03:10:06,171,1
session_2875,confirmation,4,2025-01-05 03:12:49,163,0
session_2876,home,0,2025-03-19 09:56:07,73,0
session_2876,product_page,1,2025-03-19 09:58:59,172,1
session_2877,home,0,2025-03-24 15:02:05,105,0
session_2877,product_page,1,2025-03-24 15:03:21,76,0
session_2878,home,0,2025-03-26 00:34:32,130,0
session_2878,product_page,1,2025-03-26 00:35:06,34,4
session_2878,cart,2,2025-03-26 00:35:49,43,4
session_2878,checkout,3,2025-03-26 00:36:55,66,4
session_2878,confirmation,4,2025-03-26 00:38:21,86,0
session_2879,home,0,2025-02-04 23:01:29,135,0
session_2879,product_page,1,2025-02-04 23:04:19,170,1
session_2880,home,0,2025-07-09 21:33:52,34,0
session_2880,product_page,1,2025-07-09 21:34:11,19,0
session_2881,home,0,2025-03-05 19:35:08,179,0
session_2882,home,0,2025-03-04 17:23:22,103,0
session_2882,product_page,1,2025-03-04 17:24:07,45,5
session_2882,cart,2,2025-03-04 17:25:28,81,5
session_2882,checkout,3,2025-03-04 17:27:56,148,5
session_2882,confirmation,4,2025-03-04 17:28:42,46,0
session_2883,home,0,2025-02-16 16:05:44,121,0
session_2883,product_page,1,2025-02-16 16:06:47,63,4
session_2884,home,0,2025-08-17 15:01:03,89,0
session_2884,product_page,1,2025-08-17 15:02:49,106,5
session_2884,cart,2,2025-08-17 15:05:45,176,5
session_2884,checkout,3,2025-08-17 15:08:31,166,5
session_2884,confirmation,4,2025-08-17 15:08:49,18,0
session_2885,home,0,2025-04-04 05:23:16,20,0
session_2885,product_page,1,2025-04-04 05:24:39,83,3
session_2885,cart,2,2025-04-04 05:26:39,120,3
session_2885,checkout,3,2025-04-04 05:27:54,75,3
session_2886,home,0,2025-06-26 15:26:32,114,0
session_2887,home,0,2025-07-09 10:45:57,87,0
session_2887,product_page,1,2025-07-09 10:46:24,27,3
session_2888,home,0,2025-05-16 00:54:22,86,0
session_2888,product_page,1,2025-05-16 00:56:17,115,1
session_2889,home,0,2025-02-18 07:53:16,168,0
session_2890,home,0,2025-05-29 03:38:43,53,0
session_2890,product_page,1,2025-05-29 03:39:16,33,3
session_2891,home,0,2025-05-28 01:08:04,148,0
session_2892,home,0,2025-06-14 11:42:13,25,0
session_2892,product_page,1,2025-06-14 11:44:13,120,3
session_2892,cart,2,2025-06-14 11:46:27,134,3
session_2892,checkout,3,2025-06-14 11:47:00,33,3
session_2892,confirmation,4,2025-06-14 11:48:43,103,0
session_2893,home,0,2025-07-22 18:21:20,54,0
session_2893,product_page,1,2025-07-22 18:22:55,95,0
session_2893,cart,2,2025-07-22 18:23:36,41,2
session_2893,checkout,3,2025-07-22 18:24:32,56,2
session_2893,confirmation,4,2025-07-22 18:24:49,17,0
session_2894,home,0,2025-08-09 12:16:02,31,0
session_2895,home,0,2025-05-06 03:24:02,76,0
session_2895,product_page,1,2025-05-06 03:27:00,178,0
session_2896,home,0,2025-02-02 03:22:21,171,0
session_2896,product_page,1,2025-02-02 03:22:36,15,1
session_2896,cart,2,2025-02-02 03:24:11,95,1
session_2896,checkout,3,2025-02-02 03:26:33,142,1
session_2897,home,0,2025-03-03 18:16:04,92,0
session_2897,product_page,1,2025-03-03 18:17:03,59,5
session_2898,home,0,2025-07-24 15:49:20,177,0
session_2899,home,0,2025-01-27 20:16:40,103,0
session_2899,product_page,1,2025-01-27 20:19:36,176,3
session_2900,home,0,2025-07-12 03:16:15,40,0
session_2900,product_page,1,2025-07-12 03:18:39,144,4
session_2901,home,0,2025-01-19 08:25:54,81,0
session_2901,product_page,1,2025-01-19 08:28:16,142,3
session_2902,home,0,2025-04-03 08:38:36,164,0
session_2902,product_page,1,2025-04-03 08:40:44,128,3
session_2902,cart,2,2025-04-03 08:43:41,177,3
session_2902,checkout,3,2025-04-03 08:46:36,175,3
session_2902,confirmation,4,2025-04-03 08:46:54,18,0
session_2903,home,0,2025-06-17 02:43:26,155,0
session_2903,product_page,1,2025-06-17 02:44:58,92,1
session_2904,home,0,2025-03-19 20:18:03,160,0
session_2904,product_page,1,2025-03-19 20:19:45,102,1
session_2905,home,0,2025-05-19 09:54:04,158,0
session_2906,home,0,2025-08-14 08:04:19,171,0
session_2907,home,0,2025-04-28 17:43:10,43,0
session_2907,product_page,1,2025-04-28 17:46:10,180,4
session_2907,cart,2,2025-04-28 17:48:55,165,4
session_2907,checkout,3,2025-04-28 17:51:35,160,4
session_2907,confirmation,4,2025-04-28 17:52:40,65,0
session_2908,home,0,2025-04-25 09:35:26,99,0
session_2909,home,0,2025-01-15 00:46:08,22,0
session_2909,product_page,1,2025-01-15 00:49:08,180,0
session_2909,cart,2,2025-01-15 00:51:37,149,4
session_2909,checkout,3,2025-01-15 00:52:01,24,4
session_2909,confirmation,4,2025-01-15 00:52:53,52,0
session_2910,home,0,2025-06-15 09:22:26,137,0
session_2910,product_page,1,2025-06-15 09:24:17,111,0
session_2910,cart,2,2025-06-15 09:27:08,171,4
session_2911,home,0,2025-03-22 06:50:57,139,0
session_2912,home,0,2025-03-19 16:45:55,80,0
session_2912,product_page,1,2025-03-19 16:48:27,152,1
session_2913,home,0,2025-05-03 18:03:31,162,0
session_2913,product_page,1,2025-05-03 18:06:04,153,0
session_2914,home,0,2025-01-30 01:20:09,66,0
session_2915,home,0,2025-05-08 09:05:44,180,0
session_2915,product_page,1,2025-05-08 09:06:51,67,0
session_2916,home,0,2025-04-12 07:02:48,39,0
session_2916,product_page,1,2025-04-12 07:04:41,113,1
session_2917,home,0,2025-05-05 19:26:57,45,0
session_2917,product_page,1,2025-05-05 19:29:20,143,4
session_2917,cart,2,2025-05-05 19:31:27,127,4
session_2918,home,0,2025-05-26 10:16:13,44,0
session_2918,product_page,1,2025-05-26 10:17:32,79,4
session_2918,cart,2,2025-05-26 10:18:25,53,4
session_2918,checkout,3,2025-05-26 10:21:21,176,4
session_2918,confirmation,4,2025-05-26 10:22:59,98,0
session_2919,home,0,2025-05-19 01:49:34,72,0
session_2919,product_page,1,2025-05-19 01:50:14,40,1
session_2919,cart,2,2025-05-19 01:52:12,118,1
session_2920,home,0,2025-05-15 09:32:14,31,0
session_2921,home,0,2025-02-14 20:11:31,71,0
session_2922,home,0,2025-03-30 08:27:58,89,0
session_2922,product_page,1,2025-03-30 08:29:35,97,3
session_2922,cart,2,2025-03-30 08:30:29,54,3
session_2922,checkout,3,2025-03-30 08:32:37,128,3
session_2922,confirmation,4,2025-03-30 08:34:48,131,0
session_2923,home,0,2025-06-11 05:31:36,91,0
session_2924,home,0,2025-03-13 13:14:21,147,0
session_2924,product_page,1,2025-03-13 13:16:08,107,2
session_2925,home,0,2025-05-26 22:55:03,20,0
session_2925,product_page,1,2025-05-26 22:56:49,106,3
session_2926,home,0,2025-03-19 05:18:09,122,0
session_2926,product_page,1,2025-03-19 05:20:20,131,5
session_2927,home,0,2025-07-09 18:08:43,99,0
session_2927,product_page,1,2025-07-09 18:10:58,135,5
session_2928,home,0,2025-02-03 17:26:32,69,0
session_2928,product_page,1,2025-02-03 17:29:19,167,4
session_2929,home,0,2025-02-07 08:30:11,144,0
session_2930,home,0,2025-07-10 07:24:56,55,0
session_2930,product_page,1,2025-07-10 07:26:44,108,0
session_2931,home,0,2025-07-14 22:27:00,133,0
session_2931,product_page,1,2025-07-14 22:29:06,126,0
session_2932,home,0,2025-08-06 23:35:47,155,0
session_2932,product_page,1,2025-08-06 23:36:44,57,0
session_2933,home,0,2025-04-03 17:36:13,93,0
session_2933,product_page,1,2025-04-03 17:36:35,22,4
session_2933,cart,2,2025-04-03 17:39:01,146,4
session_2933,checkout,3,2025-04-03 17:40:37,96,4
session_2934,home,0,2025-04-12 09:36:34,19,0
session_2934,product_page,1,2025-04-12 09:37:34,60,5
session_2934,cart,2,2025-04-12 09:38:26,52,5
session_2934,checkout,3,2025-04-12 09:40:47,141,5
session_2934,confirmation,4,2025-04-12 09:43:32,165,0
session_2935,home,0,2025-05-16 17:32:54,51,0
session_2936,home,0,2025-04-06 22:25:29,163,0
session_2936,product_page,1,2025-04-06 22:28:12,163,5
session_2937,home,0,2025-03-01 20:19:04,53,0
session_2937,product_page,1,2025-03-01 20:19:47,43,4
session_2938,home,0,2025-05-09 12:08:43,116,0
session_2938,product_page,1,2025-05-09 12:10:45,122,0
session_2939,home,0,2025-08-05 23:22:50,21,0
session_2939,product_page,1,2025-08-05 23:24:31,101,3
session_2939,cart,2,2025-08-05 23:26:17,106,3
session_2939,checkout,3,2025-08-05 23:28:53,156,3
session_2939,confirmation,4,2025-08-05 23:30:31,98,0
session_2940,home,0,2025-06-15 05:51:47,16,0
session_2940,product_page,1,2025-06-15 05:53:08,81,0
session_2940,cart,2,2025-06-15 05:54:52,104,3
session_2941,home,0,2025-01-26 11:05:32,102,0
session_2941,product_page,1,2025-01-26 11:06:22,50,0
session_2941,cart,2,2025-01-26 11:06:49,27,0
session_2941,checkout,3,2025-01-26 11:09:49,180,2
session_2942,home,0,2025-03-22 10:09:46,149,0
session_2943,home,0,2025-05-20 07:01:38,25,0
session_2943,product_page,1,2025-05-20 07:03:29,111,0
session_2944,home,0,2025-01-28 17:38:17,88,0
session_2944,product_page,1,2025-01-28 17:40:28,131,0
session_2945,home,0,2025-06-23 07:29:40,174,0
session_2946,home,0,2025-08-27 15:17:47,55,0
session_2946,product_page,1,2025-08-27 15:20:32,165,5
session_2947,home,0,2025-08-20 20:31:04,178,0
session_2947,product_page,1,2025-08-20 20:31:33,29,0
session_2947,cart,2,2025-08-20 20:32:44,71,0
session_2947,checkout,3,2025-08-20 20:34:01,77,1
session_2947,confirmation,4,2025-08-20 20:35:18,77,0
session_2948,home,0,2025-01-29 20:51:07,133,0
session_2948,product_page,1,2025-01-29 20:53:01,114,3
session_2948,cart,2,2025-01-29 20:54:13,72,3
session_2949,home,0,2025-01-26 15:28:07,32,0
session_2949,product_page,1,2025-01-26 15:30:05,118,3
session_2950,home,0,2025-06-12 18:47:11,87,0
session_2950,product_page,1,2025-06-12 18:48:14,63,5
session_2950,cart,2,2025-06-12 18:50:25,131,5
session_2950,checkout,3,2025-06-12 18:51:10,45,5
session_2950,confirmation,4,2025-06-12 18:52:31,81,0
session_2951,home,0,2025-01-19 06:34:10,32,0
session_2951,product_page,1,2025-01-19 06:35:36,86,1
session_2951,cart,2,2025-01-19 06:36:54,78,1
session_2952,home,0,2025-01-14 01:10:14,139,0
session_2952,product_page,1,2025-01-14 01:12:39,145,3
session_2953,home,0,2025-03-16 16:14:11,171,0
session_2953,product_page,1,2025-03-16 16:14:58,47,5
session_2954,home,0,2025-01-10 13:32:47,94,0
session_2954,product_page,1,2025-01-10 13:33:51,64,4
session_2955,home,0,2025-02-24 10:47:19,139,0
session_2955,product_page,1,2025-02-24 10:49:58,159,4
session_2956,home,0,2025-07-25 03:31:40,53,0
session_2956,product_page,1,2025-07-25 03:33:27,107,0
session_2956,cart,2,2025-07-25 03:35:21,114,4
session_2956,checkout,3,2025-07-25 03:35:55,34,4
session_2956,confirmation,4,2025-07-25 03:37:31,96,0
session_2957,home,0,2025-08-20 06:32:53,172,0
session_2957,product_page,1,2025-08-20 06:35:12,139,3
session_2957,cart,2,2025-08-20 06:36:09,57,3
session_2957,checkout,3,2025-08-20 06:38:06,117,3
session_2957,confirmation,4,2025-08-20 06:39:35,89,0
session_2958,home,0,2025-07-04 04:00:34,163,0
session_2959,home,0,2025-07-03 07:00:50,39,0
session_2959,product_page,1,2025-07-03 07:03:34,164,1
session_2960,home,0,2025-07-22 02:25:23,78,0
session_2960,product_page,1,2025-07-22 02:27:25,122,0
session_2961,home,0,2025-05-06 19:54:27,96,0
session_2962,home,0,2025-04-17 04:29:53,21,0
session_2963,home,0,2025-07-17 17:02:05,25,0
session_2963,product_page,1,2025-07-17 17:04:39,154,0
session_2963,cart,2,2025-07-17 17:06:42,123,3
session_2963,checkout,3,2025-07-17 17:08:21,99,3
session_2963,confirmation,4,2025-07-17 17:09:40,79,0
session_2964,home,0,2025-01-09 22:40:36,159,0
session_2964,product_page,1,2025-01-09 22:42:03,87,0
session_2964,cart,2,2025-01-09 22:44:31,148,0
session_2964,checkout,3,2025-01-09 22:47:26,175,3
session_2964,confirmation,4,2025-01-09 22:47:52,26,0
session_2965,home,0,2025-03-02 19:06:28,45,0
session_2965,product_page,1,2025-03-02 19:07:44,76,0
session_2966,home,0,2025-01-22 22:02:33,73,0
session_2966,product_page,1,2025-01-22 22:02:56,23,5
session_2966,cart,2,2025-01-22 22:04:06,70,5
session_2967,home,0,2025-07-29 04:21:34,82,0
session_2967,product_page,1,2025-07-29 04:22:01,27,4
session_2968,home,0,2025-08-23 19:29:41,179,0
session_2968,product_page,1,2025-08-23 19:30:22,41,0
session_2969,home,0,2025-06-21 15:58:18,138,0
session_2969,product_page,1,2025-06-21 15:59:00,42,0
session_2970,home,0,2025-01-25 11:17:55,77,0
session_2970,product_page,1,2025-01-25 11:18:28,33,2
session_2970,cart,2,2025-01-25 11:21:17,169,2
session_2970,checkout,3,2025-01-25 11:21:33,16,2
session_2970,confirmation,4,2025-01-25 11:22:38,65,0
session_2971,home,0,2025-01-26 12:38:59,107,0
session_2972,home,0,2025-06-11 19:47:51,21,0
session_2972,product_page,1,2025-06-11 19:48:29,38,5
session_2973,home,0,2025-02-09 15:49:14,112,0
session_2973,product_page,1,2025-02-09 15:50:14,60,0
session_2973,cart,2,2025-02-09 15:51:59,105,0
session_2974,home,0,2025-01-08 12:35:43,177,0
session_2974,product_page,1,2025-01-08 12:37:41,118,1
session_2975,home,0,2025-06-24 10:04:22,51,0
session_2975,product_page,1,2025-06-24 10:05:02,40,3
session_2976,home,0,2025-02-20 01:55:14,149,0
session_2977,home,0,2025-05-28 15:28:37,163,0
session_2977,product_page,1,2025-05-28 15:30:17,100,5
session_2978,home,0,2025-05-31 08:23:18,149,0
session_2978,product_page,1,2025-05-31 08:24:29,71,5
session_2979,home,0,2025-03-10 07:50:04,115,0
session_2979,product_page,1,2025-03-10 07:51:33,89,0
session_2980,home,0,2025-04-12 23:17:58,27,0
session_2980,product_page,1,2025-04-12 23:20:52,174,5
session_2980,cart,2,2025-04-12 23:23:15,143,5
session_2980,checkout,3,2025-04-12 23:23:37,22,5
session_2981,home,0,2025-05-06 02:19:17,148,0
session_2981,product_page,1,2025-05-06 02:21:21,124,0
session_2982,home,0,2025-07-04 20:44:01,18,0
session_2983,home,0,2025-04-06 02:35:48,138,0
session_2983,product_page,1,2025-04-06 02:36:31,43,4
session_2983,cart,2,2025-04-06 02:38:25,114,4
session_2983,checkout,3,2025-04-06 02:38:51,26,4
session_2983,confirmation,4,2025-04-06 02:39:55,64,0
session_2984,home,0,2025-07-12 09:14:42,148,0
session_2984,product_page,1,2025-07-12 09:15:42,60,5
session_2985,home,0,2025-04-03 22:48:32,94,0
session_2985,product_page,1,2025-04-03 22:50:26,114,5
session_2985,cart,2,2025-04-03 22:53:07,161,5
session_2985,checkout,3,2025-04-03 22:54:38,91,5
session_2985,confirmation,4,2025-04-03 22:55:47,69,0
session_2986,home,0,2025-04-16 18:48:40,63,0
session_2986,product_page,1,2025-04-16 18:50:24,104,0
session_2987,home,0,2025-01-18 04:40:03,98,0
session_2987,product_page,1,2025-01-18 04:41:43,100,0
session_2988,home,0,2025-08-29 04:12:00,76,0
session_2988,product_page,1,2025-08-29 04:14:03,123,2
session_2989,home,0,2025-04-21 19:58:11,154,0
session_2990,home,0,2025-07-30 13:44:31,30,0
session_2990,product_page,1,2025-07-30 13:46:37,126,0
session_2991,home,0,2025-04-23 12:49:20,77,0
session_2991,product_page,1,2025-04-23 12:51:19,119,3
session_2991,cart,2,2025-04-23 12:52:49,90,3
session_2991,checkout,3,2025-04-23 12:54:44,115,3
session_2991,confirmation,4,2025-04-23 12:56:37,113,0
session_2992,home,0,2025-08-01 03:42:29,141,0
session_2992,product_page,1,2025-08-01 03:43:59,90,1
session_2993,home,0,2025-06-15 10:04:15,169,0
session_2994,home,0,2025-03-25 21:36:54,166,0
session_2995,home,0,2025-08-23 00:09:39,79,0
session_2995,product_page,1,2025-08-23 00:10:53,74,5
session_2995,cart,2,2025-08-23 00:11:19,26,5
session_2996,home,0,2025-02-01 15:45:45,64,0
session_2997,home,0,2025-03-20 13:31:41,101,0
session_2998,home,0,2025-06-19 23:43:50,40,0
session_2999,home,0,2025-04-20 07:06:49,70,0
session_2999,product_page,1,2025-04-20 07:08:06,77,4
session_3000,home,0,2025-02-01 15:00:43,67,0
session_3001,home,0,2025-02-04 08:54:39,168,0
session_3001,product_page,1,2025-02-04 08:56:14,95,3
session_3001,cart,2,2025-02-04 08:58:45,151,3
session_3001,checkout,3,2025-02-04 09:00:19,94,3
session_3001,confirmation,4,2025-02-04 09:01:08,49,0
session_3002,home,0,2025-08-19 12:25:15,74,0
session_3003,home,0,2025-08-16 00:54:21,86,0
session_3003,product_page,1,2025-08-16 00:55:21,60,0
session_3004,home,0,2025-07-01 13:24:29,78,0
session_3004,product_page,1,2025-07-01 13:25:23,54,0
session_3005,home,0,2025-08-20 22:39:39,30,0
session_3005,product_page,1,2025-08-20 22:42:24,165,0
session_3006,home,0,2025-05-09 12:36:11,131,0
session_3006,product_page,1,2025-05-09 12:39:07,176,5
session_3007,home,0,2025-07-21 01:06:34,33,0
session_3007,product_page,1,2025-07-21 01:08:16,102,1
session_3007,cart,2,2025-07-21 01:10:04,108,1
session_3007,checkout,3,2025-07-21 01:11:56,112,1
session_3007,confirmation,4,2025-07-21 01:14:31,155,0
session_3008,home,0,2025-04-14 16:26:18,117,0
session_3008,product_page,1,2025-04-14 16:27:24,66,5
session_3009,home,0,2025-02-10 22:03:33,17,0
session_3009,product_page,1,2025-02-10 22:04:17,44,1
session_3009,cart,2,2025-02-10 22:06:18,121,1
session_3009,checkout,3,2025-02-10 22:06:33,15,1
session_3009,confirmation,4,2025-02-10 22:07:10,37,0
session_3010,home,0,2025-06-28 23:01:27,135,0
session_3010,product_page,1,2025-06-28 23:01:56,29,4
session_3010,cart,2,2025-06-28 23:02:41,45,4
session_3010,checkout,3,2025-06-28 23:03:17,36,4
session_3011,home,0,2025-06-20 03:35:29,66,0
session_3012,home,0,2025-01-06 03:09:57,165,0
session_3012,product_page,1,2025-01-06 03:11:35,98,4
session_3012,cart,2,2025-01-06 03:13:32,117,4
session_3012,checkout,3,2025-01-06 03:15:45,133,4
session_3012,confirmation,4,2025-01-06 03:17:18,93,0
session_3013,home,0,2025-08-28 16:15:10,18,0
session_3013,product_page,1,2025-08-28 16:17:27,137,4
session_3014,home,0,2025-01-03 15:41:51,94,0
session_3014,product_page,1,2025-01-03 15:43:03,72,4
session_3015,home,0,2025-07-17 20:13:06,122,0
session_3015,product_page,1,2025-07-17 20:15:53,167,1
session_3015,cart,2,2025-07-17 20:16:45,52,1
session_3015,checkout,3,2025-07-17 20:18:29,104,1
session_3015,confirmation,4,2025-07-17 20:18:45,16,0
session_3016,home,0,2025-01-18 16:17:24,163,0
session_3016,product_page,1,2025-01-18 16:19:53,149,1
session_3017,home,0,2025-07-20 13:55:41,130,0
session_3017,product_page,1,2025-07-20 13:56:35,54,0
session_3018,home,0,2025-01-08 22:55:26,177,0
session_3018,product_page,1,2025-01-08 22:55:50,24,2
session_3018,cart,2,2025-01-08 22:57:36,106,2
session_3018,checkout,3,2025-01-08 22:59:38,122,2
session_3018,confirmation,4,2025-01-08 23:02:01,143,0
session_3019,home,0,2025-08-16 06:58:39,110,0
session_3019,product_page,1,2025-08-16 07:00:28,109,1
session_3019,cart,2,2025-08-16 07:00:51,23,1
session_3019,checkout,3,2025-08-16 07:03:07,136,1
session_3019,confirmation,4,2025-08-16 07:04:07,60,0
session_3020,home,0,2025-08-16 01:22:09,115,0
session_3021,home,0,2025-04-28 05:38:06,22,0
session_3021,product_page,1,2025-04-28 05:39:32,86,5
session_3022,home,0,2025-03-27 09:16:07,125,0
session_3022,product_page,1,2025-03-27 09:17:46,99,2
session_3023,home,0,2025-07-22 12:38:45,135,0
session_3023,product_page,1,2025-07-22 12:40:07,82,0
session_3024,home,0,2025-02-12 08:44:10,58,0
session_3024,product_page,1,2025-02-12 08:44:50,40,4
session_3025,home,0,2025-08-25 16:47:16,136,0
session_3025,product_page,1,2025-08-25 16:48:20,64,1
session_3025,cart,2,2025-08-25 16:49:43,83,1
session_3025,checkout,3,2025-08-25 16:52:28,165,1
session_3025,confirmation,4,2025-08-25 16:53:34,66,0
session_3026,home,0,2025-08-17 23:41:07,158,0
session_3026,product_page,1,2025-08-17 23:42:32,85,1
session_3026,cart,2,2025-08-17 23:43:29,57,1
session_3026,checkout,3,2025-08-17 23:43:56,27,1
session_3026,confirmation,4,2025-08-17 23:46:30,154,0
session_3027,home,0,2025-07-01 01:07:02,134,0
session_3027,product_page,1,2025-07-01 01:07:56,54,0
session_3028,home,0,2025-05-27 23:52:37,37,0
session_3029,home,0,2025-04-12 14:54:50,134,0
session_3030,home,0,2025-03-16 01:40:54,135,0
session_3030,product_page,1,2025-03-16 01:41:46,52,0
session_3030,cart,2,2025-03-16 01:44:28,162,2
session_3030,checkout,3,2025-03-16 01:45:43,75,2
session_3030,confirmation,4,2025-03-16 01:47:00,77,0
session_3031,home,0,2025-02-15 11:37:29,159,0
session_3031,product_page,1,2025-02-15 11:40:29,180,5
session_3032,home,0,2025-08-13 21:40:53,168,0
session_3033,home,0,2025-02-23 21:19:02,178,0
session_3033,product_page,1,2025-02-23 21:19:48,46,3
session_3034,home,0,2025-03-09 22:58:16,149,0
session_3034,product_page,1,2025-03-09 22:59:01,45,4
session_3035,home,0,2025-05-09 08:17:54,72,0
session_3035,product_page,1,2025-05-09 08:18:37,43,0
session_3036,home,0,2025-08-26 13:50:30,106,0
session_3036,product_page,1,2025-08-26 13:53:22,172,0
session_3037,home,0,2025-08-27 19:42:14,19,0
session_3037,product_page,1,2025-08-27 19:43:57,103,0
session_3038,home,0,2025-08-04 07:46:44,98,0
session_3038,product_page,1,2025-08-04 07:47:37,53,0
session_3038,cart,2,2025-08-04 07:50:28,171,4
session_3038,checkout,3,2025-08-04 07:53:24,176,4
session_3039,home,0,2025-02-19 11:33:14,176,0
session_3039,product_page,1,2025-02-19 11:34:40,86,1
session_3040,home,0,2025-02-15 21:27:03,59,0
session_3041,home,0,2025-03-04 15:52:54,44,0
session_3042,home,0,2025-01-08 07:10:02,59,0
session_3042,product_page,1,2025-01-08 07:12:15,133,3
session_3042,cart,2,2025-01-08 07:14:57,162,3
session_3042,checkout,3,2025-01-08 07:17:48,171,3
session_3042,confirmation,4,2025-01-08 07:19:30,102,0
session_3043,home,0,2025-04-10 20:07:36,119,0
session_3043,product_page,1,2025-04-10 20:08:58,82,5
session_3043,cart,2,2025-04-10 20:10:42,104,5
session_3043,checkout,3,2025-04-10 20:13:08,146,5
session_3043,confirmation,4,2025-04-10 20:15:45,157,0
session_3044,home,0,2025-03-08 18:06:02,174,0
session_3044,product_page,1,2025-03-08 18:06:21,19,0
session_3045,home,0,2025-06-15 00:14:38,80,0
session_3045,product_page,1,2025-06-15 00:16:01,83,4
session_3045,cart,2,2025-06-15 00:18:21,140,4
session_3045,checkout,3,2025-06-15 00:21:07,166,4
session_3045,confirmation,4,2025-06-15 00:22:52,105,0
session_3046,home,0,2025-05-11 00:49:24,83,0
session_3046,product_page,1,2025-05-11 00:50:39,75,2
session_3047,home,0,2025-02-24 00:03:40,91,0
session_3047,product_page,1,2025-02-24 00:04:28,48,0
session_3047,cart,2,2025-02-24 00:07:19,171,5
session_3047,checkout,3,2025-02-24 00:09:00,101,5
session_3047,confirmation,4,2025-02-24 00:10:11,71,0
session_3048,home,0,2025-04-12 10:14:18,113,0
session_3048,product_page,1,2025-04-12 10:15:19,61,2
session_3049,home,0,2025-08-05 20:54:00,24,0
session_3049,product_page,1,2025-08-05 20:54:52,52,3
session_3050,home,0,2025-03-27 18:27:56,178,0
session_3050,product_page,1,2025-03-27 18:29:22,86,5
session_3051,home,0,2025-04-25 12:45:12,76,0
session_3051,product_page,1,2025-04-25 12:46:00,48,0
session_3052,home,0,2025-04-05 08:07:43,42,0
session_3052,product_page,1,2025-04-05 08:08:03,20,0
session_3053,home,0,2025-05-07 02:00:31,156,0
session_3053,product_page,1,2025-05-07 02:00:52,21,2
session_3053,cart,2,2025-05-07 02:01:10,18,2
session_3053,checkout,3,2025-05-07 02:02:39,89,2
session_3053,confirmation,4,2025-05-07 02:05:09,150,0
session_3054,home,0,2025-03-20 18:59:36,41,0
session_3055,home,0,2025-02-27 18:31:18,94,0
session_3055,product_page,1,2025-02-27 18:32:53,95,2
session_3056,home,0,2025-08-20 00:41:42,148,0
session_3056,product_page,1,2025-08-20 00:44:19,157,3
session_3056,cart,2,2025-08-20 00:46:29,130,3
session_3056,checkout,3,2025-08-20 00:47:38,69,3
session_3056,confirmation,4,2025-08-20 00:47:55,17,0
session_3057,home,0,2025-02-12 03:06:10,96,0
session_3057,product_page,1,2025-02-12 03:06:42,32,0
session_3058,home,0,2025-05-13 11:40:34,138,0
session_3058,product_page,1,2025-05-13 11:43:14,160,3
session_3059,home,0,2025-01-25 05:55:04,172,0
session_3059,product_page,1,2025-01-25 05:56:16,72,1
session_3060,home,0,2025-01-04 11:04:42,85,0
session_3061,home,0,2025-03-25 15:32:18,111,0
session_3062,home,0,2025-02-11 14:18:52,160,0
session_3063,home,0,2025-03-10 10:02:16,53,0
session_3064,home,0,2025-01-19 09:52:43,91,0
session_3064,product_page,1,2025-01-19 09:53:03,20,0
session_3065,home,0,2025-07-31 12:00:02,160,0
session_3066,home,0,2025-08-26 06:47:00,165,0
session_3066,product_page,1,2025-08-26 06:49:53,173,0
session_3067,home,0,2025-07-02 23:46:33,48,0
session_3067,product_page,1,2025-07-02 23:49:33,180,4
session_3067,cart,2,2025-07-02 23:50:14,41,4
session_3067,checkout,3,2025-07-02 23:51:57,103,4
session_3067,confirmation,4,2025-07-02 23:52:29,32,0
session_3068,home,0,2025-02-05 01:39:51,117,0
session_3068,product_page,1,2025-02-05 01:40:30,39,0
session_3068,cart,2,2025-02-05 01:40:54,24,0
session_3069,home,0,2025-05-26 13:06:07,49,0
session_3069,product_page,1,2025-05-26 13:06:57,50,2
session_3069,cart,2,2025-05-26 13:08:18,81,2
session_3069,checkout,3,2025-05-26 13:10:47,149,2
session_3069,confirmation,4,2025-05-26 13:12:02,75,0
session_3070,home,0,2025-04-07 20:47:16,177,0
session_3070,product_page,1,2025-04-07 20:48:04,48,5
session_3071,home,0,2025-08-30 02:10:28,58,0
session_3071,product_page,1,2025-08-30 02:12:47,139,0
session_3072,home,0,2025-04-14 22:14:26,121,0
session_3073,home,0,2025-06-18 23:02:52,32,0
session_3073,product_page,1,2025-06-18 23:04:28,96,0
session_3074,home,0,2025-07-06 09:54:03,87,0
session_3075,home,0,2025-01-25 19:59:16,122,0
session_3075,product_page,1,2025-01-25 20:00:22,66,0
session_3076,home,0,2025-06-16 15:37:28,77,0
session_3076,product_page,1,2025-06-16 15:39:38,130,4
session_3076,cart,2,2025-06-16 15:41:56,138,4
session_3076,checkout,3,2025-06-16 15:42:16,20,4
session_3076,confirmation,4,2025-06-16 15:44:31,135,0
session_3077,home,0,2025-06-06 07:56:01,91,0
session_3078,home,0,2025-02-05 10:04:13,173,0
session_3078,product_page,1,2025-02-05 10:04:33,20,2
session_3079,home,0,2025-01-13 14:24:04,172,0
session_3079,product_page,1,2025-01-13 14:25:57,113,4
session_3080,home,0,2025-03-18 14:07:52,140,0
session_3081,home,0,2025-06-24 08:29:36,63,0
session_3081,product_page,1,2025-06-24 08:30:55,79,4
session_3081,cart,2,2025-06-24 08:33:42,167,4
session_3082,home,0,2025-03-27 22:39:46,31,0
session_3083,home,0,2025-04-27 05:32:39,169,0
session_3083,product_page,1,2025-04-27 05:34:31,112,0
session_3083,cart,2,2025-04-27 05:36:32,121,1
session_3083,checkout,3,2025-04-27 05:39:18,166,1
session_3084,home,0,2025-06-30 06:42:51,148,0
session_3084,product_page,1,2025-06-30 06:45:01,130,1
session_3084,cart,2,2025-06-30 06:48:01,180,1
session_3084,checkout,3,2025-06-30 06:51:00,179,1
session_3084,confirmation,4,2025-06-30 06:51:23,23,0
session_3085,home,0,2025-08-26 22:36:27,37,0
session_3085,product_page,1,2025-08-26 22:37:05,38,1
session_3086,home,0,2025-02-09 15:47:24,34,0
session_3086,product_page,1,2025-02-09 15:49:06,102,0
session_3087,home,0,2025-06-15 05:59:31,110,0
session_3087,product_page,1,2025-06-15 06:01:46,135,0
session_3088,home,0,2025-03-15 20:32:29,132,0
session_3088,product_page,1,2025-03-15 20:34:39,130,3
session_3089,home,0,2025-01-15 03:11:28,93,0
session_3089,product_page,1,2025-01-15 03:11:54,26,4
session_3089,cart,2,2025-01-15 03:12:57,63,4
session_3090,home,0,2025-07-13 04:15:20,41,0
session_3091,home,0,2025-02-03 05:21:27,69,0
session_3091,product_page,1,2025-02-03 05:22:47,80,4
session_3092,home,0,2025-07-16 01:20:31,166,0
session_3093,home,0,2025-05-09 02:34:08,170,0
session_3093,product_page,1,2025-05-09 02:36:53,165,0
session_3093,cart,2,2025-05-09 02:37:17,24,1
session_3094,home,0,2025-02-08 18:44:11,161,0
session_3094,product_page,1,2025-02-08 18:45:54,103,0
session_3094,cart,2,2025-02-08 18:46:17,23,4
session_3095,home,0,2025-06-23 05:21:52,58,0
session_3095,product_page,1,2025-06-23 05:23:24,92,5
session_3096,home,0,2025-02-20 01:44:18,50,0
session_3096,product_page,1,2025-02-20 01:46:55,157,0
session_3097,home,0,2025-05-28 18:20:54,105,0
session_3097,product_page,1,2025-05-28 18:22:34,100,5
session_3098,home,0,2025-06-20 16:18:31,102,0
session_3098,product_page,1,2025-06-20 16:20:59,148,3
session_3098,cart,2,2025-06-20 16:21:22,23,3
session_3099,home,0,2025-01-22 01:07:54,84,0
session_3099,product_page,1,2025-01-22 01:10:29,155,0
session_3099,cart,2,2025-01-22 01:13:19,170,0
session_3100,home,0,2025-06-13 06:34:02,170,0
session_3100,product_page,1,2025-06-13 06:37:00,178,1
session_3100,cart,2,2025-06-13 06:38:11,71,1
session_3100,checkout,3,2025-06-13 06:38:54,43,1
session_3100,confirmation,4,2025-06-13 06:41:28,154,0
session_3101,home,0,2025-03-07 23:55:34,51,0
session_3102,home,0,2025-07-26 12:32:11,138,0
session_3103,home,0,2025-08-23 15:31:51,15,0
session_3103,product_page,1,2025-08-23 15:33:36,105,0
session_3103,cart,2,2025-08-23 15:36:20,164,0
session_3103,checkout,3,2025-08-23 15:38:11,111,2
session_3103,confirmation,4,2025-08-23 15:39:09,58,0
session_3104,home,0,2025-03-04 23:10:30,108,0
session_3104,product_page,1,2025-03-04 23:12:31,121,2
session_3105,home,0,2025-06-05 10:03:27,91,0
session_3105,product_page,1,2025-06-05 10:04:36,69,0
session_3105,cart,2,2025-06-05 10:06:10,94,0
session_3105,checkout,3,2025-06-05 10:06:41,31,2
session_3105,confirmation,4,2025-06-05 10:09:26,165,0
session_3106,home,0,2025-03-24 04:53:17,27,0
session_3106,product_page,1,2025-03-24 04:56:11,174,5
session_3107,home,0,2025-07-28 03:05:29,143,0
session_3108,home,0,2025-01-22 09:52:55,15,0
session_3108,product_page,1,2025-01-22 09:55:24,149,0
session_3109,home,0,2025-08-28 20:55:17,25,0
session_3109,product_page,1,2025-08-28 20:56:16,59,3
session_3109,cart,2,2025-08-28 20:58:20,124,3
session_3109,checkout,3,2025-08-28 21:00:13,113,3
session_3109,confirmation,4,2025-08-28 21:01:10,57,0
session_3110,home,0,2025-01-04 01:54:24,48,0
session_3110,product_page,1,2025-01-04 01:55:00,36,0
session_3111,home,0,2025-01-30 22:15:59,30,0
session_3111,product_page,1,2025-01-30 22:16:53,54,0
session_3112,home,0,2025-04-04 03:31:47,35,0
session_3112,product_page,1,2025-04-04 03:34:17,150,0
session_3113,home,0,2025-03-16 13:10:52,61,0
session_3113,product_page,1,2025-03-16 13:13:49,177,0
session_3113,cart,2,2025-03-16 13:14:34,45,5
session_3113,checkout,3,2025-03-16 13:16:58,144,5
session_3113,confirmation,4,2025-03-16 13:17:13,15,0
session_3114,home,0,2025-02-06 21:03:50,63,0
session_3114,product_page,1,2025-02-06 21:05:14,84,2
session_3114,cart,2,2025-02-06 21:07:27,133,2
session_3114,checkout,3,2025-02-06 21:07:58,31,2
session_3115,home,0,2025-01-14 10:40:57,81,0
session_3116,home,0,2025-04-10 19:55:33,115,0
session_3116,product_page,1,2025-04-10 19:56:31,58,2
session_3116,cart,2,2025-04-10 19:57:07,36,2
session_3117,home,0,2025-05-23 20:34:01,116,0
session_3117,product_page,1,2025-05-23 20:36:57,176,5
session_3117,cart,2,2025-05-23 20:38:30,93,5
session_3117,checkout,3,2025-05-23 20:40:29,119,5
session_3117,confirmation,4,2025-05-23 20:43:19,170,0
session_3118,home,0,2025-07-02 21:41:01,115,0
session_3119,home,0,2025-05-06 14:38:34,174,0
session_3119,product_page,1,2025-05-06 14:39:33,59,2
session_3120,home,0,2025-07-02 02:47:27,133,0
session_3120,product_page,1,2025-07-02 02:48:24,57,0
session_3121,home,0,2025-08-04 08:01:50,102,0
session_3122,home,0,2025-08-11 03:18:20,18,0
session_3122,product_page,1,2025-08-11 03:20:40,140,0
session_3123,home,0,2025-02-14 08:07:00,94,0
session_3123,product_page,1,2025-02-14 08:07:35,35,1
session_3124,home,0,2025-08-21 12:00:35,152,0
session_3124,product_page,1,2025-08-21 12:01:34,59,4
session_3124,cart,2,2025-08-21 12:04:09,155,4
session_3124,checkout,3,2025-08-21 12:05:55,106,4
session_3124,confirmation,4,2025-08-21 12:06:10,15,0
session_3125,home,0,2025-07-03 08:56:55,34,0
session_3125,product_page,1,2025-07-03 08:59:37,162,4
session_3126,home,0,2025-02-25 06:56:30,65,0
session_3126,product_page,1,2025-02-25 06:58:40,130,0
session_3126,cart,2,2025-02-25 06:59:53,73,0
session_3126,checkout,3,2025-02-25 07:01:05,72,3
session_3126,confirmation,4,2025-02-25 07:02:59,114,0
session_3127,home,0,2025-04-20 01:34:06,106,0
session_3127,product_page,1,2025-04-20 01:34:34,28,1
session_3127,cart,2,2025-04-20 01:37:17,163,1
session_3127,checkout,3,2025-04-20 01:38:09,52,1
session_3127,confirmation,4,2025-04-20 01:40:58,169,0
session_3128,home,0,2025-08-30 05:26:18,88,0
session_3128,product_page,1,2025-08-30 05:29:16,178,5
session_3129,home,0,2025-03-15 05:18:05,44,0
session_3129,product_page,1,2025-03-15 05:19:28,83,0
session_3129,cart,2,2025-03-15 05:19:45,17,1
session_3130,home,0,2025-01-19 18:21:34,125,0
session_3130,product_page,1,2025-01-19 18:24:24,170,5
session_3131,home,0,2025-07-05 13:46:50,153,0
session_3131,product_page,1,2025-07-05 13:47:26,36,5
session_3131,cart,2,2025-07-05 13:50:00,154,5
session_3131,checkout,3,2025-07-05 13:50:22,22,5
session_3131,confirmation,4,2025-07-05 13:53:10,168,0
session_3132,home,0,2025-01-02 05:55:30,131,0
session_3132,product_page,1,2025-01-02 05:57:58,148,0
session_3133,home,0,2025-05-31 15:03:02,39,0
session_3133,product_page,1,2025-05-31 15:03:50,48,5
session_3133,cart,2,2025-05-31 15:05:32,102,5
session_3133,checkout,3,2025-05-31 15:05:59,27,5
session_3133,confirmation,4,2025-05-31 15:07:31,92,0
session_3134,home,0,2025-03-04 14:56:33,125,0
session_3134,product_page,1,2025-03-04 14:57:18,45,2
session_3135,home,0,2025-07-30 12:45:40,75,0
session_3135,product_page,1,2025-07-30 12:46:35,55,3
session_3135,cart,2,2025-07-30 12:48:05,90,3
session_3135,checkout,3,2025-07-30 12:49:03,58,3
session_3136,home,0,2025-05-25 18:18:10,115,0
session_3137,home,0,2025-03-01 03:22:13,70,0
session_3137,product_page,1,2025-03-01 03:22:53,40,3
session_3138,home,0,2025-01-27 13:05:10,24,0
session_3139,home,0,2025-06-03 16:12:29,53,0
session_3140,home,0,2025-03-02 18:08:13,131,0
session_3140,product_page,1,2025-03-02 18:09:46,93,2
session_3140,cart,2,2025-03-02 18:11:41,115,2
session_3141,home,0,2025-04-17 06:01:33,75,0
session_3141,product_page,1,2025-04-17 06:02:24,51,0
session_3142,home,0,2025-07-08 23:29:51,160,0
session_3142,product_page,1,2025-07-08 23:32:20,149,5
session_3143,home,0,2025-07-27 14:32:04,95,0
session_3143,product_page,1,2025-07-27 14:34:44,160,5
session_3143,cart,2,2025-07-27 14:36:46,122,5
session_3144,home,0,2025-07-26 18:42:12,92,0
session_3144,product_page,1,2025-07-26 18:44:17,125,3
session_3144,cart,2,2025-07-26 18:45:30,73,3
session_3144,checkout,3,2025-07-26 18:47:10,100,3
session_3144,confirmation,4,2025-07-26 18:50:09,179,0
session_3145,home,0,2025-07-20 18:52:18,125,0
session_3145,product_page,1,2025-07-20 18:53:12,54,0
session_3145,cart,2,2025-07-20 18:54:23,71,4
session_3146,home,0,2025-03-28 01:42:45,30,0
session_3146,product_page,1,2025-03-28 01:43:42,57,4
session_3146,cart,2,2025-03-28 01:44:51,69,4
session_3146,checkout,3,2025-03-28 01:47:15,144,4
session_3146,confirmation,4,2025-03-28 01:49:09,114,0
session_3147,home,0,2025-01-04 15:05:45,53,0
session_3147,product_page,1,2025-01-04 15:08:20,155,1
session_3148,home,0,2025-08-28 06:37:24,180,0
session_3148,product_page,1,2025-08-28 06:38:42,78,2
session_3148,cart,2,2025-08-28 06:39:40,58,2
session_3148,checkout,3,2025-08-28 06:42:36,176,2
session_3148,confirmation,4,2025-08-28 06:43:29,53,0
session_3149,home,0,2025-03-21 03:08:20,34,0
session_3149,product_page,1,2025-03-21 03:08:48,28,5
session_3149,cart,2,2025-03-21 03:09:24,36,5
session_3149,checkout,3,2025-03-21 03:10:18,54,5
session_3149,confirmation,4,2025-03-21 03:12:35,137,0
session_3150,home,0,2025-05-20 10:06:56,73,0
session_3151,home,0,2025-07-13 09:23:55,83,0
session_3152,home,0,2025-03-15 09:55:06,85,0
session_3152,product_page,1,2025-03-15 09:58:06,180,1
session_3153,home,0,2025-02-08 21:43:46,122,0
session_3154,home,0,2025-08-01 02:23:05,140,0
session_3154,product_page,1,2025-08-01 02:25:26,141,2
session_3155,home,0,2025-01-20 03:20:08,120,0
session_3155,product_page,1,2025-01-20 03:20:28,20,0
session_3156,home,0,2025-02-25 10:07:13,115,0
session_3157,home,0,2025-01-01 00:25:04,23,0
session_3157,product_page,1,2025-01-01 00:26:45,101,5
session_3157,cart,2,2025-01-01 00:29:19,154,5
session_3158,home,0,2025-07-08 16:54:50,22,0
session_3159,home,0,2025-06-15 21:05:20,27,0
session_3159,product_page,1,2025-06-15 21:06:45,85,3
session_3159,cart,2,2025-06-15 21:07:10,25,3
session_3160,home,0,2025-03-09 11:00:21,18,0
session_3161,home,0,2025-07-06 08:06:34,105,0
session_3162,home,0,2025-08-23 21:10:34,76,0
session_3162,product_page,1,2025-08-23 21:12:37,123,4
session_3163,home,0,2025-06-10 04:48:27,16,0
session_3164,home,0,2025-05-13 09:56:50,149,0
session_3164,product_page,1,2025-05-13 09:58:43,113,3
session_3165,home,0,2025-03-19 17:58:34,98,0
session_3165,product_page,1,2025-03-19 18:01:21,167,0
session_3166,home,0,2025-03-09 05:32:56,53,0
session_3167,home,0,2025-03-25 22:40:19,125,0
session_3167,product_page,1,2025-03-25 22:42:11,112,5
session_3167,cart,2,2025-03-25 22:44:08,117,5
session_3167,checkout,3,2025-03-25 22:46:17,129,5
session_3167,confirmation,4,2025-03-25 22:47:56,99,0
session_3168,home,0,2025-07-24 22:12:48,36,0
session_3168,product_page,1,2025-07-24 22:15:36,168,0
session_3169,home,0,2025-07-11 16:38:38,158,0
session_3169,product_page,1,2025-07-11 16:40:13,95,0
session_3170,home,0,2025-08-01 03:05:48,149,0
session_3170,product_page,1,2025-08-01 03:06:46,58,0
session_3170,cart,2,2025-08-01 03:08:10,84,3
session_3170,checkout,3,2025-08-01 03:08:52,42,3
session_3170,confirmation,4,2025-08-01 03:09:25,33,0
session_3171,home,0,2025-06-08 07:19:57,36,0
session_3171,product_page,1,2025-06-08 07:22:49,172,4
session_3171,cart,2,2025-06-08 07:24:22,93,4
session_3172,home,0,2025-01-17 21:49:37,98,0
session_3172,product_page,1,2025-01-17 21:52:12,155,0
session_3173,home,0,2025-04-11 14:21:25,15,0
session_3173,product_page,1,2025-04-11 14:23:36,131,0
session_3174,home,0,2025-08-31 00:18:01,43,0
session_3174,product_page,1,2025-08-31 00:19:40,99,0
session_3175,home,0,2025-08-27 19:00:09,144,0
session_3175,product_page,1,2025-08-27 19:01:53,104,5
session_3176,home,0,2025-06-30 22:44:30,78,0
session_3177,home,0,2025-02-25 23:06:26,111,0
session_3177,product_page,1,2025-02-25 23:08:59,153,2
session_3177,cart,2,2025-02-25 23:11:11,132,2
session_3177,checkout,3,2025-02-25 23:14:06,175,2
session_3177,confirmation,4,2025-02-25 23:16:27,141,0
session_3178,home,0,2025-04-27 06:29:29,109,0
session_3179,home,0,2025-01-03 21:48:53,32,0
session_3179,product_page,1,2025-01-03 21:51:08,135,0
session_3179,cart,2,2025-01-03 21:52:05,57,0
session_3179,checkout,3,2025-01-03 21:54:14,129,2
session_3179,confirmation,4,2025-01-03 21:56:23,129,0
session_3180,home,0,2025-04-20 22:42:31,48,0
session_3180,product_page,1,2025-04-20 22:44:57,146,4
session_3181,home,0,2025-05-12 22:26:59,59,0
session_3181,product_page,1,2025-05-12 22:28:29,90,0
session_3182,home,0,2025-04-08 20:08:47,84,0
session_3183,home,0,2025-08-20 15:05:05,84,0
session_3184,home,0,2025-07-12 23:34:16,170,0
session_3185,home,0,2025-05-31 16:09:04,99,0
session_3185,product_page,1,2025-05-31 16:10:43,99,3
session_3186,home,0,2025-06-02 05:58:25,36,0
session_3186,product_page,1,2025-06-02 06:00:02,97,0
session_3187,home,0,2025-06-24 10:17:06,66,0
session_3188,home,0,2025-06-22 13:49:07,171,0
session_3188,product_page,1,2025-06-22 13:51:06,119,5
session_3189,home,0,2025-01-11 14:45:55,43,0
session_3189,product_page,1,2025-01-11 14:48:32,157,5
session_3189,cart,2,2025-01-11 14:49:32,60,5
session_3190,home,0,2025-07-12 23:01:53,115,0
session_3190,product_page,1,2025-07-12 23:03:56,123,3
session_3190,cart,2,2025-07-12 23:06:29,153,3
session_3190,checkout,3,2025-07-12 23:07:50,81,3
session_3190,confirmation,4,2025-07-12 23:08:07,17,0
session_3191,home,0,2025-05-08 02:45:32,60,0
session_3191,product_page,1,2025-05-08 02:46:30,58,5
session_3192,home,0,2025-05-20 12:49:03,55,0
session_3192,product_page,1,2025-05-20 12:51:24,141,3
session_3193,home,0,2025-06-03 04:09:25,109,0
session_3194,home,0,2025-08-08 19:13:35,25,0
session_3194,product_page,1,2025-08-08 19:15:52,137,0
session_3195,home,0,2025-04-13 14:47:00,141,0
session_3196,home,0,2025-02-01 06:46:46,135,0
session_3196,product_page,1,2025-02-01 06:49:02,136,0
session_3197,home,0,2025-01-16 01:47:53,165,0
session_3197,product_page,1,2025-01-16 01:48:54,61,0
session_3197,cart,2,2025-01-16 01:51:36,162,4
session_3198,home,0,2025-08-31 23:25:35,116,0
session_3198,product_page,1,2025-08-31 23:26:47,72,0
session_3198,cart,2,2025-08-31 23:28:07,80,0
session_3199,home,0,2025-02-07 03:02:47,39,0
session_3200,home,0,2025-02-11 00:12:55,23,0
session_3200,product_page,1,2025-02-11 00:14:35,100,0
session_3200,cart,2,2025-02-11 00:17:27,172,0
session_3201,home,0,2025-03-08 14:47:04,22,0
session_3201,product_page,1,2025-03-08 14:49:10,126,1
session_3202,home,0,2025-04-09 21:02:04,15,0
session_3202,product_page,1,2025-04-09 21:03:27,83,3
session_3203,home,0,2025-03-06 20:39:22,176,0
session_3204,home,0,2025-05-01 20:18:52,171,0
session_3204,product_page,1,2025-05-01 20:19:33,41,0
session_3204,cart,2,2025-05-01 20:20:36,63,0
session_3205,home,0,2025-01-03 03:54:21,165,0
session_3205,product_page,1,2025-01-03 03:56:32,131,3
session_3205,cart,2,2025-01-03 03:58:16,104,3
session_3205,checkout,3,2025-01-03 03:59:24,68,3
session_3205,confirmation,4,2025-01-03 04:00:13,49,0
session_3206,home,0,2025-08-31 09:50:03,133,0
session_3206,product_page,1,2025-08-31 09:50:56,53,5
session_3207,home,0,2025-05-07 19:36:35,20,0
session_3208,home,0,2025-01-03 18:13:34,67,0
session_3208,product_page,1,2025-01-03 18:13:54,20,0
session_3208,cart,2,2025-01-03 18:15:34,100,3
session_3209,home,0,2025-07-04 21:09:12,128,0
session_3209,product_page,1,2025-07-04 21:09:39,27,0
session_3210,home,0,2025-01-23 02:25:25,47,0
session_3211,home,0,2025-07-03 06:06:58,148,0
session_3211,product_page,1,2025-07-03 06:07:57,59,4
session_3212,home,0,2025-07-09 18:12:52,163,0
session_3213,home,0,2025-01-05 04:05:32,61,0
session_3213,product_page,1,2025-01-05 04:06:34,62,2
session_3214,home,0,2025-06-16 16:14:51,95,0
session_3214,product_page,1,2025-06-16 16:16:08,77,1
session_3215,home,0,2025-04-10 23:13:11,98,0
session_3215,product_page,1,2025-04-10 23:14:20,69,0
session_3216,home,0,2025-04-03 13:13:47,149,0
session_3216,product_page,1,2025-04-03 13:16:47,180,3
session_3217,home,0,2025-03-14 23:13:12,179,0
session_3217,product_page,1,2025-03-14 23:13:30,18,5
session_3218,home,0,2025-06-12 05:21:28,55,0
session_3218,product_page,1,2025-06-12 05:23:56,148,4
session_3218,cart,2,2025-06-12 05:25:17,81,4
session_3219,home,0,2025-05-09 16:17:33,95,0
session_3219,product_page,1,2025-05-09 16:19:44,131,5
session_3220,home,0,2025-03-18 16:32:40,75,0
session_3220,product_page,1,2025-03-18 16:33:01,21,5
session_3220,cart,2,2025-03-18 16:34:15,74,5
session_3221,home,0,2025-05-11 19:32:18,83,0
session_3221,product_page,1,2025-05-11 19:33:11,53,3
session_3221,cart,2,2025-05-11 19:36:01,170,3
session_3221,checkout,3,2025-05-11 19:37:46,105,3
session_3221,confirmation,4,2025-05-11 19:39:07,81,0
session_3222,home,0,2025-04-06 10:27:14,35,0
session_3222,product_page,1,2025-04-06 10:28:46,92,0
session_3222,cart,2,2025-04-06 10:29:18,32,4
session_3222,checkout,3,2025-04-06 10:30:19,61,4
session_3222,confirmation,4,2025-04-06 10:32:54,155,0
session_3223,home,0,2025-02-28 07:45:32,18,0
session_3223,product_page,1,2025-02-28 07:46:56,84,0
session_3224,home,0,2025-03-24 03:58:44,145,0
session_3224,product_page,1,2025-03-24 04:00:14,90,2
session_3225,home,0,2025-08-24 09:18:17,43,0
session_3226,home,0,2025-03-26 07:04:29,46,0
session_3226,product_page,1,2025-03-26 07:06:42,133,0
session_3227,home,0,2025-03-02 04:35:05,95,0
session_3227,product_page,1,2025-03-02 04:35:46,41,3
session_3228,home,0,2025-03-02 15:11:59,128,0
session_3228,product_page,1,2025-03-02 15:13:26,87,0
session_3229,home,0,2025-04-03 13:45:25,180,0
session_3229,product_page,1,2025-04-03 13:47:50,145,3
session_3229,cart,2,2025-04-03 13:49:32,102,3
session_3229,checkout,3,2025-04-03 13:51:25,113,3
session_3229,confirmation,4,2025-04-03 13:51:41,16,0
session_3230,home,0,2025-04-06 17:30:08,86,0
session_3230,product_page,1,2025-04-06 17:31:42,94,4
session_3230,cart,2,2025-04-06 17:33:51,129,4
session_3230,checkout,3,2025-04-06 17:34:15,24,4
session_3230,confirmation,4,2025-04-06 17:35:30,75,0
session_3231,home,0,2025-08-30 04:10:59,101,0
session_3231,product_page,1,2025-08-30 04:13:49,170,4
session_3232,home,0,2025-06-07 08:55:33,112,0
session_3232,product_page,1,2025-06-07 08:56:49,76,2
session_3233,home,0,2025-01-17 04:08:30,94,0
session_3233,product_page,1,2025-01-17 04:11:04,154,3
session_3234,home,0,2025-08-04 13:26:04,15,0
session_3234,product_page,1,2025-08-04 13:27:16,72,2
session_3234,cart,2,2025-08-04 13:29:14,118,2
session_3234,checkout,3,2025-08-04 13:31:20,126,2
session_3234,confirmation,4,2025-08-04 13:33:54,154,0
session_3235,home,0,2025-08-14 20:22:03,173,0
session_3235,product_page,1,2025-08-14 20:23:04,61,0
session_3236,home,0,2025-06-22 13:29:11,90,0
session_3236,product_page,1,2025-06-22 13:31:18,127,3
session_3237,home,0,2025-02-25 08:47:48,57,0
session_3237,product_page,1,2025-02-25 08:50:18,150,0
session_3237,cart,2,2025-02-25 08:52:07,109,1
session_3237,checkout,3,2025-02-25 08:52:32,25,1
session_3237,confirmation,4,2025-02-25 08:53:54,82,0
session_3238,home,0,2025-07-01 15:37:23,52,0
session_3238,product_page,1,2025-07-01 15:38:22,59,0
session_3239,home,0,2025-07-30 22:57:46,117,0
session_3239,product_page,1,2025-07-30 23:00:34,168,0
session_3239,cart,2,2025-07-30 23:01:10,36,3
session_3239,checkout,3,2025-07-30 23:03:46,156,3
session_3239,confirmation,4,2025-07-30 23:04:40,54,0
session_3240,home,0,2025-04-09 08:13:41,116,0
session_3240,product_page,1,2025-04-09 08:15:55,134,1
session_3241,home,0,2025-04-02 20:38:58,44,0
session_3241,product_page,1,2025-04-02 20:41:37,159,4
session_3241,cart,2,2025-04-02 20:42:16,39,4
session_3241,checkout,3,2025-04-02 20:45:13,177,4
session_3241,confirmation,4,2025-04-02 20:47:19,126,0
session_3242,home,0,2025-07-09 02:45:17,72,0
session_3242,product_page,1,2025-07-09 02:46:49,92,0
session_3243,home,0,2025-06-19 06:52:15,46,0
session_3243,product_page,1,2025-06-19 06:54:38,143,5
session_3243,cart,2,2025-06-19 06:54:55,17,5
session_3243,checkout,3,2025-06-19 06:57:10,135,5
session_3243,confirmation,4,2025-06-19 06:59:40,150,0
session_3244,home,0,2025-01-22 03:31:48,48,0
session_3244,product_page,1,2025-01-22 03:34:44,176,0
session_3245,home,0,2025-02-23 09:26:32,167,0
session_3245,product_page,1,2025-02-23 09:27:58,86,0
session_3245,cart,2,2025-02-23 09:28:42,44,0
session_3246,home,0,2025-04-18 17:11:26,127,0
session_3246,product_page,1,2025-04-18 17:14:24,178,1
session_3247,home,0,2025-05-30 23:37:15,169,0
session_3248,home,0,2025-01-24 05:45:19,119,0
session_3248,product_page,1,2025-01-24 05:46:56,97,5
session_3249,home,0,2025-05-24 08:22:34,107,0
session_3249,product_page,1,2025-05-24 08:24:51,137,0
session_3249,cart,2,2025-05-24 08:27:41,170,0
session_3249,checkout,3,2025-05-24 08:29:34,113,1
session_3249,confirmation,4,2025-05-24 08:30:33,59,0
session_3250,home,0,2025-04-21 19:11:22,123,0
session_3250,product_page,1,2025-04-21 19:13:53,151,4
session_3250,cart,2,2025-04-21 19:14:10,17,4
session_3250,checkout,3,2025-04-21 19:16:11,121,4
session_3250,confirmation,4,2025-04-21 19:19:03,172,0
session_3251,home,0,2025-06-01 12:17:09,23,0
session_3251,product_page,1,2025-06-01 12:19:37,148,0
session_3251,cart,2,2025-06-01 12:21:23,106,2
session_3251,checkout,3,2025-06-01 12:23:03,100,2
session_3251,confirmation,4,2025-06-01 12:24:17,74,0
session_3252,home,0,2025-01-21 00:39:27,53,0
session_3252,product_page,1,2025-01-21 00:42:20,173,4
session_3252,cart,2,2025-01-21 00:44:17,117,4
session_3252,checkout,3,2025-01-21 00:46:46,149,4
session_3252,confirmation,4,2025-01-21 00:47:53,67,0
session_3253,home,0,2025-05-12 04:18:49,100,0
session_3253,product_page,1,2025-05-12 04:19:46,57,0
session_3254,home,0,2025-06-16 00:56:36,89,0
session_3254,product_page,1,2025-06-16 00:57:45,69,0
session_3255,home,0,2025-03-09 22:10:31,174,0
session_3255,product_page,1,2025-03-09 22:12:15,104,4
session_3255,cart,2,2025-03-09 22:15:13,178,4
session_3256,home,0,2025-01-14 16:55:02,169,0
session_3256,product_page,1,2025-01-14 16:57:45,163,3
session_3257,home,0,2025-03-20 16:15:14,16,0
session_3257,product_page,1,2025-03-20 16:16:23,69,0
session_3258,home,0,2025-06-28 22:16:19,49,0
session_3258,product_page,1,2025-06-28 22:17:33,74,4
session_3259,home,0,2025-03-17 00:05:56,145,0
session_3259,product_page,1,2025-03-17 00:08:26,150,4
session_3259,cart,2,2025-03-17 00:10:57,151,4
session_3259,checkout,3,2025-03-17 00:11:58,61,4
session_3259,confirmation,4,2025-03-17 00:14:04,126,0
session_3260,home,0,2025-04-10 22:50:28,17,0
session_3261,home,0,2025-08-21 14:14:04,60,0
session_3261,product_page,1,2025-08-21 14:16:27,143,5
session_3262,home,0,2025-05-13 18:52:58,167,0
session_3262,product_page,1,2025-05-13 18:55:22,144,0
session_3263,home,0,2025-01-03 01:57:13,82,0
session_3263,product_page,1,2025-01-03 01:59:19,126,1
session_3263,cart,2,2025-01-03 02:00:47,88,1
session_3263,checkout,3,2025-01-03 02:02:34,107,1
session_3263,confirmation,4,2025-01-03 02:03:10,36,0
session_3264,home,0,2025-04-11 15:34:20,31,0
session_3264,product_page,1,2025-04-11 15:37:03,163,2
session_3265,home,0,2025-01-20 23:53:57,107,0
session_3265,product_page,1,2025-01-20 23:56:17,140,3
session_3266,home,0,2025-03-11 16:50:13,83,0
session_3267,home,0,2025-02-12 09:33:42,118,0
session_3267,product_page,1,2025-02-12 09:35:16,94,0
session_3268,home,0,2025-04-26 12:54:04,97,0
session_3269,home,0,2025-02-09 09:01:42,137,0
session_3270,home,0,2025-06-11 06:00:32,63,0
session_3270,product_page,1,2025-06-11 06:02:21,109,0
session_3271,home,0,2025-01-15 17:09:35,155,0
session_3271,product_page,1,2025-01-15 17:10:45,70,5
session_3272,home,0,2025-08-23 02:01:36,140,0
session_3272,product_page,1,2025-08-23 02:02:40,64,0
session_3272,cart,2,2025-08-23 02:04:47,127,5
session_3272,checkout,3,2025-08-23 02:06:44,117,5
session_3272,confirmation,4,2025-08-23 02:08:51,127,0
session_3273,home,0,2025-08-14 21:43:42,74,0
session_3273,product_page,1,2025-08-14 21:44:47,65,5
session_3274,home,0,2025-06-09 23:13:06,140,0
session_3274,product_page,1,2025-06-09 23:13:42,36,0
session_3274,cart,2,2025-06-09 23:15:19,97,3
session_3275,home,0,2025-03-20 14:55:36,95,0
session_3275,product_page,1,2025-03-20 14:58:16,160,3
session_3275,cart,2,2025-03-20 15:00:33,137,3
session_3275,checkout,3,2025-03-20 15:01:24,51,3
session_3275,confirmation,4,2025-03-20 15:02:56,92,0
session_3276,home,0,2025-01-09 01:02:12,149,0
session_3276,product_page,1,2025-01-09 01:03:00,48,4
session_3276,cart,2,2025-01-09 01:04:44,104,4
session_3277,home,0,2025-02-02 21:11:22,121,0
session_3277,product_page,1,2025-02-02 21:12:34,72,1
session_3278,home,0,2025-05-18 11:56:59,78,0
session_3278,product_page,1,2025-05-18 11:58:35,96,5
session_3278,cart,2,2025-05-18 12:00:43,128,5
session_3278,checkout,3,2025-05-18 12:03:20,157,5
session_3278,confirmation,4,2025-05-18 12:06:19,179,0
session_3279,home,0,2025-03-16 18:00:40,102,0
session_3279,product_page,1,2025-03-16 18:03:24,164,0
session_3279,cart,2,2025-03-16 18:06:21,177,0
session_3279,checkout,3,2025-03-16 18:07:32,71,3
session_3279,confirmation,4,2025-03-16 18:07:51,19,0
session_3280,home,0,2025-01-04 01:31:02,170,0
session_3280,product_page,1,2025-01-04 01:32:15,73,0
session_3281,home,0,2025-03-25 20:18:07,84,0
session_3281,product_page,1,2025-03-25 20:18:58,51,2
session_3282,home,0,2025-04-26 21:19:27,141,0
session_3282,product_page,1,2025-04-26 21:20:49,82,4
session_3282,cart,2,2025-04-26 21:21:11,22,4
session_3282,checkout,3,2025-04-26 21:23:18,127,4
session_3282,confirmation,4,2025-04-26 21:25:03,105,0
session_3283,home,0,2025-01-20 00:06:41,47,0
session_3283,product_page,1,2025-01-20 00:09:05,144,0
session_3284,home,0,2025-08-13 00:18:44,56,0
session_3284,product_page,1,2025-08-13 00:19:37,53,0
session_3284,cart,2,2025-08-13 00:22:06,149,5
session_3285,home,0,2025-07-26 19:57:55,159,0
session_3285,product_page,1,2025-07-26 20:00:24,149,0
session_3286,home,0,2025-03-13 13:42:26,21,0
session_3286,product_page,1,2025-03-13 13:45:03,157,3
session_3286,cart,2,2025-03-13 13:46:35,92,3
session_3286,checkout,3,2025-03-13 13:48:16,101,3
session_3286,confirmation,4,2025-03-13 13:49:39,83,0
session_3287,home,0,2025-04-29 22:06:02,93,0
session_3287,product_page,1,2025-04-29 22:07:34,92,4
session_3287,cart,2,2025-04-29 22:08:18,44,4
session_3287,checkout,3,2025-04-29 22:09:41,83,4
session_3287,confirmation,4,2025-04-29 22:12:14,153,0
session_3288,home,0,2025-04-24 22:43:44,175,0
session_3288,product_page,1,2025-04-24 22:46:33,169,2
session_3288,cart,2,2025-04-24 22:48:54,141,2
session_3288,checkout,3,2025-04-24 22:49:26,32,2
session_3288,confirmation,4,2025-04-24 22:50:37,71,0
session_3289,home,0,2025-08-18 01:59:50,127,0
session_3289,product_page,1,2025-08-18 02:00:56,66,2
session_3290,home,0,2025-03-29 21:17:59,27,0
session_3290,product_page,1,2025-03-29 21:20:37,158,1
session_3291,home,0,2025-07-28 19:53:56,138,0
session_3291,product_page,1,2025-07-28 19:54:14,18,2
session_3292,home,0,2025-08-23 21:38:50,21,0
session_3292,product_page,1,2025-08-23 21:40:18,88,5
session_3293,home,0,2025-08-03 14:40:38,105,0
session_3294,home,0,2025-06-27 21:41:16,171,0
session_3294,product_page,1,2025-06-27 21:44:14,178,0
session_3294,cart,2,2025-06-27 21:46:23,129,0
session_3294,checkout,3,2025-06-27 21:47:53,90,3
session_3294,confirmation,4,2025-06-27 21:49:15,82,0
session_3295,home,0,2025-03-14 08:18:43,24,0
session_3295,product_page,1,2025-03-14 08:21:32,169,3
session_3296,home,0,2025-02-11 17:05:27,66,0
session_3296,product_page,1,2025-02-11 17:07:03,96,2
session_3297,home,0,2025-04-11 14:14:00,60,0
session_3297,product_page,1,2025-04-11 14:15:28,88,1
session_3298,home,0,2025-03-10 01:31:25,141,0
session_3298,product_page,1,2025-03-10 01:32:02,37,5
session_3298,cart,2,2025-03-10 01:32:58,56,5
session_3299,home,0,2025-08-11 17:40:23,15,0
session_3300,home,0,2025-01-31 08:25:46,32,0
session_3300,product_page,1,2025-01-31 08:28:13,147,4
session_3301,home,0,2025-03-15 15:58:59,133,0
session_3302,home,0,2025-08-16 02:43:15,129,0
session_3302,product_page,1,2025-08-16 02:44:39,84,1
session_3303,home,0,2025-05-25 03:04:55,17,0
session_3303,product_page,1,2025-05-25 03:05:30,35,0
session_3304,home,0,2025-05-29 02:31:47,150,0
session_3304,product_page,1,2025-05-29 02:34:19,152,0
session_3305,home,0,2025-04-14 20:05:40,130,0
session_3305,product_page,1,2025-04-14 20:06:57,77,2
session_3306,home,0,2025-05-31 15:44:55,22,0
session_3306,product_page,1,2025-05-31 15:46:49,114,3
session_3306,cart,2,2025-05-31 15:48:58,129,3
session_3307,home,0,2025-07-29 08:01:02,153,0
session_3307,product_page,1,2025-07-29 08:01:21,19,4
session_3308,home,0,2025-04-22 07:37:39,65,0
session_3308,product_page,1,2025-04-22 07:38:37,58,3
session_3309,home,0,2025-07-15 01:33:49,109,0
session_3309,product_page,1,2025-07-15 01:34:24,35,1
session_3309,cart,2,2025-07-15 01:36:09,105,1
session_3309,checkout,3,2025-07-15 01:39:01,172,1
session_3309,confirmation,4,2025-07-15 01:41:11,130,0
session_3310,home,0,2025-05-16 01:02:45,105,0
session_3310,product_page,1,2025-05-16 01:05:09,144,0
session_3310,cart,2,2025-05-16 01:05:59,50,0
session_3310,checkout,3,2025-05-16 01:06:16,17,2
session_3311,home,0,2025-06-18 05:13:19,166,0
session_3311,product_page,1,2025-06-18 05:16:10,171,0
session_3312,home,0,2025-01-03 03:18:05,159,0
session_3312,product_page,1,2025-01-03 03:19:01,56,0
session_3313,home,0,2025-01-31 13:09:25,139,0
session_3314,home,0,2025-08-15 19:54:59,172,0
session_3314,product_page,1,2025-08-15 19:56:25,86,0
session_3314,cart,2,2025-08-15 19:57:23,58,5
session_3314,checkout,3,2025-08-15 19:59:28,125,5
session_3315,home,0,2025-04-02 08:00:45,42,0
session_3315,product_page,1,2025-04-02 08:03:07,142,4
session_3315,cart,2,2025-04-02 08:03:23,16,4
session_3315,checkout,3,2025-04-02 08:05:21,118,4
session_3315,confirmation,4,2025-04-02 08:05:48,27,0
session_3316,home,0,2025-07-14 03:45:35,139,0
session_3316,product_page,1,2025-07-14 03:47:38,123,0
session_3317,home,0,2025-07-23 23:59:40,84,0
session_3317,product_page,1,2025-07-24 00:01:05,85,1
session_3317,cart,2,2025-07-24 00:03:28,143,1
session_3317,checkout,3,2025-07-24 00:05:13,105,1
session_3317,confirmation,4,2025-07-24 00:05:58,45,0
session_3318,home,0,2025-07-02 03:24:45,113,0
session_3318,product_page,1,2025-07-02 03:25:20,35,0
session_3319,home,0,2025-05-31 19:16:44,116,0
session_3320,home,0,2025-08-12 16:44:33,108,0
session_3320,product_page,1,2025-08-12 16:45:56,83,0
session_3321,home,0,2025-06-09 18:21:17,66,0
session_3322,home,0,2025-02-13 15:22:36,94,0
session_3322,product_page,1,2025-02-13 15:23:06,30,3
session_3323,home,0,2025-06-27 20:13:47,114,0
session_3323,product_page,1,2025-06-27 20:15:45,118,5
session_3324,home,0,2025-07-30 11:41:44,58,0
session_3325,home,0,2025-03-02 00:55:04,50,0
session_3325,product_page,1,2025-03-02 00:56:24,80,1
session_3325,cart,2,2025-03-02 00:58:06,102,1
session_3325,checkout,3,2025-03-02 01:00:33,147,1
session_3325,confirmation,4,2025-03-02 01:03:16,163,0
session_3326,home,0,2025-04-27 20:47:44,114,0
session_3326,product_page,1,2025-04-27 20:49:03,79,2
session_3327,home,0,2025-08-05 04:27:23,76,0
session_3327,product_page,1,2025-08-05 04:29:31,128,0
session_3328,home,0,2025-06-14 04:23:06,179,0
session_3328,product_page,1,2025-06-14 04:24:46,100,2
session_3329,home,0,2025-01-09 07:26:12,23,0
session_3330,home,0,2025-07-17 23:22:32,58,0
session_3330,product_page,1,2025-07-17 23:23:29,57,4
session_3330,cart,2,2025-07-17 23:25:44,135,4
session_3330,checkout,3,2025-07-17 23:28:44,180,4
session_3330,confirmation,4,2025-07-17 23:31:40,176,0
session_3331,home,0,2025-04-28 06:35:46,67,0
session_3331,product_page,1,2025-04-28 06:37:57,131,0
session_3332,home,0,2025-07-17 07:10:52,71,0
session_3332,product_page,1,2025-07-17 07:13:25,153,5
session_3332,cart,2,2025-07-17 07:14:25,60,5
session_3332,checkout,3,2025-07-17 07:16:47,142,5
session_3332,confirmation,4,2025-07-17 07:18:31,104,0
session_3333,home,0,2025-02-01 06:40:06,95,0
session_3333,product_page,1,2025-02-01 06:42:00,114,0
session_3333,cart,2,2025-02-01 06:42:47,47,0
session_3333,checkout,3,2025-02-01 06:44:14,87,1
session_3333,confirmation,4,2025-02-01 06:47:04,170,0
session_3334,home,0,2025-08-07 07:41:08,77,0
session_3334,product_page,1,2025-08-07 07:42:12,64,2
session_3335,home,0,2025-03-16 23:49:46,72,0
session_3335,product_page,1,2025-03-16 23:51:11,85,0
session_3336,home,0,2025-01-20 07:46:24,117,0
session_3336,product_page,1,2025-01-20 07:48:00,96,1
session_3337,home,0,2025-04-26 10:59:40,82,0
session_3337,product_page,1,2025-04-26 11:00:33,53,0
session_3338,home,0,2025-02-18 19:46:18,170,0
session_3338,product_page,1,2025-02-18 19:48:33,135,5
session_3339,home,0,2025-05-28 06:44:30,177,0
session_3339,product_page,1,2025-05-28 06:47:00,150,0
session_3339,cart,2,2025-05-28 06:49:04,124,4
session_3340,home,0,2025-03-30 16:20:26,142,0
session_3341,home,0,2025-01-01 17:43:06,160,0
session_3341,product_page,1,2025-01-01 17:44:11,65,0
session_3341,cart,2,2025-01-01 17:45:27,76,0
session_3342,home,0,2025-06-03 10:04:09,46,0
session_3342,product_page,1,2025-06-03 10:06:30,141,2
session_3342,cart,2,2025-06-03 10:08:16,106,2
session_3343,home,0,2025-06-16 18:47:39,47,0
session_3343,product_page,1,2025-06-16 18:49:57,138,4
session_3343,cart,2,2025-06-16 18:52:01,124,4
session_3344,home,0,2025-07-23 18:07:15,22,0
session_3344,product_page,1,2025-07-23 18:07:42,27,0
session_3345,home,0,2025-05-31 02:25:44,140,0
session_3345,product_page,1,2025-05-31 02:26:50,66,4
session_3346,home,0,2025-08-30 15:27:23,37,0
session_3346,product_page,1,2025-08-30 15:28:31,68,2
session_3347,home,0,2025-03-12 03:57:23,152,0
session_3347,product_page,1,2025-03-12 03:57:47,24,2
session_3348,home,0,2025-02-02 12:17:56,110,0
session_3348,product_page,1,2025-02-02 12:20:35,159,0
session_3348,cart,2,2025-02-02 12:23:09,154,0
session_3348,checkout,3,2025-02-02 12:26:03,174,2
session_3348,confirmation,4,2025-02-02 12:28:39,156,0
session_3349,home,0,2025-04-26 18:03:18,125,0
session_3349,product_page,1,2025-04-26 18:03:42,24,1
session_3350,home,0,2025-06-05 17:59:51,111,0
session_3350,product_page,1,2025-06-05 18:02:47,176,0
session_3350,cart,2,2025-06-05 18:04:00,73,0
session_3351,home,0,2025-04-10 18:47:56,19,0
session_3351,product_page,1,2025-04-10 18:49:17,81,0
session_3351,cart,2,2025-04-10 18:52:15,178,4
session_3352,home,0,2025-02-14 05:21:00,65,0
session_3352,product_page,1,2025-02-14 05:22:11,71,2
session_3353,home,0,2025-06-14 19:42:21,85,0
session_3353,product_page,1,2025-06-14 19:44:41,140,5
session_3354,home,0,2025-04-03 13:58:20,86,0
session_3355,home,0,2025-05-08 20:19:21,159,0
session_3355,product_page,1,2025-05-08 20:22:16,175,2
session_3355,cart,2,2025-05-08 20:24:10,114,2
session_3356,home,0,2025-04-14 10:53:50,74,0
session_3356,product_page,1,2025-04-14 10:55:17,87,0
session_3357,home,0,2025-01-19 07:21:12,40,0
session_3357,product_page,1,2025-01-19 07:23:06,114,0
session_3358,home,0,2025-08-21 07:58:57,150,0
session_3358,product_page,1,2025-08-21 07:59:41,44,5
session_3359,home,0,2025-08-12 12:19:13,88,0
session_3359,product_page,1,2025-08-12 12:20:59,106,4
session_3360,home,0,2025-05-12 20:15:43,36,0
session_3360,product_page,1,2025-05-12 20:16:26,43,0
session_3360,cart,2,2025-05-12 20:16:51,25,0
session_3360,checkout,3,2025-05-12 20:17:46,55,3
session_3361,home,0,2025-03-27 12:56:21,128,0
session_3361,product_page,1,2025-03-27 12:58:41,140,1
session_3361,cart,2,2025-03-27 12:59:23,42,1
session_3362,home,0,2025-05-15 22:46:49,46,0
session_3362,product_page,1,2025-05-15 22:48:51,122,0
session_3362,cart,2,2025-05-15 22:51:07,136,0
session_3363,home,0,2025-06-19 11:46:56,45,0
session_3363,product_page,1,2025-06-19 11:49:35,159,0
session_3364,home,0,2025-03-15 05:42:25,96,0
session_3364,product_page,1,2025-03-15 05:43:47,82,0
session_3365,home,0,2025-06-02 22:59:27,98,0
session_3366,home,0,2025-04-18 21:44:50,154,0
session_3367,home,0,2025-04-06 04:33:29,86,0
session_3367,product_page,1,2025-04-06 04:34:41,72,2
session_3368,home,0,2025-02-16 16:40:55,147,0
session_3369,home,0,2025-04-09 13:31:00,44,0
session_3369,product_page,1,2025-04-09 13:31:43,43,0
session_3370,home,0,2025-08-10 17:38:48,103,0
session_3370,product_page,1,2025-08-10 17:39:50,62,5
session_3370,cart,2,2025-08-10 17:40:18,28,5
session_3371,home,0,2025-08-24 10:49:31,133,0
session_3371,product_page,1,2025-08-24 10:49:46,15,3
session_3371,cart,2,2025-08-24 10:52:03,137,3
session_3372,home,0,2025-03-10 01:19:51,27,0
session_3372,product_page,1,2025-03-10 01:21:20,89,1
session_3372,cart,2,2025-03-10 01:21:49,29,1
session_3372,checkout,3,2025-03-10 01:24:20,151,1
session_3372,confirmation,4,2025-03-10 01:25:01,41,0
session_3373,home,0,2025-02-13 23:48:05,62,0
session_3373,product_page,1,2025-02-13 23:49:44,99,5
session_3374,home,0,2025-07-31 12:51:05,83,0
session_3374,product_page,1,2025-07-31 12:53:01,116,0
session_3375,home,0,2025-07-28 14:18:07,149,0
session_3375,product_page,1,2025-07-28 14:20:53,166,4
session_3376,home,0,2025-08-22 11:37:16,61,0
session_3376,product_page,1,2025-08-22 11:40:11,175,0
session_3377,home,0,2025-02-08 18:11:19,150,0
session_3377,product_page,1,2025-02-08 18:13:31,132,5
session_3377,cart,2,2025-02-08 18:15:57,146,5
session_3378,home,0,2025-08-20 18:53:26,65,0
session_3378,product_page,1,2025-08-20 18:54:23,57,5
session_3379,home,0,2025-05-06 04:58:22,95,0
session_3379,product_page,1,2025-05-06 05:00:24,122,0
session_3380,home,0,2025-07-24 19:36:14,93,0
session_3380,product_page,1,2025-07-24 19:38:27,133,1
session_3381,home,0,2025-07-09 09:48:34,83,0
session_3382,home,0,2025-05-31 03:10:44,133,0
session_3382,product_page,1,2025-05-31 03:11:51,67,4
session_3383,home,0,2025-04-25 11:57:58,52,0
session_3384,home,0,2025-06-05 23:53:12,148,0
session_3384,product_page,1,2025-06-05 23:55:44,152,0
session_3385,home,0,2025-05-19 18:38:27,48,0
session_3385,product_page,1,2025-05-19 18:40:45,138,0
session_3385,cart,2,2025-05-19 18:41:50,65,0
session_3385,checkout,3,2025-05-19 18:44:01,131,1
session_3385,confirmation,4,2025-05-19 18:45:00,59,0
session_3386,home,0,2025-06-22 13:33:45,125,0
session_3386,product_page,1,2025-06-22 13:35:37,112,3
session_3386,cart,2,2025-06-22 13:35:57,20,3
session_3386,checkout,3,2025-06-22 13:37:38,101,3
session_3386,confirmation,4,2025-06-22 13:39:41,123,0
session_3387,home,0,2025-04-17 00:41:52,35,0
session_3387,product_page,1,2025-04-17 00:43:15,83,1
session_3388,home,0,2025-06-10 17:59:20,164,0
session_3388,product_page,1,2025-06-10 18:01:05,105,0
session_3389,home,0,2025-06-15 04:44:20,122,0
session_3389,product_page,1,2025-06-15 04:47:02,162,0
session_3390,home,0,2025-04-24 02:03:51,139,0
session_3390,product_page,1,2025-04-24 02:06:36,165,4
session_3391,home,0,2025-08-14 08:43:55,77,0
session_3391,product_page,1,2025-08-14 08:45:47,112,0
session_3392,home,0,2025-06-17 13:49:14,135,0
session_3392,product_page,1,2025-06-17 13:50:26,72,4
session_3392,cart,2,2025-06-17 13:51:51,85,4
session_3393,home,0,2025-08-09 22:39:02,65,0
session_3393,product_page,1,2025-08-09 22:39:46,44,0
session_3394,home,0,2025-02-26 12:16:15,128,0
session_3394,product_page,1,2025-02-26 12:18:16,121,5
session_3395,home,0,2025-03-12 09:09:57,27,0
session_3395,product_page,1,2025-03-12 09:12:00,123,1
session_3395,cart,2,2025-03-12 09:13:02,62,1
session_3395,checkout,3,2025-03-12 09:15:49,167,1
session_3395,confirmation,4,2025-03-12 09:17:33,104,0
session_3396,home,0,2025-05-25 06:33:32,132,0
session_3396,product_page,1,2025-05-25 06:33:51,19,0
session_3397,home,0,2025-01-12 09:15:08,95,0
session_3397,product_page,1,2025-01-12 09:17:48,160,0
session_3398,home,0,2025-07-04 20:17:07,87,0
session_3398,product_page,1,2025-07-04 20:17:36,29,3
session_3398,cart,2,2025-07-04 20:18:23,47,3
session_3398,checkout,3,2025-07-04 20:20:01,98,3
session_3398,confirmation,4,2025-07-04 20:22:50,169,0
session_3399,home,0,2025-08-29 09:08:09,53,0
session_3400,home,0,2025-03-02 00:19:45,179,0
session_3401,home,0,2025-02-11 22:36:25,174,0
session_3401,product_page,1,2025-02-11 22:38:10,105,0
session_3402,home,0,2025-08-01 03:54:00,178,0
session_3402,product_page,1,2025-08-01 03:56:46,166,0
session_3403,home,0,2025-06-29 17:57:53,161,0
session_3403,product_page,1,2025-06-29 18:00:20,147,3
session_3404,home,0,2025-06-02 20:11:41,166,0
session_3404,product_page,1,2025-06-02 20:13:48,127,5
session_3405,home,0,2025-05-30 17:32:35,135,0
session_3406,home,0,2025-01-29 06:39:13,118,0
session_3406,product_page,1,2025-01-29 06:41:05,112,0
session_3406,cart,2,2025-01-29 06:41:41,36,0
session_3406,checkout,3,2025-01-29 06:42:15,34,1
session_3406,confirmation,4,2025-01-29 06:43:55,100,0
session_3407,home,0,2025-01-13 00:28:14,17,0
session_3407,product_page,1,2025-01-13 00:30:52,158,0
session_3408,home,0,2025-05-05 22:03:08,58,0
session_3409,home,0,2025-01-12 03:24:07,18,0
session_3409,product_page,1,2025-01-12 03:25:20,73,2
session_3410,home,0,2025-04-01 07:20:30,146,0
session_3411,home,0,2025-04-20 17:57:27,171,0
session_3411,product_page,1,2025-04-20 18:00:23,176,0
session_3411,cart,2,2025-04-20 18:00:49,26,5
session_3411,checkout,3,2025-04-20 18:02:33,104,5
session_3411,confirmation,4,2025-04-20 18:04:56,143,0
session_3412,home,0,2025-01-08 07:26:41,180,0
session_3412,product_page,1,2025-01-08 07:27:40,59,2
session_3413,home,0,2025-02-21 08:42:07,115,0
session_3413,product_page,1,2025-02-21 08:43:15,68,4
session_3414,home,0,2025-01-07 03:41:46,43,0
session_3414,product_page,1,2025-01-07 03:42:33,47,1
session_3414,cart,2,2025-01-07 03:43:22,49,1
session_3414,checkout,3,2025-01-07 03:46:20,178,1
session_3414,confirmation,4,2025-01-07 03:47:49,89,0
session_3415,home,0,2025-03-22 14:31:10,116,0
session_3415,product_page,1,2025-03-22 14:32:01,51,1
session_3416,home,0,2025-01-25 02:31:04,140,0
session_3416,product_page,1,2025-01-25 02:31:34,30,4
session_3417,home,0,2025-05-20 18:34:58,163,0
session_3418,home,0,2025-01-23 01:23:01,61,0
session_3418,product_page,1,2025-01-23 01:23:33,32,4
session_3418,cart,2,2025-01-23 01:25:19,106,4
session_3418,checkout,3,2025-01-23 01:27:13,114,4
session_3418,confirmation,4,2025-01-23 01:28:25,72,0
session_3419,home,0,2025-06-22 15:40:56,75,0
session_3420,home,0,2025-03-27 05:12:09,168,0
session_3420,product_page,1,2025-03-27 05:12:55,46,0
session_3420,cart,2,2025-03-27 05:15:41,166,3
session_3420,checkout,3,2025-03-27 05:18:26,165,3
session_3420,confirmation,4,2025-03-27 05:19:09,43,0
session_3421,home,0,2025-07-09 17:19:11,33,0
session_3422,home,0,2025-03-28 15:25:43,109,0
session_3422,product_page,1,2025-03-28 15:28:06,143,0
session_3423,home,0,2025-02-04 00:18:46,76,0
session_3423,product_page,1,2025-02-04 00:20:30,104,0
session_3424,home,0,2025-05-31 17:03:22,81,0
session_3424,product_page,1,2025-05-31 17:04:16,54,4
session_3425,home,0,2025-08-18 19:34:16,102,0
session_3425,product_page,1,2025-08-18 19:34:34,18,4
session_3426,home,0,2025-08-19 14:49:41,41,0
session_3427,home,0,2025-07-10 18:51:14,34,0
session_3427,product_page,1,2025-07-10 18:53:21,127,4
session_3427,cart,2,2025-07-10 18:54:07,46,4
session_3427,checkout,3,2025-07-10 18:55:07,60,4
session_3427,confirmation,4,2025-07-10 18:56:27,80,0
session_3428,home,0,2025-01-04 06:20:52,38,0
session_3428,product_page,1,2025-01-04 06:21:40,48,5
session_3429,home,0,2025-02-28 23:54:04,96,0
session_3430,home,0,2025-02-12 04:35:36,118,0
session_3430,product_page,1,2025-02-12 04:36:16,40,0
session_3430,cart,2,2025-02-12 04:38:14,118,0
session_3430,checkout,3,2025-02-12 04:40:05,111,2
session_3430,confirmation,4,2025-02-12 04:40:31,26,0
session_3431,home,0,2025-06-13 08:21:04,18,0
session_3431,product_page,1,2025-06-13 08:23:12,128,0
session_3432,home,0,2025-04-19 09:27:14,68,0
session_3432,product_page,1,2025-04-19 09:29:26,132,5
session_3433,home,0,2025-05-03 13:10:10,30,0
session_3433,product_page,1,2025-05-03 13:11:07,57,3
session_3434,home,0,2025-04-19 07:15:56,107,0
session_3434,product_page,1,2025-04-19 07:17:49,113,2
session_3435,home,0,2025-04-24 01:55:52,97,0
session_3435,product_page,1,2025-04-24 01:57:20,88,1
session_3435,cart,2,2025-04-24 02:00:19,179,1
session_3435,checkout,3,2025-04-24 02:02:25,126,1
session_3435,confirmation,4,2025-04-24 02:05:24,179,0
session_3436,home,0,2025-02-02 15:41:54,44,0
session_3436,product_page,1,2025-02-02 15:42:37,43,3
session_3437,home,0,2025-06-06 14:21:08,108,0
session_3437,product_page,1,2025-06-06 14:22:27,79,1
session_3437,cart,2,2025-06-06 14:24:31,124,1
session_3438,home,0,2025-07-13 21:25:49,90,0
session_3438,product_page,1,2025-07-13 21:27:09,80,0
session_3439,home,0,2025-01-03 03:35:05,20,0
session_3439,product_page,1,2025-01-03 03:36:12,67,1
session_3439,cart,2,2025-01-03 03:38:23,131,1
session_3439,checkout,3,2025-01-03 03:39:38,75,1
session_3440,home,0,2025-06-11 15:44:47,76,0
session_3440,product_page,1,2025-06-11 15:45:34,47,0
session_3440,cart,2,2025-06-11 15:48:02,148,0
session_3440,checkout,3,2025-06-11 15:48:21,19,3
session_3440,confirmation,4,2025-06-11 15:48:55,34,0
session_3441,home,0,2025-01-11 21:15:34,73,0
session_3442,home,0,2025-07-31 12:00:08,108,0
session_3442,product_page,1,2025-07-31 12:00:44,36,2
session_3443,home,0,2025-03-08 13:27:53,72,0
session_3444,home,0,2025-06-10 22:38:46,16,0
session_3444,product_page,1,2025-06-10 22:40:32,106,2
session_3445,home,0,2025-06-16 14:45:30,48,0
session_3445,product_page,1,2025-06-16 14:48:15,165,3
session_3445,cart,2,2025-06-16 14:49:01,46,3
session_3445,checkout,3,2025-06-16 14:50:42,101,3
session_3445,confirmation,4,2025-06-16 14:52:35,113,0
session_3446,home,0,2025-07-03 02:44:43,34,0
session_3447,home,0,2025-07-24 12:32:34,23,0
session_3448,home,0,2025-07-07 07:45:00,154,0
session_3448,product_page,1,2025-07-07 07:47:32,152,3
session_3449,home,0,2025-07-31 16:47:30,27,0
session_3449,product_page,1,2025-07-31 16:47:53,23,0
session_3449,cart,2,2025-07-31 16:49:33,100,4
session_3450,home,0,2025-02-10 19:45:31,49,0
session_3450,product_page,1,2025-02-10 19:46:18,47,0
session_3451,home,0,2025-04-27 08:27:47,91,0
session_3451,product_page,1,2025-04-27 08:29:26,99,1
session_3452,home,0,2025-02-16 21:50:17,90,0
session_3453,home,0,2025-01-22 17:05:00,44,0
session_3453,product_page,1,2025-01-22 17:07:37,157,4
session_3453,cart,2,2025-01-22 17:08:44,67,4
session_3453,checkout,3,2025-01-22 17:11:41,177,4
session_3453,confirmation,4,2025-01-22 17:12:20,39,0
session_3454,home,0,2025-03-31 13:54:20,155,0
session_3454,product_page,1,2025-03-31 13:54:43,23,0
session_3455,home,0,2025-05-18 01:04:25,109,0
session_3455,product_page,1,2025-05-18 01:06:36,131,1
session_3456,home,0,2025-06-05 21:19:45,158,0
session_3456,product_page,1,2025-06-05 21:20:01,16,2
session_3457,home,0,2025-08-27 09:19:10,164,0
session_3457,product_page,1,2025-08-27 09:19:59,49,3
session_3458,home,0,2025-08-01 13:35:14,135,0
session_3458,product_page,1,2025-08-01 13:37:52,158,3
session_3459,home,0,2025-05-29 10:28:50,61,0
session_3459,product_page,1,2025-05-29 10:29:50,60,2
session_3459,cart,2,2025-05-29 10:31:19,89,2
session_3460,home,0,2025-06-29 11:29:06,175,0
session_3460,product_page,1,2025-06-29 11:32:05,179,0
session_3460,cart,2,2025-06-29 11:35:05,180,0
session_3461,home,0,2025-03-22 01:09:26,19,0
session_3461,product_page,1,2025-03-22 01:12:24,178,2
session_3461,cart,2,2025-03-22 01:14:43,139,2
session_3461,checkout,3,2025-03-22 01:15:24,41,2
session_3461,confirmation,4,2025-03-22 01:15:50,26,0
session_3462,home,0,2025-06-27 06:35:25,95,0
session_3462,product_page,1,2025-06-27 06:36:40,75,5
session_3463,home,0,2025-04-22 03:27:04,109,0
session_3463,product_page,1,2025-04-22 03:27:34,30,3
session_3463,cart,2,2025-04-22 03:30:34,180,3
session_3463,checkout,3,2025-04-22 03:32:48,134,3
session_3463,confirmation,4,2025-04-22 03:33:34,46,0
session_3464,home,0,2025-01-09 00:07:54,63,0
session_3465,home,0,2025-02-16 09:54:12,37,0
session_3465,product_page,1,2025-02-16 09:56:16,124,0
session_3465,cart,2,2025-02-16 09:58:33,137,5
session_3466,home,0,2025-05-30 07:33:02,148,0
session_3466,product_page,1,2025-05-30 07:33:23,21,1
session_3467,home,0,2025-01-30 12:40:19,118,0
session_3467,product_page,1,2025-01-30 12:42:26,127,3
session_3467,cart,2,2025-01-30 12:44:45,139,3
session_3467,checkout,3,2025-01-30 12:45:45,60,3
session_3467,confirmation,4,2025-01-30 12:48:34,169,0
session_3468,home,0,2025-07-08 12:51:48,25,0
session_3469,home,0,2025-04-07 04:22:06,149,0
session_3469,product_page,1,2025-04-07 04:23:12,66,0
session_3470,home,0,2025-03-23 16:23:23,153,0
session_3470,product_page,1,2025-03-23 16:25:04,101,3
session_3471,home,0,2025-01-13 12:28:23,167,0
session_3471,product_page,1,2025-01-13 12:31:05,162,4
session_3472,home,0,2025-06-27 03:54:20,127,0
session_3472,product_page,1,2025-06-27 03:56:23,123,2
session_3472,cart,2,2025-06-27 03:58:35,132,2
session_3472,checkout,3,2025-06-27 04:00:08,93,2
session_3472,confirmation,4,2025-06-27 04:01:00,52,0
session_3473,home,0,2025-01-08 08:54:03,34,0
session_3473,product_page,1,2025-01-08 08:54:48,45,0
session_3474,home,0,2025-02-24 16:16:45,169,0
session_3474,product_page,1,2025-02-24 16:17:17,32,4
session_3474,cart,2,2025-02-24 16:20:02,165,4
session_3474,checkout,3,2025-02-24 16:22:00,118,4
session_3474,confirmation,4,2025-02-24 16:24:55,175,0
session_3475,home,0,2025-06-11 20:40:08,167,0
session_3476,home,0,2025-07-21 06:27:08,136,0
session_3476,product_page,1,2025-07-21 06:29:26,138,5
session_3476,cart,2,2025-07-21 06:31:15,109,5
session_3477,home,0,2025-05-20 06:24:26,83,0
session_3477,product_page,1,2025-05-20 06:26:02,96,4
session_3478,home,0,2025-02-19 02:44:21,18,0
session_3478,product_page,1,2025-02-19 02:46:56,155,5
session_3478,cart,2,2025-02-19 02:47:59,63,5
session_3478,checkout,3,2025-02-19 02:48:56,57,5
session_3478,confirmation,4,2025-02-19 02:50:21,85,0
session_3479,home,0,2025-06-16 13:41:32,108,0
session_3479,product_page,1,2025-06-16 13:43:08,96,3
session_3479,cart,2,2025-06-16 13:43:45,37,3
session_3479,checkout,3,2025-06-16 13:44:55,70,3
session_3479,confirmation,4,2025-06-16 13:47:18,143,0
session_3480,home,0,2025-05-19 21:54:01,174,0
session_3480,product_page,1,2025-05-19 21:54:20,19,0
session_3480,cart,2,2025-05-19 21:55:22,62,0
session_3480,checkout,3,2025-05-19 21:56:22,60,2
session_3480,confirmation,4,2025-05-19 21:58:15,113,0
session_3481,home,0,2025-01-22 09:49:37,169,0
session_3482,home,0,2025-06-04 20:08:30,150,0
session_3482,product_page,1,2025-06-04 20:10:52,142,0
session_3482,cart,2,2025-06-04 20:12:07,75,3
session_3482,checkout,3,2025-06-04 20:13:09,62,3
session_3482,confirmation,4,2025-06-04 20:14:20,71,0
session_3483,home,0,2025-07-14 20:37:22,109,0
session_3483,product_page,1,2025-07-14 20:39:00,98,3
session_3484,home,0,2025-07-29 22:16:11,180,0
session_3484,product_page,1,2025-07-29 22:17:01,50,0
session_3484,cart,2,2025-07-29 22:17:55,54,2
session_3485,home,0,2025-06-19 16:41:29,107,0
session_3485,product_page,1,2025-06-19 16:43:38,129,1
session_3486,home,0,2025-08-01 18:20:20,123,0
session_3486,product_page,1,2025-08-01 18:22:07,107,1
session_3486,cart,2,2025-08-01 18:22:58,51,1
session_3486,checkout,3,2025-08-01 18:23:50,52,1
session_3486,confirmation,4,2025-08-01 18:26:21,151,0
session_3487,home,0,2025-07-15 13:07:24,55,0
session_3487,product_page,1,2025-07-15 13:09:39,135,1
session_3487,cart,2,2025-07-15 13:11:27,108,1
session_3488,home,0,2025-02-27 18:24:44,42,0
session_3488,product_page,1,2025-02-27 18:25:40,56,5
session_3488,cart,2,2025-02-27 18:27:46,126,5
session_3489,home,0,2025-06-21 21:38:55,133,0
session_3490,home,0,2025-03-18 11:00:32,121,0
session_3490,product_page,1,2025-03-18 11:02:47,135,0
session_3490,cart,2,2025-03-18 11:03:16,29,5
session_3491,home,0,2025-08-08 04:18:39,177,0
session_3491,product_page,1,2025-08-08 04:20:59,140,1
session_3492,home,0,2025-08-12 05:19:10,170,0
session_3492,product_page,1,2025-08-12 05:19:45,35,4
session_3493,home,0,2025-05-19 23:05:46,154,0
session_3493,product_page,1,2025-05-19 23:07:23,97,1
session_3494,home,0,2025-04-11 05:57:06,115,0
session_3494,product_page,1,2025-04-11 05:59:58,172,0
session_3495,home,0,2025-07-11 16:46:15,108,0
session_3496,home,0,2025-05-04 06:10:28,47,0
session_3496,product_page,1,2025-05-04 06:12:15,107,0
session_3497,home,0,2025-02-01 22:30:30,40,0
session_3497,product_page,1,2025-02-01 22:32:23,113,0
session_3497,cart,2,2025-02-01 22:33:17,54,4
session_3498,home,0,2025-03-19 05:44:32,85,0
session_3499,home,0,2025-01-01 11:21:28,52,0
session_3499,product_page,1,2025-01-01 11:22:16,48,0
session_3499,cart,2,2025-01-01 11:23:43,87,4
session_3500,home,0,2025-03-12 15:51:31,119,0
session_3500,product_page,1,2025-03-12 15:54:02,151,0
session_3500,cart,2,2025-03-12 15:56:53,171,0
session_3500,checkout,3,2025-03-12 15:57:12,19,2
session_3500,confirmation,4,2025-03-12 15:59:06,114,0
session_3501,home,0,2025-08-02 13:37:58,172,0
session_3501,product_page,1,2025-08-02 13:39:41,103,2
session_3502,home,0,2025-05-06 03:40:15,133,0
session_3503,home,0,2025-01-16 12:31:02,56,0
session_3503,product_page,1,2025-01-16 12:31:38,36,3
session_3504,home,0,2025-06-30 18:55:40,177,0
session_3505,home,0,2025-03-27 01:37:50,94,0
session_3505,product_page,1,2025-03-27 01:39:39,109,3
session_3506,home,0,2025-02-27 04:39:10,93,0
session_3506,product_page,1,2025-02-27 04:39:45,35,0
session_3507,home,0,2025-05-14 09:49:58,49,0
session_3508,home,0,2025-04-12 11:40:21,80,0
session_3509,home,0,2025-03-09 02:45:41,129,0
session_3510,home,0,2025-08-05 17:25:11,110,0
session_3510,product_page,1,2025-08-05 17:25:46,35,0
session_3510,cart,2,2025-08-05 17:27:32,106,0
session_3511,home,0,2025-08-16 16:00:44,174,0
session_3511,product_page,1,2025-08-16 16:01:53,69,4
session_3512,home,0,2025-03-27 10:34:54,73,0
session_3513,home,0,2025-03-30 02:57:54,174,0
session_3513,product_page,1,2025-03-30 03:00:22,148,0
session_3514,home,0,2025-08-01 05:04:28,130,0
session_3514,product_page,1,2025-08-01 05:06:47,139,0
session_3515,home,0,2025-05-14 21:15:44,175,0
session_3515,product_page,1,2025-05-14 21:17:05,81,4
session_3516,home,0,2025-07-25 23:27:51,16,0
session_3517,home,0,2025-08-29 12:45:34,153,0
session_3517,product_page,1,2025-08-29 12:47:11,97,5
session_3518,home,0,2025-06-05 00:00:21,116,0
session_3518,product_page,1,2025-06-05 00:01:05,44,0
session_3519,home,0,2025-05-20 19:35:00,87,0
session_3519,product_page,1,2025-05-20 19:36:43,103,0
session_3519,cart,2,2025-05-20 19:39:29,166,2
session_3519,checkout,3,2025-05-20 19:40:43,74,2
session_3519,confirmation,4,2025-05-20 19:41:05,22,0
session_3520,home,0,2025-04-03 01:05:49,64,0
session_3520,product_page,1,2025-04-03 01:07:29,100,0
session_3521,home,0,2025-02-14 15:17:00,72,0
session_3522,home,0,2025-04-03 11:45:11,171,0
session_3523,home,0,2025-07-13 14:16:26,92,0
session_3523,product_page,1,2025-07-13 14:19:18,172,2
session_3523,cart,2,2025-07-13 14:21:52,154,2
session_3523,checkout,3,2025-07-13 14:24:52,180,2
session_3523,confirmation,4,2025-07-13 14:26:57,125,0
session_3524,home,0,2025-04-15 09:24:06,137,0
session_3524,product_page,1,2025-04-15 09:24:21,15,0
session_3525,home,0,2025-02-10 11:28:42,34,0
session_3525,product_page,1,2025-02-10 11:30:09,87,0
session_3525,cart,2,2025-02-10 11:32:53,164,1
session_3526,home,0,2025-04-30 02:34:45,149,0
session_3526,product_page,1,2025-04-30 02:37:34,169,1
session_3527,home,0,2025-08-12 09:56:04,88,0
session_3527,product_page,1,2025-08-12 09:57:09,65,4
session_3528,home,0,2025-04-02 16:32:46,137,0
session_3528,product_page,1,2025-04-02 16:33:15,29,3
session_3529,home,0,2025-01-23 04:49:00,103,0
session_3529,product_page,1,2025-01-23 04:49:19,19,3
session_3530,home,0,2025-08-08 21:18:01,115,0
session_3530,product_page,1,2025-08-08 21:19:20,79,4
session_3530,cart,2,2025-08-08 21:19:41,21,4
session_3530,checkout,3,2025-08-08 21:21:14,93,4
session_3530,confirmation,4,2025-08-08 21:24:01,167,0
session_3531,home,0,2025-07-12 18:31:29,33,0
session_3531,product_page,1,2025-07-12 18:33:39,130,1
session_3531,cart,2,2025-07-12 18:36:23,164,1
session_3531,checkout,3,2025-07-12 18:38:35,132,1
session_3531,confirmation,4,2025-07-12 18:39:19,44,0
session_3532,home,0,2025-08-16 15:39:20,32,0
session_3532,product_page,1,2025-08-16 15:39:39,19,1
session_3533,home,0,2025-04-25 13:03:25,177,0
session_3533,product_page,1,2025-04-25 13:05:28,123,4
session_3534,home,0,2025-06-05 10:12:51,120,0
session_3534,product_page,1,2025-06-05 10:15:15,144,0
session_3535,home,0,2025-03-19 03:14:12,97,0
session_3535,product_page,1,2025-03-19 03:15:56,104,0
session_3536,home,0,2025-05-14 23:08:48,90,0
session_3536,product_page,1,2025-05-14 23:09:28,40,0
session_3536,cart,2,2025-05-14 23:10:06,38,0
session_3537,home,0,2025-03-24 15:55:25,90,0
session_3537,product_page,1,2025-03-24 15:57:49,144,0
session_3537,cart,2,2025-03-24 15:59:40,111,3
session_3537,checkout,3,2025-03-24 16:01:45,125,3
session_3537,confirmation,4,2025-03-24 16:03:02,77,0
session_3538,home,0,2025-02-11 11:48:15,80,0
session_3538,product_page,1,2025-02-11 11:49:39,84,0
session_3538,cart,2,2025-02-11 11:52:12,153,4
session_3539,home,0,2025-01-28 10:25:58,33,0
session_3539,product_page,1,2025-01-28 10:28:56,178,2
session_3539,cart,2,2025-01-28 10:30:24,88,2
session_3539,checkout,3,2025-01-28 10:30:43,19,2
session_3539,confirmation,4,2025-01-28 10:33:06,143,0
session_3540,home,0,2025-07-09 05:29:51,160,0
session_3540,product_page,1,2025-07-09 05:31:41,110,0
session_3541,home,0,2025-04-07 12:50:56,35,0
session_3541,product_page,1,2025-04-07 12:51:40,44,0
session_3541,cart,2,2025-04-07 12:54:36,176,0
session_3541,checkout,3,2025-04-07 12:55:29,53,1
session_3541,confirmation,4,2025-04-07 12:57:20,111,0
session_3542,home,0,2025-02-18 09:09:39,107,0
session_3542,product_page,1,2025-02-18 09:11:18,99,0
session_3543,home,0,2025-01-15 13:30:59,39,0
session_3543,product_page,1,2025-01-15 13:32:45,106,0
session_3544,home,0,2025-06-04 03:58:34,67,0
session_3545,home,0,2025-03-30 01:02:29,120,0
session_3545,product_page,1,2025-03-30 01:04:12,103,0
session_3546,home,0,2025-08-12 04:00:48,71,0
session_3547,home,0,2025-04-12 14:44:31,99,0
session_3547,product_page,1,2025-04-12 14:45:15,44,0
session_3547,cart,2,2025-04-12 14:46:47,92,0
session_3548,home,0,2025-04-11 11:20:10,93,0
session_3548,product_page,1,2025-04-11 11:20:39,29,4
session_3549,home,0,2025-08-21 17:52:41,94,0
session_3549,product_page,1,2025-08-21 17:55:25,164,3
session_3549,cart,2,2025-08-21 17:56:28,63,3
session_3550,home,0,2025-03-08 18:21:42,158,0
session_3550,product_page,1,2025-03-08 18:23:40,118,1
session_3551,home,0,2025-03-03 03:50:41,66,0
session_3551,product_page,1,2025-03-03 03:51:37,56,0
session_3551,cart,2,2025-03-03 03:53:21,104,2
session_3551,checkout,3,2025-03-03 03:53:53,32,2
session_3551,confirmation,4,2025-03-03 03:56:18,145,0
session_3552,home,0,2025-07-03 00:05:50,51,0
session_3553,home,0,2025-08-01 10:33:10,161,0
session_3553,product_page,1,2025-08-01 10:35:35,145,5
session_3554,home,0,2025-03-06 11:25:10,28,0
session_3555,home,0,2025-04-07 17:08:22,24,0
session_3556,home,0,2025-01-13 03:31:48,19,0
session_3556,product_page,1,2025-01-13 03:33:37,109,0
session_3556,cart,2,2025-01-13 03:34:22,45,5
session_3556,checkout,3,2025-01-13 03:36:07,105,5
session_3556,confirmation,4,2025-01-13 03:38:08,121,0
session_3557,home,0,2025-03-23 12:47:55,77,0
session_3557,product_page,1,2025-03-23 12:49:36,101,3
session_3557,cart,2,2025-03-23 12:50:27,51,3
session_3557,checkout,3,2025-03-23 12:51:57,90,3
session_3557,confirmation,4,2025-03-23 12:53:58,121,0
session_3558,home,0,2025-03-20 04:20:22,161,0
session_3558,product_page,1,2025-03-20 04:22:48,146,0
session_3559,home,0,2025-08-22 05:51:13,66,0
session_3559,product_page,1,2025-08-22 05:53:00,107,0
session_3560,home,0,2025-08-07 22:26:00,36,0
session_3561,home,0,2025-07-15 14:02:13,23,0
session_3561,product_page,1,2025-07-15 14:03:46,93,0
session_3562,home,0,2025-05-07 03:33:35,108,0
session_3562,product_page,1,2025-05-07 03:36:10,155,0
session_3563,home,0,2025-06-24 23:43:47,174,0
session_3564,home,0,2025-03-08 09:15:44,149,0
session_3564,product_page,1,2025-03-08 09:16:43,59,0
session_3565,home,0,2025-02-20 00:40:14,125,0
session_3565,product_page,1,2025-02-20 00:42:39,145,1
session_3566,home,0,2025-07-20 09:42:48,51,0
session_3566,product_page,1,2025-07-20 09:43:18,30,4
session_3566,cart,2,2025-07-20 09:44:07,49,4
session_3566,checkout,3,2025-07-20 09:45:41,94,4
session_3566,confirmation,4,2025-07-20 09:47:17,96,0
session_3567,home,0,2025-05-21 22:48:39,20,0
session_3567,product_page,1,2025-05-21 22:50:11,92,3
session_3568,home,0,2025-08-09 10:38:12,141,0
session_3568,product_page,1,2025-08-09 10:38:30,18,0
session_3569,home,0,2025-08-04 09:55:00,50,0
session_3570,home,0,2025-03-11 22:43:40,77,0
session_3570,product_page,1,2025-03-11 22:44:00,20,4
session_3570,cart,2,2025-03-11 22:46:54,174,4
session_3570,checkout,3,2025-03-11 22:47:33,39,4
session_3570,confirmation,4,2025-03-11 22:49:52,139,0
session_3571,home,0,2025-08-06 10:28:39,151,0
session_3571,product_page,1,2025-08-06 10:30:12,93,4
session_3572,home,0,2025-07-22 07:01:12,147,0
session_3572,product_page,1,2025-07-22 07:01:42,30,4
session_3572,cart,2,2025-07-22 07:03:40,118,4
session_3572,checkout,3,2025-07-22 07:04:54,74,4
session_3572,confirmation,4,2025-07-22 07:05:29,35,0
session_3573,home,0,2025-01-17 17:06:34,64,0
session_3573,product_page,1,2025-01-17 17:07:40,66,0
session_3574,home,0,2025-01-20 00:50:20,85,0
session_3574,product_page,1,2025-01-20 00:51:57,97,3
session_3575,home,0,2025-07-23 10:54:14,60,0
session_3575,product_page,1,2025-07-23 10:56:10,116,3
session_3576,home,0,2025-03-23 07:54:53,91,0
session_3576,product_page,1,2025-03-23 07:57:06,133,4
session_3576,cart,2,2025-03-23 07:58:15,69,4
session_3576,checkout,3,2025-03-23 07:58:30,15,4
session_3576,confirmation,4,2025-03-23 07:59:02,32,0
session_3577,home,0,2025-06-26 08:27:04,102,0
session_3577,product_page,1,2025-06-26 08:28:02,58,5
session_3577,cart,2,2025-06-26 08:31:02,180,5
session_3578,home,0,2025-04-04 08:36:53,125,0
session_3578,product_page,1,2025-04-04 08:38:42,109,3
session_3578,cart,2,2025-04-04 08:41:16,154,3
session_3578,checkout,3,2025-04-04 08:42:49,93,3
session_3578,confirmation,4,2025-04-04 08:45:25,156,0
session_3579,home,0,2025-04-12 13:35:01,57,0
session_3579,product_page,1,2025-04-12 13:35:29,28,0
session_3580,home,0,2025-07-27 21:07:49,77,0
session_3580,product_page,1,2025-07-27 21:09:44,115,0
session_3581,home,0,2025-02-25 19:14:12,120,0
session_3582,home,0,2025-08-19 17:41:31,103,0
session_3582,product_page,1,2025-08-19 17:43:47,136,3
session_3583,home,0,2025-08-27 05:19:47,115,0
session_3584,home,0,2025-08-27 08:32:49,16,0
session_3584,product_page,1,2025-08-27 08:35:13,144,0
session_3584,cart,2,2025-08-27 08:35:48,35,4
session_3584,checkout,3,2025-08-27 08:38:37,169,4
session_3584,confirmation,4,2025-08-27 08:40:02,85,0
session_3585,home,0,2025-08-13 13:34:50,126,0
session_3585,product_page,1,2025-08-13 13:35:19,29,0
session_3586,home,0,2025-03-18 14:22:42,174,0
session_3587,home,0,2025-05-08 19:04:32,22,0
session_3587,product_page,1,2025-05-08 19:06:20,108,1
session_3587,cart,2,2025-05-08 19:08:15,115,1
session_3587,checkout,3,2025-05-08 19:10:25,130,1
session_3587,confirmation,4,2025-05-08 19:12:06,101,0
session_3588,home,0,2025-06-13 18:41:10,57,0
session_3589,home,0,2025-01-13 20:33:34,95,0
session_3589,product_page,1,2025-01-13 20:36:29,175,0
session_3589,cart,2,2025-01-13 20:37:04,35,0
session_3589,checkout,3,2025-01-13 20:38:06,62,2
session_3589,confirmation,4,2025-01-13 20:40:16,130,0
session_3590,home,0,2025-01-20 04:20:15,73,0
session_3590,product_page,1,2025-01-20 04:21:11,56,0
session_3591,home,0,2025-05-26 12:05:55,33,0
session_3591,product_page,1,2025-05-26 12:08:08,133,3
session_3592,home,0,2025-07-04 06:30:02,179,0
session_3593,home,0,2025-02-20 07:57:35,173,0
session_3593,product_page,1,2025-02-20 07:59:17,102,1
session_3594,home,0,2025-03-07 16:55:33,83,0
session_3594,product_page,1,2025-03-07 16:55:48,15,1
session_3594,cart,2,2025-03-07 16:58:33,165,1
session_3595,home,0,2025-02-02 18:19:55,72,0
session_3595,product_page,1,2025-02-02 18:20:36,41,0
session_3596,home,0,2025-05-15 09:59:20,172,0
session_3596,product_page,1,2025-05-15 09:59:55,35,4
session_3597,home,0,2025-02-19 22:41:30,27,0
session_3597,product_page,1,2025-02-19 22:42:43,73,3
session_3598,home,0,2025-07-16 14:29:41,130,0
session_3599,home,0,2025-02-02 16:40:35,45,0
session_3600,home,0,2025-05-17 05:59:38,118,0
session_3601,home,0,2025-05-20 21:17:18,94,0
session_3601,product_page,1,2025-05-20 21:19:40,142,2
session_3602,home,0,2025-05-26 08:05:19,97,0
session_3602,product_page,1,2025-05-26 08:06:18,59,5
session_3602,cart,2,2025-05-26 08:08:00,102,5
session_3602,checkout,3,2025-05-26 08:09:54,114,5
session_3602,confirmation,4,2025-05-26 08:12:13,139,0
session_3603,home,0,2025-05-21 01:31:24,142,0
session_3603,product_page,1,2025-05-21 01:33:55,151,0
session_3604,home,0,2025-03-04 16:53:32,31,0
session_3605,home,0,2025-08-24 09:54:34,28,0
session_3606,home,0,2025-02-17 15:43:01,126,0
session_3606,product_page,1,2025-02-17 15:45:44,163,0
session_3607,home,0,2025-07-04 02:09:59,27,0
session_3607,product_page,1,2025-07-04 02:12:54,175,3
session_3607,cart,2,2025-07-04 02:14:37,103,3
session_3608,home,0,2025-01-20 10:32:06,46,0
session_3608,product_page,1,2025-01-20 10:33:26,80,5
session_3609,home,0,2025-04-23 02:45:32,82,0
session_3609,product_page,1,2025-04-23 02:46:05,33,0
session_3610,home,0,2025-06-25 14:43:53,52,0
session_3610,product_page,1,2025-06-25 14:44:28,35,1
session_3611,home,0,2025-08-29 21:20:29,42,0
session_3612,home,0,2025-03-06 08:36:33,111,0
session_3612,product_page,1,2025-03-06 08:37:48,75,2
session_3613,home,0,2025-03-07 05:47:14,124,0
session_3613,product_page,1,2025-03-07 05:48:45,91,0
session_3614,home,0,2025-01-10 13:48:05,176,0
session_3614,product_page,1,2025-01-10 13:50:23,138,1
session_3615,home,0,2025-03-01 18:57:06,52,0
session_3615,product_page,1,2025-03-01 18:58:35,89,5
session_3615,cart,2,2025-03-01 18:58:50,15,5
session_3615,checkout,3,2025-03-01 18:59:22,32,5
session_3615,confirmation,4,2025-03-01 19:00:09,47,0
session_3616,home,0,2025-07-24 11:28:13,108,0
session_3616,product_page,1,2025-07-24 11:28:46,33,0
session_3617,home,0,2025-05-28 20:37:27,134,0
session_3617,product_page,1,2025-05-28 20:38:56,89,4
session_3617,cart,2,2025-05-28 20:39:47,51,4
session_3618,home,0,2025-02-19 03:30:05,108,0
session_3618,product_page,1,2025-02-19 03:31:40,95,3
session_3619,home,0,2025-02-25 00:06:54,51,0
session_3619,product_page,1,2025-02-25 00:07:13,19,3
session_3619,cart,2,2025-02-25 00:07:33,20,3
session_3619,checkout,3,2025-02-25 00:10:32,179,3
session_3619,confirmation,4,2025-02-25 00:11:40,68,0
session_3620,home,0,2025-03-25 22:49:31,126,0
session_3620,product_page,1,2025-03-25 22:52:14,163,1
session_3621,home,0,2025-03-26 05:41:17,32,0
session_3621,product_page,1,2025-03-26 05:43:14,117,3
session_3622,home,0,2025-08-05 06:49:25,113,0
session_3622,product_page,1,2025-08-05 06:50:23,58,0
session_3623,home,0,2025-08-07 13:29:32,109,0
session_3623,product_page,1,2025-08-07 13:32:12,160,0
session_3624,home,0,2025-05-03 03:07:31,101,0
session_3624,product_page,1,2025-05-03 03:08:14,43,0
session_3625,home,0,2025-07-01 05:29:29,73,0
session_3625,product_page,1,2025-07-01 05:32:00,151,4
session_3626,home,0,2025-04-10 19:44:55,173,0
session_3627,home,0,2025-01-06 09:27:21,73,0
session_3627,product_page,1,2025-01-06 09:28:42,81,0
session_3628,home,0,2025-02-11 09:07:47,20,0
session_3628,product_page,1,2025-02-11 09:09:58,131,2
session_3628,cart,2,2025-02-11 09:10:45,47,2
session_3629,home,0,2025-03-04 07:37:52,53,0
session_3629,product_page,1,2025-03-04 07:39:07,75,3
session_3630,home,0,2025-02-26 00:43:55,33,0
session_3630,product_page,1,2025-02-26 00:44:39,44,4
session_3630,cart,2,2025-02-26 00:45:10,31,4
session_3630,checkout,3,2025-02-26 00:46:36,86,4
session_3630,confirmation,4,2025-02-26 00:47:46,70,0
session_3631,home,0,2025-03-09 10:42:45,78,0
session_3631,product_page,1,2025-03-09 10:44:54,129,2
session_3632,home,0,2025-04-01 10:28:27,89,0
session_3632,product_page,1,2025-04-01 10:31:20,173,0
session_3633,home,0,2025-04-24 22:01:19,96,0
session_3633,product_page,1,2025-04-24 22:03:17,118,0
session_3634,home,0,2025-06-20 21:08:07,71,0
session_3634,product_page,1,2025-06-20 21:08:41,34,0
session_3635,home,0,2025-05-22 13:28:04,172,0
session_3635,product_page,1,2025-05-22 13:29:19,75,1
session_3635,cart,2,2025-05-22 13:30:21,62,1
session_3636,home,0,2025-06-06 12:11:02,61,0
session_3636,product_page,1,2025-06-06 12:13:14,132,1
session_3637,home,0,2025-03-25 03:46:23,180,0
session_3637,product_page,1,2025-03-25 03:48:01,98,4
session_3637,cart,2,2025-03-25 03:48:36,35,4
session_3637,checkout,3,2025-03-25 03:51:16,160,4
session_3637,confirmation,4,2025-03-25 03:54:06,170,0
session_3638,home,0,2025-06-14 19:16:28,97,0
session_3638,product_page,1,2025-06-14 19:18:42,134,1
session_3638,cart,2,2025-06-14 19:19:32,50,1
session_3638,checkout,3,2025-06-14 19:20:32,60,1
session_3638,confirmation,4,2025-06-14 19:23:13,161,0
session_3639,home,0,2025-04-25 01:39:00,116,0
session_3639,product_page,1,2025-04-25 01:39:48,48,5
session_3639,cart,2,2025-04-25 01:41:59,131,5
session_3639,checkout,3,2025-04-25 01:44:22,143,5
session_3639,confirmation,4,2025-04-25 01:46:04,102,0
session_3640,home,0,2025-07-29 00:46:09,166,0
session_3641,home,0,2025-03-29 13:26:08,128,0
session_3641,product_page,1,2025-03-29 13:27:19,71,5
session_3642,home,0,2025-01-27 12:59:42,93,0
session_3643,home,0,2025-01-01 23:49:54,77,0
session_3643,product_page,1,2025-01-01 23:52:10,136,3
session_3643,cart,2,2025-01-01 23:53:41,91,3
session_3643,checkout,3,2025-01-01 23:55:35,114,3
session_3643,confirmation,4,2025-01-01 23:56:37,62,0
session_3644,home,0,2025-06-26 05:37:03,50,0
session_3644,product_page,1,2025-06-26 05:39:48,165,5
session_3645,home,0,2025-05-10 04:32:19,93,0
session_3646,home,0,2025-04-02 11:10:52,153,0
session_3646,product_page,1,2025-04-02 11:12:50,118,3
session_3646,cart,2,2025-04-02 11:15:15,145,3
session_3646,checkout,3,2025-04-02 11:18:00,165,3
session_3646,confirmation,4,2025-04-02 11:18:18,18,0
session_3647,home,0,2025-01-08 09:33:22,35,0
session_3647,product_page,1,2025-01-08 09:34:00,38,2
session_3647,cart,2,2025-01-08 09:36:20,140,2
session_3647,checkout,3,2025-01-08 09:39:15,175,2
session_3648,home,0,2025-07-05 07:22:17,160,0
session_3649,home,0,2025-02-19 00:13:11,175,0
session_3650,home,0,2025-05-25 19:04:39,82,0
session_3650,product_page,1,2025-05-25 19:05:34,55,2
session_3650,cart,2,2025-05-25 19:08:20,166,2
session_3650,checkout,3,2025-05-25 19:09:14,54,2
session_3650,confirmation,4,2025-05-25 19:10:05,51,0
session_3651,home,0,2025-06-04 18:15:35,124,0
session_3651,product_page,1,2025-06-04 18:18:04,149,5
session_3652,home,0,2025-05-04 17:01:22,97,0
session_3652,product_page,1,2025-05-04 17:02:24,62,4
session_3653,home,0,2025-05-17 19:08:33,77,0
session_3653,product_page,1,2025-05-17 19:11:26,173,2
session_3654,home,0,2025-05-19 17:12:27,161,0
session_3654,product_page,1,2025-05-19 17:14:42,135,3
session_3654,cart,2,2025-05-19 17:16:11,89,3
session_3654,checkout,3,2025-05-19 17:17:26,75,3
session_3654,confirmation,4,2025-05-19 17:20:23,177,0
session_3655,home,0,2025-01-03 12:14:34,147,0
session_3655,product_page,1,2025-01-03 12:16:22,108,5
session_3656,home,0,2025-08-04 18:50:35,135,0
session_3656,product_page,1,2025-08-04 18:52:12,97,0
session_3656,cart,2,2025-08-04 18:53:21,69,5
session_3656,checkout,3,2025-08-04 18:54:06,45,5
session_3656,confirmation,4,2025-08-04 18:57:03,177,0
session_3657,home,0,2025-08-09 17:30:57,84,0
session_3657,product_page,1,2025-08-09 17:31:35,38,0
session_3658,home,0,2025-03-16 12:05:49,33,0
session_3658,product_page,1,2025-03-16 12:06:41,52,2
session_3658,cart,2,2025-03-16 12:07:10,29,2
session_3659,home,0,2025-08-27 13:06:28,76,0
session_3659,product_page,1,2025-08-27 13:07:01,33,2
session_3659,cart,2,2025-08-27 13:07:28,27,2
session_3659,checkout,3,2025-08-27 13:07:47,19,2
session_3659,confirmation,4,2025-08-27 13:08:25,38,0
session_3660,home,0,2025-04-01 15:31:18,45,0
session_3660,product_page,1,2025-04-01 15:34:13,175,4
session_3661,home,0,2025-06-18 07:25:15,89,0
session_3662,home,0,2025-01-16 12:43:29,58,0
session_3662,product_page,1,2025-01-16 12:44:31,62,2
session_3662,cart,2,2025-01-16 12:45:49,78,2
session_3662,checkout,3,2025-01-16 12:47:23,94,2
session_3662,confirmation,4,2025-01-16 12:48:07,44,0
session_3663,home,0,2025-07-14 09:40:36,99,0
session_3663,product_page,1,2025-07-14 09:43:06,150,5
session_3663,cart,2,2025-07-14 09:44:42,96,5
session_3663,checkout,3,2025-07-14 09:46:16,94,5
session_3663,confirmation,4,2025-07-14 09:47:28,72,0
session_3664,home,0,2025-05-13 01:57:56,54,0
session_3664,product_page,1,2025-05-13 02:00:22,146,1
session_3665,home,0,2025-05-18 12:04:44,129,0
session_3665,product_page,1,2025-05-18 12:05:46,62,3
session_3666,home,0,2025-03-27 17:48:54,132,0
session_3666,product_page,1,2025-03-27 17:51:34,160,4
session_3667,home,0,2025-04-21 17:14:25,137,0
session_3667,product_page,1,2025-04-21 17:15:48,83,1
session_3668,home,0,2025-07-29 12:32:23,180,0
session_3668,product_page,1,2025-07-29 12:34:19,116,3
session_3668,cart,2,2025-07-29 12:35:17,58,3
session_3668,checkout,3,2025-07-29 12:37:12,115,3
session_3668,confirmation,4,2025-07-29 12:37:28,16,0
session_3669,home,0,2025-03-23 17:08:21,167,0
session_3670,home,0,2025-08-06 12:02:29,62,0
session_3670,product_page,1,2025-08-06 12:03:14,45,0
session_3670,cart,2,2025-08-06 12:04:08,54,1
session_3670,checkout,3,2025-08-06 12:06:43,155,1
session_3670,confirmation,4,2025-08-06 12:07:47,64,0
session_3671,home,0,2025-02-06 00:59:32,83,0
session_3671,product_page,1,2025-02-06 01:00:40,68,2
session_3671,cart,2,2025-02-06 01:03:26,166,2
session_3671,checkout,3,2025-02-06 01:05:00,94,2
session_3671,confirmation,4,2025-02-06 01:06:37,97,0
session_3672,home,0,2025-01-22 18:58:11,140,0
session_3672,product_page,1,2025-01-22 19:00:49,158,4
session_3672,cart,2,2025-01-22 19:02:49,120,4
session_3672,checkout,3,2025-01-22 19:05:44,175,4
session_3672,confirmation,4,2025-01-22 19:08:14,150,0
session_3673,home,0,2025-06-16 15:56:45,118,0
session_3673,product_page,1,2025-06-16 15:58:58,133,0
session_3674,home,0,2025-05-01 19:52:33,28,0
session_3674,product_page,1,2025-05-01 19:54:42,129,0
session_3675,home,0,2025-07-05 00:56:37,110,0
session_3675,product_page,1,2025-07-05 00:58:21,104,2
session_3676,home,0,2025-06-07 22:15:12,36,0
session_3676,product_page,1,2025-06-07 22:17:38,146,3
session_3677,home,0,2025-01-16 04:09:11,19,0
session_3677,product_page,1,2025-01-16 04:11:21,130,2
session_3678,home,0,2025-04-25 10:39:15,97,0
session_3678,product_page,1,2025-04-25 10:40:52,97,0
session_3679,home,0,2025-08-07 20:22:06,36,0
session_3679,product_page,1,2025-08-07 20:23:39,93,0
session_3679,cart,2,2025-08-07 20:26:03,144,1
session_3679,checkout,3,2025-08-07 20:27:29,86,1
session_3679,confirmation,4,2025-08-07 20:29:22,113,0
session_3680,home,0,2025-02-24 00:01:34,17,0
session_3680,product_page,1,2025-02-24 00:02:29,55,4
session_3680,cart,2,2025-02-24 00:05:25,176,4
session_3681,home,0,2025-02-06 20:30:25,48,0
session_3682,home,0,2025-01-16 19:36:54,44,0
session_3682,product_page,1,2025-01-16 19:37:59,65,0
session_3682,cart,2,2025-01-16 19:38:34,35,2
session_3683,home,0,2025-07-21 10:27:24,57,0
session_3684,home,0,2025-05-18 10:48:00,128,0
session_3684,product_page,1,2025-05-18 10:50:01,121,4
session_3685,home,0,2025-01-30 08:10:57,131,0
session_3685,product_page,1,2025-01-30 08:11:15,18,0
session_3686,home,0,2025-02-19 15:47:33,15,0
session_3686,product_page,1,2025-02-19 15:49:13,100,1
session_3686,cart,2,2025-02-19 15:51:40,147,1
session_3686,checkout,3,2025-02-19 15:52:07,27,1
session_3686,confirmation,4,2025-02-19 15:53:49,102,0
session_3687,home,0,2025-05-28 22:46:04,68,0
session_3687,product_page,1,2025-05-28 22:47:04,60,0
session_3687,cart,2,2025-05-28 22:47:24,20,0
session_3687,checkout,3,2025-05-28 22:50:20,176,1
session_3687,confirmation,4,2025-05-28 22:51:10,50,0
session_3688,home,0,2025-08-30 05:51:43,39,0
session_3688,product_page,1,2025-08-30 05:54:27,164,0
session_3689,home,0,2025-03-10 04:34:16,147,0
session_3689,product_page,1,2025-03-10 04:34:47,31,0
session_3690,home,0,2025-05-27 05:47:31,30,0
session_3690,product_page,1,2025-05-27 05:50:16,165,4
session_3690,cart,2,2025-05-27 05:51:03,47,4
session_3690,checkout,3,2025-05-27 05:53:37,154,4
session_3690,confirmation,4,2025-05-27 05:55:29,112,0
session_3691,home,0,2025-03-06 01:41:45,58,0
session_3691,product_page,1,2025-03-06 01:44:41,176,0
session_3691,cart,2,2025-03-06 01:45:43,62,1
session_3691,checkout,3,2025-03-06 01:46:14,31,1
session_3692,home,0,2025-08-21 12:42:34,44,0
session_3692,product_page,1,2025-08-21 12:45:31,177,0
session_3692,cart,2,2025-08-21 12:46:03,32,0
session_3693,home,0,2025-08-18 00:40:41,96,0
session_3693,product_page,1,2025-08-18 00:43:04,143,0
session_3694,home,0,2025-07-11 03:43:55,86,0
session_3694,product_page,1,2025-07-11 03:46:04,129,3
session_3695,home,0,2025-05-02 09:58:42,117,0
session_3695,product_page,1,2025-05-02 10:01:03,141,1
session_3695,cart,2,2025-05-02 10:02:15,72,1
session_3695,checkout,3,2025-05-02 10:04:40,145,1
session_3696,home,0,2025-08-07 22:01:48,108,0
session_3696,product_page,1,2025-08-07 22:03:05,77,5
session_3697,home,0,2025-06-15 21:05:53,175,0
session_3697,product_page,1,2025-06-15 21:06:24,31,0
session_3698,home,0,2025-06-07 20:44:15,80,0
session_3699,home,0,2025-08-16 13:12:12,163,0
session_3699,product_page,1,2025-08-16 13:14:00,108,4
session_3700,home,0,2025-07-11 22:24:40,143,0
session_3700,product_page,1,2025-07-11 22:26:31,111,0
session_3700,cart,2,2025-07-11 22:28:52,141,4
session_3701,home,0,2025-01-13 07:51:58,63,0
session_3701,product_page,1,2025-01-13 07:53:46,108,3
session_3702,home,0,2025-06-09 08:40:56,164,0
session_3702,product_page,1,2025-06-09 08:43:29,153,0
session_3703,home,0,2025-01-15 17:49:05,36,0
session_3703,product_page,1,2025-01-15 17:49:34,29,3
session_3704,home,0,2025-08-05 19:58:25,161,0
session_3705,home,0,2025-03-18 01:02:14,48,0
session_3705,product_page,1,2025-03-18 01:04:58,164,0
session_3705,cart,2,2025-03-18 01:06:23,85,1
session_3706,home,0,2025-07-10 17:24:52,91,0
session_3707,home,0,2025-04-15 18:16:39,162,0
session_3708,home,0,2025-01-30 18:53:00,122,0
session_3708,product_page,1,2025-01-30 18:54:31,91,4
session_3709,home,0,2025-07-22 11:05:47,164,0
session_3709,product_page,1,2025-07-22 11:08:40,173,5
session_3710,home,0,2025-07-30 16:05:36,123,0
session_3710,product_page,1,2025-07-30 16:08:12,156,1
session_3710,cart,2,2025-07-30 16:11:02,170,1
session_3711,home,0,2025-03-26 20:06:23,110,0
session_3711,product_page,1,2025-03-26 20:08:59,156,2
session_3712,home,0,2025-06-17 21:15:49,172,0
session_3712,product_page,1,2025-06-17 21:18:13,144,2
session_3713,home,0,2025-01-29 21:41:30,164,0
session_3713,product_page,1,2025-01-29 21:42:28,58,0
session_3714,home,0,2025-06-06 16:58:24,69,0
session_3714,product_page,1,2025-06-06 17:00:22,118,0
session_3714,cart,2,2025-06-06 17:02:41,139,0
session_3714,checkout,3,2025-06-06 17:03:16,35,1
session_3714,confirmation,4,2025-06-06 17:05:11,115,0
session_3715,home,0,2025-07-13 16:41:53,176,0
session_3715,product_page,1,2025-07-13 16:43:12,79,0
session_3715,cart,2,2025-07-13 16:45:25,133,3
session_3715,checkout,3,2025-07-13 16:45:59,34,3
session_3715,confirmation,4,2025-07-13 16:48:44,165,0
session_3716,home,0,2025-06-03 22:47:47,167,0
session_3716,product_page,1,2025-06-03 22:50:30,163,4
session_3716,cart,2,2025-06-03 22:50:53,23,4
session_3717,home,0,2025-01-23 12:27:01,148,0
session_3717,product_page,1,2025-01-23 12:29:04,123,0
session_3718,home,0,2025-08-07 06:19:38,118,0
session_3719,home,0,2025-08-20 23:33:58,17,0
session_3720,home,0,2025-04-27 07:21:56,115,0
session_3720,product_page,1,2025-04-27 07:24:09,133,0
session_3721,home,0,2025-06-29 10:19:46,174,0
session_3721,product_page,1,2025-06-29 10:22:24,158,0
session_3722,home,0,2025-02-10 12:58:31,30,0
session_3722,product_page,1,2025-02-10 13:00:24,113,2
session_3722,cart,2,2025-02-10 13:01:11,47,2
session_3723,home,0,2025-02-09 07:51:52,120,0
session_3723,product_page,1,2025-02-09 07:54:14,142,5
session_3724,home,0,2025-04-15 11:28:59,129,0
session_3724,product_page,1,2025-04-15 11:29:17,18,0
session_3725,home,0,2025-05-07 12:56:53,118,0
session_3725,product_page,1,2025-05-07 12:59:30,157,0
session_3726,home,0,2025-07-07 02:06:32,146,0
session_3726,product_page,1,2025-07-07 02:07:44,72,5
session_3727,home,0,2025-04-05 16:33:58,148,0
session_3727,product_page,1,2025-04-05 16:36:32,154,0
session_3727,cart,2,2025-04-05 16:39:21,169,0
session_3727,checkout,3,2025-04-05 16:41:42,141,3
session_3727,confirmation,4,2025-04-05 16:42:33,51,0
session_3728,home,0,2025-02-18 19:35:57,160,0
session_3728,product_page,1,2025-02-18 19:36:53,56,2
session_3728,cart,2,2025-02-18 19:37:36,43,2
session_3728,checkout,3,2025-02-18 19:38:10,34,2
session_3728,confirmation,4,2025-02-18 19:39:28,78,0
session_3729,home,0,2025-05-21 01:22:19,146,0
session_3729,product_page,1,2025-05-21 01:24:00,101,0
session_3730,home,0,2025-08-08 10:36:02,88,0
session_3731,home,0,2025-03-25 14:33:08,124,0
session_3731,product_page,1,2025-03-25 14:33:28,20,4
session_3732,home,0,2025-05-10 10:39:42,138,0
session_3733,home,0,2025-08-13 15:15:12,33,0
session_3733,product_page,1,2025-08-13 15:16:33,81,1
session_3733,cart,2,2025-08-13 15:19:21,168,1
session_3733,checkout,3,2025-08-13 15:21:37,136,1
session_3733,confirmation,4,2025-08-13 15:22:03,26,0
session_3734,home,0,2025-06-02 18:34:50,33,0
session_3734,product_page,1,2025-06-02 18:36:19,89,0
session_3735,home,0,2025-06-14 12:01:28,150,0
session_3735,product_page,1,2025-06-14 12:02:39,71,0
session_3736,home,0,2025-08-14 19:37:23,26,0
session_3736,product_page,1,2025-08-14 19:38:38,75,0
session_3737,home,0,2025-01-15 02:29:21,173,0
session_3737,product_page,1,2025-01-15 02:31:14,113,0
session_3737,cart,2,2025-01-15 02:32:46,92,4
session_3737,checkout,3,2025-01-15 02:33:52,66,4
session_3737,confirmation,4,2025-01-15 02:35:50,118,0
session_3738,home,0,2025-05-09 08:54:56,59,0
session_3738,product_page,1,2025-05-09 08:55:17,21,1
session_3738,cart,2,2025-05-09 08:56:22,65,1
session_3738,checkout,3,2025-05-09 08:57:49,87,1
session_3738,confirmation,4,2025-05-09 08:58:10,21,0
session_3739,home,0,2025-02-18 21:21:13,104,0
session_3739,product_page,1,2025-02-18 21:21:42,29,1
session_3740,home,0,2025-01-10 20:04:18,109,0
session_3740,product_page,1,2025-01-10 20:04:38,20,0
session_3741,home,0,2025-02-02 11:49:32,173,0
session_3741,product_page,1,2025-02-02 11:51:51,139,5
session_3741,cart,2,2025-02-02 11:54:09,138,5
session_3742,home,0,2025-05-19 19:15:17,22,0
session_3742,product_page,1,2025-05-19 19:16:10,53,0
session_3742,cart,2,2025-05-19 19:17:59,109,5
session_3742,checkout,3,2025-05-19 19:18:15,16,5
session_3742,confirmation,4,2025-05-19 19:18:55,40,0
session_3743,home,0,2025-06-13 19:31:26,137,0
session_3744,home,0,2025-01-03 16:05:21,109,0
session_3744,product_page,1,2025-01-03 16:07:29,128,3
session_3745,home,0,2025-03-22 08:28:30,133,0
session_3745,product_page,1,2025-03-22 08:31:03,153,0
session_3746,home,0,2025-02-21 15:51:41,101,0
session_3746,product_page,1,2025-02-21 15:54:03,142,5
session_3747,home,0,2025-04-05 13:30:39,177,0
session_3747,product_page,1,2025-04-05 13:33:11,152,3
session_3747,cart,2,2025-04-05 13:33:56,45,3
session_3747,checkout,3,2025-04-05 13:36:37,161,3
session_3747,confirmation,4,2025-04-05 13:38:39,122,0
session_3748,home,0,2025-04-16 07:00:01,56,0
session_3748,product_page,1,2025-04-16 07:00:34,33,2
session_3749,home,0,2025-05-26 00:13:52,98,0
session_3749,product_page,1,2025-05-26 00:14:10,18,3
session_3749,cart,2,2025-05-26 00:16:26,136,3
session_3749,checkout,3,2025-05-26 00:18:41,135,3
session_3750,home,0,2025-02-09 12:20:59,82,0
session_3750,product_page,1,2025-02-09 12:22:05,66,0
session_3750,cart,2,2025-02-09 12:22:52,47,5
session_3750,checkout,3,2025-02-09 12:25:02,130,5
session_3751,home,0,2025-07-30 21:13:01,91,0
session_3751,product_page,1,2025-07-30 21:15:27,146,3
session_3752,home,0,2025-05-09 00:45:35,149,0
session_3752,product_page,1,2025-05-09 00:46:16,41,0
session_3753,home,0,2025-03-17 21:35:08,73,0
session_3753,product_page,1,2025-03-17 21:37:21,133,2
session_3753,cart,2,2025-03-17 21:40:07,166,2
session_3754,home,0,2025-08-10 20:12:03,177,0
session_3755,home,0,2025-04-23 15:08:15,64,0
session_3755,product_page,1,2025-04-23 15:10:08,113,2
session_3756,home,0,2025-05-17 11:50:14,132,0
session_3757,home,0,2025-06-23 08:04:05,170,0
session_3757,product_page,1,2025-06-23 08:06:42,157,3
session_3758,home,0,2025-08-04 17:38:15,84,0
session_3759,home,0,2025-05-20 11:47:25,26,0
session_3759,product_page,1,2025-05-20 11:50:01,156,0
session_3759,cart,2,2025-05-20 11:51:11,70,0
session_3759,checkout,3,2025-05-20 11:52:44,93,1
session_3759,confirmation,4,2025-05-20 11:54:13,89,0
session_3760,home,0,2025-05-15 16:57:40,23,0
session_3760,product_page,1,2025-05-15 17:00:01,141,0
session_3760,cart,2,2025-05-15 17:00:35,34,2
session_3760,checkout,3,2025-05-15 17:02:55,140,2
session_3760,confirmation,4,2025-05-15 17:04:40,105,0
session_3761,home,0,2025-02-05 01:36:36,178,0
session_3761,product_page,1,2025-02-05 01:36:56,20,1
session_3762,home,0,2025-01-14 09:45:58,18,0
session_3763,home,0,2025-07-15 10:10:45,126,0
session_3763,product_page,1,2025-07-15 10:13:42,177,0
session_3764,home,0,2025-07-26 10:32:35,102,0
session_3764,product_page,1,2025-07-26 10:34:18,103,2
session_3764,cart,2,2025-07-26 10:36:54,156,2
session_3765,home,0,2025-01-10 01:33:15,52,0
session_3765,product_page,1,2025-01-10 01:35:45,150,5
session_3766,home,0,2025-06-15 05:29:25,138,0
session_3766,product_page,1,2025-06-15 05:30:21,56,0
session_3767,home,0,2025-08-29 09:10:00,123,0
session_3768,home,0,2025-07-03 00:19:26,79,0
session_3768,product_page,1,2025-07-03 00:21:31,125,5
session_3769,home,0,2025-06-11 15:16:29,129,0
session_3769,product_page,1,2025-06-11 15:16:44,15,3
session_3770,home,0,2025-01-18 13:29:18,26,0
session_3770,product_page,1,2025-01-18 13:31:15,117,0
session_3771,home,0,2025-06-20 03:34:27,171,0
session_3771,product_page,1,2025-06-20 03:35:07,40,3
session_3771,cart,2,2025-06-20 03:37:18,131,3
session_3772,home,0,2025-03-18 19:43:15,133,0
session_3773,home,0,2025-05-17 06:03:45,132,0
session_3773,product_page,1,2025-05-17 06:06:01,136,2
session_3774,home,0,2025-03-04 11:10:46,37,0
session_3774,product_page,1,2025-03-04 11:12:07,81,0
session_3775,home,0,2025-08-02 03:10:46,95,0
session_3776,home,0,2025-04-11 09:09:28,46,0
session_3776,product_page,1,2025-04-11 09:11:44,136,0
session_3776,cart,2,2025-04-11 09:14:11,147,0
session_3776,checkout,3,2025-04-11 09:15:29,78,3
session_3776,confirmation,4,2025-04-11 09:15:46,17,0
session_3777,home,0,2025-07-08 04:51:49,149,0
session_3777,product_page,1,2025-07-08 04:53:54,125,0
session_3778,home,0,2025-05-17 06:40:17,122,0
session_3778,product_page,1,2025-05-17 06:42:26,129,3
session_3778,cart,2,2025-05-17 06:43:13,47,3
session_3778,checkout,3,2025-05-17 06:44:45,92,3
session_3778,confirmation,4,2025-05-17 06:46:33,108,0
session_3779,home,0,2025-06-19 07:02:23,88,0
session_3779,product_page,1,2025-06-19 07:03:43,80,1
session_3779,cart,2,2025-06-19 07:05:20,97,1
session_3779,checkout,3,2025-06-19 07:07:10,110,1
session_3779,confirmation,4,2025-06-19 07:07:43,33,0
session_3780,home,0,2025-03-24 00:33:31,147,0
session_3780,product_page,1,2025-03-24 00:35:34,123,0
session_3781,home,0,2025-05-12 01:32:29,31,0
session_3781,product_page,1,2025-05-12 01:34:55,146,2
session_3782,home,0,2025-07-24 00:31:07,83,0
session_3782,product_page,1,2025-07-24 00:32:47,100,0
session_3783,home,0,2025-02-07 07:32:58,42,0
session_3783,product_page,1,2025-02-07 07:34:34,96,0
session_3784,home,0,2025-05-29 10:36:42,123,0
session_3784,product_page,1,2025-05-29 10:39:16,154,4
session_3784,cart,2,2025-05-29 10:40:57,101,4
session_3784,checkout,3,2025-05-29 10:43:00,123,4
session_3785,home,0,2025-01-20 19:04:14,149,0
session_3786,home,0,2025-05-10 19:27:18,71,0
session_3787,home,0,2025-07-25 19:36:19,86,0
session_3787,product_page,1,2025-07-25 19:39:04,165,0
session_3788,home,0,2025-05-12 19:35:58,120,0
session_3788,product_page,1,2025-05-12 19:37:02,64,0
session_3789,home,0,2025-06-12 02:19:16,51,0
session_3789,product_page,1,2025-06-12 02:19:37,21,0
session_3789,cart,2,2025-06-12 02:20:31,54,5
session_3790,home,0,2025-02-11 15:56:01,90,0
session_3790,product_page,1,2025-02-11 15:58:39,158,0
session_3791,home,0,2025-04-05 09:44:58,134,0
session_3791,product_page,1,2025-04-05 09:46:06,68,0
session_3792,home,0,2025-03-14 00:59:02,108,0
session_3792,product_page,1,2025-03-14 01:01:35,153,0
session_3793,home,0,2025-01-30 09:23:24,31,0
session_3794,home,0,2025-01-31 09:38:53,123,0
session_3794,product_page,1,2025-01-31 09:40:18,85,0
session_3795,home,0,2025-02-18 13:54:30,18,0
session_3795,product_page,1,2025-02-18 13:57:01,151,0
session_3796,home,0,2025-01-23 19:39:44,149,0
session_3796,product_page,1,2025-01-23 19:42:08,144,5
session_3797,home,0,2025-07-22 05:30:06,86,0
session_3797,product_page,1,2025-07-22 05:32:31,145,4
session_3797,cart,2,2025-07-22 05:35:10,159,4
session_3798,home,0,2025-03-16 22:19:20,107,0
session_3798,product_page,1,2025-03-16 22:22:19,179,5
session_3798,cart,2,2025-03-16 22:23:00,41,5
session_3798,checkout,3,2025-03-16 22:23:26,26,5
session_3798,confirmation,4,2025-03-16 22:24:35,69,0
session_3799,home,0,2025-06-05 11:07:31,109,0
session_3800,home,0,2025-01-26 22:52:26,153,0
session_3800,product_page,1,2025-01-26 22:54:20,114,3
session_3800,cart,2,2025-01-26 22:56:13,113,3
session_3800,checkout,3,2025-01-26 22:56:40,27,3
session_3800,confirmation,4,2025-01-26 22:57:44,64,0
session_3801,home,0,2025-03-18 13:19:20,62,0
session_3802,home,0,2025-08-21 09:12:53,29,0
session_3802,product_page,1,2025-08-21 09:13:26,33,4
session_3803,home,0,2025-08-01 13:03:41,44,0
session_3803,product_page,1,2025-08-01 13:04:39,58,0
session_3804,home,0,2025-02-19 14:29:53,116,0
session_3804,product_page,1,2025-02-19 14:30:52,59,2
session_3805,home,0,2025-05-08 09:36:19,55,0
session_3806,home,0,2025-02-20 06:43:48,174,0
session_3806,product_page,1,2025-02-20 06:46:43,175,3
session_3806,cart,2,2025-02-20 06:49:22,159,3
session_3806,checkout,3,2025-02-20 06:52:04,162,3
session_3806,confirmation,4,2025-02-20 06:54:32,148,0
session_3807,home,0,2025-02-15 16:29:45,148,0
session_3807,product_page,1,2025-02-15 16:31:38,113,0
session_3808,home,0,2025-08-10 08:35:03,110,0
session_3809,home,0,2025-07-02 23:04:01,35,0
session_3809,product_page,1,2025-07-02 23:04:57,56,0
session_3810,home,0,2025-03-16 04:46:51,157,0
session_3810,product_page,1,2025-03-16 04:48:06,75,4
session_3811,home,0,2025-07-23 10:10:06,22,0
session_3811,product_page,1,2025-07-23 10:12:00,114,2
session_3812,home,0,2025-07-11 13:05:53,59,0
session_3812,product_page,1,2025-07-11 13:06:53,60,0
session_3813,home,0,2025-03-01 22:06:07,93,0
session_3813,product_page,1,2025-03-01 22:08:32,145,2
session_3813,cart,2,2025-03-01 22:10:31,119,2
session_3813,checkout,3,2025-03-01 22:11:49,78,2
session_3813,confirmation,4,2025-03-01 22:12:50,61,0
session_3814,home,0,2025-01-03 13:40:03,43,0
session_3814,product_page,1,2025-01-03 13:43:01,178,4
session_3814,cart,2,2025-01-03 13:45:30,149,4
session_3814,checkout,3,2025-01-03 13:47:22,112,4
session_3814,confirmation,4,2025-01-03 13:50:12,170,0
session_3815,home,0,2025-05-23 16:35:13,106,0
session_3815,product_page,1,2025-05-23 16:37:29,136,0
session_3816,home,0,2025-08-15 04:24:05,76,0
session_3817,home,0,2025-07-09 22:24:19,18,0
session_3817,product_page,1,2025-07-09 22:25:15,56,0
session_3817,cart,2,2025-07-09 22:26:51,96,0
session_3818,home,0,2025-01-14 11:48:08,137,0
session_3818,product_page,1,2025-01-14 11:50:45,157,0
session_3819,home,0,2025-02-06 08:57:25,37,0
session_3819,product_page,1,2025-02-06 08:59:38,133,4
session_3819,cart,2,2025-02-06 09:02:19,161,4
session_3819,checkout,3,2025-02-06 09:02:49,30,4
session_3819,confirmation,4,2025-02-06 09:05:28,159,0
session_3820,home,0,2025-04-05 22:26:12,64,0
session_3820,product_page,1,2025-04-05 22:28:26,134,0
session_3821,home,0,2025-06-19 01:21:38,155,0
session_3821,product_page,1,2025-06-19 01:23:22,104,0
session_3821,cart,2,2025-06-19 01:26:14,172,4
session_3821,checkout,3,2025-06-19 01:27:19,65,4
session_3821,confirmation,4,2025-06-19 01:30:01,162,0
session_3822,home,0,2025-01-03 03:26:33,119,0
session_3823,home,0,2025-03-14 02:07:39,99,0
session_3823,product_page,1,2025-03-14 02:10:32,173,5
session_3824,home,0,2025-02-25 06:44:22,156,0
session_3824,product_page,1,2025-02-25 06:46:10,108,4
session_3825,home,0,2025-08-03 11:32:48,108,0
session_3825,product_page,1,2025-08-03 11:33:24,36,1
session_3826,home,0,2025-02-27 03:11:04,116,0
session_3826,product_page,1,2025-02-27 03:13:58,174,0
session_3827,home,0,2025-01-05 09:08:28,173,0
session_3828,home,0,2025-07-19 13:01:44,46,0
session_3828,product_page,1,2025-07-19 13:04:34,170,0
session_3829,home,0,2025-07-25 04:46:29,73,0
session_3829,product_page,1,2025-07-25 04:48:45,136,1
session_3829,cart,2,2025-07-25 04:49:00,15,1
session_3830,home,0,2025-04-12 14:32:28,79,0
session_3830,product_page,1,2025-04-12 14:33:17,49,3
session_3831,home,0,2025-07-18 08:34:06,179,0
session_3831,product_page,1,2025-07-18 08:35:07,61,3
session_3831,cart,2,2025-07-18 08:37:54,167,3
session_3832,home,0,2025-02-11 17:48:42,134,0
session_3832,product_page,1,2025-02-11 17:51:39,177,0
session_3832,cart,2,2025-02-11 17:52:18,39,0
session_3833,home,0,2025-05-25 22:30:39,104,0
session_3833,product_page,1,2025-05-25 22:32:03,84,3
session_3834,home,0,2025-03-21 05:38:00,36,0
session_3834,product_page,1,2025-03-21 05:40:36,156,3
session_3834,cart,2,2025-03-21 05:40:55,19,3
session_3834,checkout,3,2025-03-21 05:41:21,26,3
session_3834,confirmation,4,2025-03-21 05:43:28,127,0
session_3835,home,0,2025-07-25 21:03:47,81,0
session_3835,product_page,1,2025-07-25 21:05:38,111,4
session_3836,home,0,2025-01-10 12:33:20,22,0
session_3836,product_page,1,2025-01-10 12:33:56,36,2
session_3837,home,0,2025-01-15 18:42:58,167,0
session_3837,product_page,1,2025-01-15 18:44:06,68,0
session_3837,cart,2,2025-01-15 18:45:46,100,4
session_3837,checkout,3,2025-01-15 18:48:16,150,4
session_3837,confirmation,4,2025-01-15 18:50:33,137,0
session_3838,home,0,2025-07-24 13:41:20,144,0
session_3838,product_page,1,2025-07-24 13:41:45,25,3
session_3839,home,0,2025-08-02 13:55:27,81,0
session_3839,product_page,1,2025-08-02 13:56:47,80,3
session_3840,home,0,2025-07-23 18:34:53,76,0
session_3840,product_page,1,2025-07-23 18:37:18,145,0
session_3841,home,0,2025-07-16 07:55:45,65,0
session_3841,product_page,1,2025-07-16 07:57:43,118,3
session_3841,cart,2,2025-07-16 07:58:26,43,3
session_3842,home,0,2025-01-26 07:16:15,72,0
session_3842,product_page,1,2025-01-26 07:19:02,167,0
session_3842,cart,2,2025-01-26 07:21:19,137,0
session_3842,checkout,3,2025-01-26 07:24:06,167,2
session_3842,confirmation,4,2025-01-26 07:24:57,51,0
session_3843,home,0,2025-07-13 16:44:35,75,0
session_3843,product_page,1,2025-07-13 16:47:08,153,0
session_3843,cart,2,2025-07-13 16:49:51,163,0
session_3843,checkout,3,2025-07-13 16:52:22,151,1
session_3843,confirmation,4,2025-07-13 16:53:21,59,0
session_3844,home,0,2025-08-15 13:53:23,54,0
session_3844,product_page,1,2025-08-15 13:55:54,151,0
session_3845,home,0,2025-08-26 05:22:34,108,0
session_3845,product_page,1,2025-08-26 05:23:50,76,0
session_3846,home,0,2025-03-11 23:52:17,119,0
session_3847,home,0,2025-08-30 18:20:40,66,0
session_3847,product_page,1,2025-08-30 18:21:04,24,0
session_3848,home,0,2025-05-16 13:10:27,137,0
session_3848,product_page,1,2025-05-16 13:11:51,84,0
session_3849,home,0,2025-06-28 12:14:39,177,0
session_3849,product_page,1,2025-06-28 12:15:44,65,4
session_3849,cart,2,2025-06-28 12:16:34,50,4
session_3849,checkout,3,2025-06-28 12:18:27,113,4
session_3849,confirmation,4,2025-06-28 12:20:41,134,0
session_3850,home,0,2025-06-09 09:50:21,159,0
session_3850,product_page,1,2025-06-09 09:52:18,117,4
session_3850,cart,2,2025-06-09 09:55:01,163,4
session_3850,checkout,3,2025-06-09 09:57:44,163,4
session_3850,confirmation,4,2025-06-09 10:00:29,165,0
session_3851,home,0,2025-08-06 05:54:44,35,0
session_3851,product_page,1,2025-08-06 05:55:16,32,4
session_3851,cart,2,2025-08-06 05:55:51,35,4
session_3851,checkout,3,2025-08-06 05:56:22,31,4
session_3851,confirmation,4,2025-08-06 05:57:15,53,0
session_3852,home,0,2025-03-17 11:48:17,162,0
session_3853,home,0,2025-07-14 12:44:55,163,0
session_3854,home,0,2025-03-23 13:04:44,64,0
session_3854,product_page,1,2025-03-23 13:06:55,131,0
session_3855,home,0,2025-03-30 05:41:29,67,0
session_3855,product_page,1,2025-03-30 05:44:23,174,3
session_3855,cart,2,2025-03-30 05:45:29,66,3
session_3856,home,0,2025-08-20 12:58:52,29,0
session_3857,home,0,2025-07-21 08:53:27,97,0
session_3857,product_page,1,2025-07-21 08:54:20,53,1
session_3858,home,0,2025-05-25 04:30:13,55,0
session_3858,product_page,1,2025-05-25 04:31:33,80,1
session_3859,home,0,2025-05-24 23:32:10,106,0
session_3860,home,0,2025-03-01 16:14:39,96,0
session_3861,home,0,2025-08-24 07:30:44,28,0
session_3861,product_page,1,2025-08-24 07:31:52,68,1
session_3862,home,0,2025-05-23 05:05:08,60,0
session_3862,product_page,1,2025-05-23 05:05:32,24,1
session_3863,home,0,2025-05-16 18:24:15,149,0
session_3863,product_page,1,2025-05-16 18:27:10,175,0
session_3863,cart,2,2025-05-16 18:29:10,120,1
session_3863,checkout,3,2025-05-16 18:30:26,76,1
session_3863,confirmation,4,2025-05-16 18:31:51,85,0
session_3864,home,0,2025-02-05 00:30:59,111,0
session_3865,home,0,2025-06-16 06:01:45,164,0
session_3865,product_page,1,2025-06-16 06:04:16,151,1
session_3866,home,0,2025-06-01 09:09:03,147,0
session_3866,product_page,1,2025-06-01 09:09:35,32,2
session_3867,home,0,2025-08-28 12:45:37,43,0
session_3867,product_page,1,2025-08-28 12:46:21,44,5
session_3867,cart,2,2025-08-28 12:48:23,122,5
session_3867,checkout,3,2025-08-28 12:50:41,138,5
session_3867,confirmation,4,2025-08-28 12:53:11,150,0
session_3868,home,0,2025-01-11 00:30:32,28,0
session_3868,product_page,1,2025-01-11 00:32:27,115,3
session_3869,home,0,2025-04-24 11:18:29,99,0
session_3869,product_page,1,2025-04-24 11:21:12,163,5
session_3870,home,0,2025-07-19 16:14:23,148,0
session_3870,product_page,1,2025-07-19 16:14:58,35,0
session_3870,cart,2,2025-07-19 16:16:37,99,0
session_3871,home,0,2025-04-09 21:27:29,89,0
session_3871,product_page,1,2025-04-09 21:29:29,120,0
session_3871,cart,2,2025-04-09 21:32:05,156,0
session_3872,home,0,2025-07-02 19:51:57,105,0
session_3872,product_page,1,2025-07-02 19:52:58,61,0
session_3872,cart,2,2025-07-02 19:55:21,143,0
session_3873,home,0,2025-05-13 09:55:04,139,0
session_3873,product_page,1,2025-05-13 09:56:50,106,2
session_3873,cart,2,2025-05-13 09:59:50,180,2
session_3873,checkout,3,2025-05-13 10:01:17,87,2
session_3873,confirmation,4,2025-05-13 10:02:03,46,0
session_3874,home,0,2025-05-14 13:47:19,163,0
session_3874,product_page,1,2025-05-14 13:48:45,86,0
session_3875,home,0,2025-03-27 21:28:05,136,0
session_3875,product_page,1,2025-03-27 21:30:47,162,3
session_3875,cart,2,2025-03-27 21:32:32,105,3
session_3875,checkout,3,2025-03-27 21:35:11,159,3
session_3875,confirmation,4,2025-03-27 21:36:39,88,0
session_3876,home,0,2025-06-14 17:57:31,41,0
session_3876,product_page,1,2025-06-14 17:59:54,143,5
session_3876,cart,2,2025-06-14 18:01:45,111,5
session_3876,checkout,3,2025-06-14 18:03:45,120,5
session_3876,confirmation,4,2025-06-14 18:06:27,162,0
session_3877,home,0,2025-04-12 10:26:03,84,0
session_3877,product_page,1,2025-04-12 10:28:04,121,0
session_3877,cart,2,2025-04-12 10:28:35,31,3
session_3877,checkout,3,2025-04-12 10:31:30,175,3
session_3878,home,0,2025-01-13 08:06:35,55,0
session_3878,product_page,1,2025-01-13 08:08:51,136,3
session_3879,home,0,2025-05-07 19:48:33,26,0
session_3879,product_page,1,2025-05-07 19:50:29,116,0
session_3880,home,0,2025-03-04 11:38:59,16,0
session_3880,product_page,1,2025-03-04 11:41:35,156,2
session_3881,home,0,2025-01-19 00:53:45,158,0
session_3882,home,0,2025-02-06 20:29:31,51,0
session_3882,product_page,1,2025-02-06 20:31:14,103,4
session_3882,cart,2,2025-02-06 20:32:54,100,4
session_3882,checkout,3,2025-02-06 20:35:17,143,4
session_3882,confirmation,4,2025-02-06 20:36:44,87,0
session_3883,home,0,2025-05-29 21:43:53,124,0
session_3884,home,0,2025-03-21 19:39:19,156,0
session_3885,home,0,2025-07-27 08:34:49,22,0
session_3885,product_page,1,2025-07-27 08:37:20,151,3
session_3886,home,0,2025-06-25 04:36:42,152,0
session_3886,product_page,1,2025-06-25 04:37:30,48,2
session_3886,cart,2,2025-06-25 04:38:52,82,2
session_3886,checkout,3,2025-06-25 04:41:13,141,2
session_3886,confirmation,4,2025-06-25 04:43:57,164,0
session_3887,home,0,2025-07-04 01:06:09,23,0
session_3887,product_page,1,2025-07-04 01:07:23,74,3
session_3888,home,0,2025-02-27 14:07:55,151,0
session_3888,product_page,1,2025-02-27 14:10:28,153,5
session_3889,home,0,2025-07-25 23:11:41,31,0
session_3889,product_page,1,2025-07-25 23:14:33,172,5
session_3889,cart,2,2025-07-25 23:16:08,95,5
session_3889,checkout,3,2025-07-25 23:18:06,118,5
session_3889,confirmation,4,2025-07-25 23:20:42,156,0
session_3890,home,0,2025-08-08 16:22:19,51,0
session_3890,product_page,1,2025-08-08 16:24:24,125,0
session_3890,cart,2,2025-08-08 16:27:13,169,5
session_3890,checkout,3,2025-08-08 16:28:02,49,5
session_3890,confirmation,4,2025-08-08 16:28:22,20,0
session_3891,home,0,2025-06-05 11:11:51,95,0
session_3891,product_page,1,2025-06-05 11:14:23,152,3
session_3892,home,0,2025-07-31 05:55:13,46,0
session_3892,product_page,1,2025-07-31 05:57:48,155,0
session_3893,home,0,2025-04-22 16:38:46,23,0
session_3893,product_page,1,2025-04-22 16:40:07,81,0
session_3894,home,0,2025-05-31 23:49:30,72,0
session_3894,product_page,1,2025-05-31 23:52:26,176,1
session_3895,home,0,2025-02-16 21:17:52,87,0
session_3895,product_page,1,2025-02-16 21:20:20,148,3
session_3895,cart,2,2025-02-16 21:22:11,111,3
session_3895,checkout,3,2025-02-16 21:23:33,82,3
session_3895,confirmation,4,2025-02-16 21:25:36,123,0
session_3896,home,0,2025-03-02 03:37:19,40,0
session_3896,product_page,1,2025-03-02 03:37:50,31,0
session_3896,cart,2,2025-03-02 03:40:01,131,0
session_3896,checkout,3,2025-03-02 03:41:36,95,1
session_3896,confirmation,4,2025-03-02 03:42:42,66,0
session_3897,home,0,2025-05-02 22:34:16,175,0
session_3897,product_page,1,2025-05-02 22:36:46,150,5
session_3898,home,0,2025-02-24 23:08:33,178,0
session_3898,product_page,1,2025-02-24 23:10:57,144,0
session_3899,home,0,2025-01-07 08:58:32,113,0
session_3899,product_page,1,2025-01-07 09:00:40,128,3
session_3900,home,0,2025-08-16 03:48:48,19,0
session_3901,home,0,2025-03-22 00:38:47,177,0
session_3901,product_page,1,2025-03-22 00:41:42,175,5
session_3902,home,0,2025-03-14 18:32:54,85,0
session_3902,product_page,1,2025-03-14 18:33:31,37,2
session_3903,home,0,2025-02-10 15:08:49,90,0
session_3903,product_page,1,2025-02-10 15:11:15,146,1
session_3903,cart,2,2025-02-10 15:14:05,170,1
session_3904,home,0,2025-06-29 13:08:00,73,0
session_3905,home,0,2025-03-16 10:28:50,103,0
session_3905,product_page,1,2025-03-16 10:31:14,144,0
session_3906,home,0,2025-01-02 00:14:53,101,0
session_3906,product_page,1,2025-01-02 00:17:17,144,2
session_3906,cart,2,2025-01-02 00:19:06,109,2
session_3906,checkout,3,2025-01-02 00:20:02,56,2
session_3906,confirmation,4,2025-01-02 00:20:56,54,0
session_3907,home,0,2025-08-31 06:58:45,17,0
session_3908,home,0,2025-05-16 02:46:08,141,0
session_3908,product_page,1,2025-05-16 02:46:39,31,4
session_3909,home,0,2025-02-23 23:33:21,131,0
session_3909,product_page,1,2025-02-23 23:35:40,139,0
session_3909,cart,2,2025-02-23 23:36:03,23,0
session_3910,home,0,2025-06-05 14:25:55,115,0
session_3910,product_page,1,2025-06-05 14:26:33,38,3
session_3911,home,0,2025-01-12 13:52:51,134,0
session_3911,product_page,1,2025-01-12 13:55:10,139,4
session_3912,home,0,2025-06-24 16:03:50,25,0
session_3912,product_page,1,2025-06-24 16:05:17,87,4
session_3913,home,0,2025-08-13 19:48:10,33,0
session_3913,product_page,1,2025-08-13 19:51:06,176,0
session_3914,home,0,2025-05-05 23:25:28,46,0
session_3915,home,0,2025-06-19 04:27:33,83,0
session_3915,product_page,1,2025-06-19 04:29:00,87,3
session_3916,home,0,2025-02-24 17:40:28,40,0
session_3916,product_page,1,2025-02-24 17:41:44,76,5
session_3917,home,0,2025-06-29 21:15:37,122,0
session_3917,product_page,1,2025-06-29 21:16:57,80,0
session_3917,cart,2,2025-06-29 21:17:57,60,1
session_3917,checkout,3,2025-06-29 21:18:39,42,1
session_3917,confirmation,4,2025-06-29 21:21:00,141,0
session_3918,home,0,2025-02-13 10:24:39,46,0
session_3918,product_page,1,2025-02-13 10:26:29,110,4
session_3919,home,0,2025-07-07 00:16:52,84,0
session_3920,home,0,2025-05-22 17:56:45,85,0
session_3920,product_page,1,2025-05-22 17:59:44,179,0
session_3920,cart,2,2025-05-22 18:01:32,108,0
session_3920,checkout,3,2025-05-22 18:04:29,177,3
session_3920,confirmation,4,2025-05-22 18:05:29,60,0
session_3921,home,0,2025-06-14 08:46:56,179,0
session_3921,product_page,1,2025-06-14 08:47:15,19,3
session_3921,cart,2,2025-06-14 08:48:17,62,3
session_3922,home,0,2025-02-19 13:33:15,39,0
session_3923,home,0,2025-03-04 22:28:59,53,0
session_3923,product_page,1,2025-03-04 22:30:38,99,0
session_3924,home,0,2025-05-15 23:09:11,81,0
session_3924,product_page,1,2025-05-15 23:10:49,98,0
session_3925,home,0,2025-03-03 09:33:12,80,0
session_3925,product_page,1,2025-03-03 09:35:47,155,0
session_3926,home,0,2025-07-19 16:40:15,126,0
session_3927,home,0,2025-03-02 02:32:59,130,0
session_3927,product_page,1,2025-03-02 02:34:02,63,3
session_3928,home,0,2025-04-08 03:16:10,121,0
session_3928,product_page,1,2025-04-08 03:19:02,172,1
session_3929,home,0,2025-02-09 14:01:04,58,0
session_3929,product_page,1,2025-02-09 14:03:35,151,4
session_3930,home,0,2025-07-04 11:58:51,25,0
session_3931,home,0,2025-06-29 17:30:45,140,0
session_3931,product_page,1,2025-06-29 17:32:52,127,0
session_3931,cart,2,2025-06-29 17:33:27,35,1
session_3931,checkout,3,2025-06-29 17:34:38,71,1
session_3931,confirmation,4,2025-06-29 17:37:33,175,0
session_3932,home,0,2025-02-17 10:14:23,125,0
session_3932,product_page,1,2025-02-17 10:15:04,41,0
session_3933,home,0,2025-02-02 00:25:35,160,0
session_3933,product_page,1,2025-02-02 00:26:47,72,4
session_3934,home,0,2025-05-31 14:02:39,97,0
session_3934,product_page,1,2025-05-31 14:03:18,39,0
session_3935,home,0,2025-02-24 23:18:43,39,0
session_3935,product_page,1,2025-02-24 23:19:04,21,5
session_3936,home,0,2025-04-28 06:12:43,144,0
session_3936,product_page,1,2025-04-28 06:14:14,91,0
session_3937,home,0,2025-08-26 20:01:55,134,0
session_3937,product_page,1,2025-08-26 20:03:57,122,0
session_3938,home,0,2025-08-19 17:27:16,166,0
session_3938,product_page,1,2025-08-19 17:27:46,30,0
session_3938,cart,2,2025-08-19 17:28:09,23,4
session_3938,checkout,3,2025-08-19 17:29:48,99,4
session_3938,confirmation,4,2025-08-19 17:30:55,67,0
session_3939,home,0,2025-03-21 10:37:34,42,0
session_3939,product_page,1,2025-03-21 10:38:34,60,0
session_3939,cart,2,2025-03-21 10:39:02,28,2
session_3940,home,0,2025-07-22 19:43:57,67,0
session_3940,product_page,1,2025-07-22 19:44:23,26,0
session_3941,home,0,2025-03-09 22:24:58,120,0
session_3941,product_page,1,2025-03-09 22:26:45,107,5
session_3942,home,0,2025-05-26 19:18:51,84,0
session_3942,product_page,1,2025-05-26 19:21:48,177,0
session_3942,cart,2,2025-05-26 19:23:12,84,2
session_3943,home,0,2025-04-03 21:22:29,73,0
session_3943,product_page,1,2025-04-03 21:23:33,64,1
session_3944,home,0,2025-03-25 08:17:06,152,0
session_3945,home,0,2025-08-25 22:41:52,154,0
session_3945,product_page,1,2025-08-25 22:43:50,118,0
session_3945,cart,2,2025-08-25 22:45:56,126,3
session_3946,home,0,2025-02-21 19:25:05,153,0
session_3946,product_page,1,2025-02-21 19:27:23,138,5
session_3946,cart,2,2025-02-21 19:27:48,25,5
session_3946,checkout,3,2025-02-21 19:28:04,16,5
session_3946,confirmation,4,2025-02-21 19:29:54,110,0
session_3947,home,0,2025-05-17 11:20:38,97,0
session_3947,product_page,1,2025-05-17 11:22:23,105,0
session_3948,home,0,2025-04-07 12:46:46,30,0
session_3949,home,0,2025-02-07 18:34:19,60,0
session_3949,product_page,1,2025-02-07 18:35:02,43,0
session_3949,cart,2,2025-02-07 18:36:50,108,2
session_3949,checkout,3,2025-02-07 18:37:13,23,2
session_3949,confirmation,4,2025-02-07 18:38:56,103,0
session_3950,home,0,2025-02-09 09:29:42,73,0
session_3950,product_page,1,2025-02-09 09:31:30,108,2
session_3951,home,0,2025-03-30 03:27:25,45,0
session_3951,product_page,1,2025-03-30 03:29:38,133,0
session_3952,home,0,2025-04-23 14:45:32,43,0
session_3952,product_page,1,2025-04-23 14:45:47,15,0
session_3952,cart,2,2025-04-23 14:46:50,63,0
session_3952,checkout,3,2025-04-23 14:48:51,121,3
session_3952,confirmation,4,2025-04-23 14:50:03,72,0
session_3953,home,0,2025-05-28 02:20:43,177,0
session_3953,product_page,1,2025-05-28 02:23:12,149,4
session_3954,home,0,2025-01-20 10:11:41,42,0
session_3955,home,0,2025-01-21 08:48:05,178,0
session_3955,product_page,1,2025-01-21 08:49:31,86,4
session_3955,cart,2,2025-01-21 08:50:42,71,4
session_3955,checkout,3,2025-01-21 08:51:39,57,4
session_3955,confirmation,4,2025-01-21 08:53:07,88,0
session_3956,home,0,2025-07-09 18:33:37,133,0
session_3956,product_page,1,2025-07-09 18:36:08,151,3
session_3956,cart,2,2025-07-09 18:36:26,18,3
session_3956,checkout,3,2025-07-09 18:38:49,143,3
session_3956,confirmation,4,2025-07-09 18:39:52,63,0
session_3957,home,0,2025-08-17 07:45:53,175,0
session_3957,product_page,1,2025-08-17 07:47:13,80,0
session_3957,cart,2,2025-08-17 07:49:30,137,4
session_3957,checkout,3,2025-08-17 07:52:18,168,4
session_3957,confirmation,4,2025-08-17 07:52:38,20,0
session_3958,home,0,2025-01-24 00:20:27,17,0
session_3958,product_page,1,2025-01-24 00:22:30,123,5
session_3958,cart,2,2025-01-24 00:24:07,97,5
session_3958,checkout,3,2025-01-24 00:26:41,154,5
session_3958,confirmation,4,2025-01-24 00:28:16,95,0
session_3959,home,0,2025-02-01 19:28:33,59,0
session_3959,product_page,1,2025-02-01 19:30:15,102,3
session_3960,home,0,2025-02-08 11:19:13,116,0
session_3960,product_page,1,2025-02-08 11:20:06,53,4
session_3960,cart,2,2025-02-08 11:22:02,116,4
session_3960,checkout,3,2025-02-08 11:23:24,82,4
session_3960,confirmation,4,2025-02-08 11:24:53,89,0
session_3961,home,0,2025-06-04 16:23:06,168,0
session_3961,product_page,1,2025-06-04 16:25:06,120,2
session_3962,home,0,2025-01-23 03:44:47,161,0
session_3962,product_page,1,2025-01-23 03:46:36,109,2
session_3963,home,0,2025-02-14 23:58:44,104,0
session_3964,home,0,2025-08-25 19:18:20,62,0
session_3965,home,0,2025-01-02 09:46:03,125,0
session_3965,product_page,1,2025-01-02 09:47:51,108,4
session_3966,home,0,2025-07-27 21:27:49,111,0
session_3966,product_page,1,2025-07-27 21:28:55,66,5
session_3967,home,0,2025-06-16 22:16:09,115,0
session_3967,product_page,1,2025-06-16 22:17:57,108,2
session_3968,home,0,2025-02-13 19:49:01,170,0
session_3968,product_page,1,2025-02-13 19:49:41,40,0
session_3969,home,0,2025-01-11 06:20:04,170,0
session_3969,product_page,1,2025-01-11 06:21:22,78,0
session_3970,home,0,2025-08-25 08:13:39,48,0
session_3970,product_page,1,2025-08-25 08:14:50,71,4
session_3971,home,0,2025-08-03 01:44:55,92,0
session_3971,product_page,1,2025-08-03 01:46:17,82,0
session_3972,home,0,2025-08-14 03:13:23,69,0
session_3973,home,0,2025-03-25 21:15:52,103,0
session_3973,product_page,1,2025-03-25 21:17:42,110,0
session_3973,cart,2,2025-03-25 21:18:27,45,0
session_3973,checkout,3,2025-03-25 21:19:00,33,3
session_3973,confirmation,4,2025-03-25 21:19:36,36,0
session_3974,home,0,2025-03-24 23:51:19,130,0
session_3974,product_page,1,2025-03-24 23:53:18,119,0
session_3975,home,0,2025-04-03 18:06:25,159,0
session_3975,product_page,1,2025-04-03 18:08:33,128,4
session_3976,home,0,2025-01-09 02:32:29,116,0
session_3976,product_page,1,2025-01-09 02:33:14,45,0
session_3977,home,0,2025-08-06 12:38:49,25,0
session_3977,product_page,1,2025-08-06 12:41:33,164,0
session_3978,home,0,2025-08-19 01:10:36,171,0
session_3978,product_page,1,2025-08-19 01:11:28,52,0
session_3978,cart,2,2025-08-19 01:11:51,23,0
session_3978,checkout,3,2025-08-19 01:14:49,178,3
session_3978,confirmation,4,2025-08-19 01:15:34,45,0
session_3979,home,0,2025-04-04 10:44:08,159,0
session_3979,product_page,1,2025-04-04 10:45:25,77,0
session_3980,home,0,2025-07-20 18:13:59,135,0
session_3981,home,0,2025-05-11 22:50:34,107,0
session_3982,home,0,2025-05-08 16:10:45,169,0
session_3982,product_page,1,2025-05-08 16:12:28,103,4
session_3983,home,0,2025-07-08 17:25:31,115,0
session_3983,product_page,1,2025-07-08 17:26:10,39,3
session_3984,home,0,2025-08-30 18:56:52,59,0
session_3984,product_page,1,2025-08-30 18:58:53,121,5
session_3985,home,0,2025-07-09 08:02:39,121,0
session_3985,product_page,1,2025-07-09 08:03:41,62,3
session_3985,cart,2,2025-07-09 08:05:15,94,3
session_3985,checkout,3,2025-07-09 08:05:48,33,3
session_3985,confirmation,4,2025-07-09 08:07:12,84,0
session_3986,home,0,2025-01-15 09:01:46,180,0
session_3986,product_page,1,2025-01-15 09:03:50,124,5
session_3987,home,0,2025-01-08 16:47:12,27,0
session_3987,product_page,1,2025-01-08 16:48:25,73,4
session_3988,home,0,2025-05-29 13:19:44,116,0
session_3988,product_page,1,2025-05-29 13:20:40,56,3
session_3988,cart,2,2025-05-29 13:21:28,48,3
session_3988,checkout,3,2025-05-29 13:22:57,89,3
session_3988,confirmation,4,2025-05-29 13:23:55,58,0
session_3989,home,0,2025-05-12 17:57:05,30,0
session_3989,product_page,1,2025-05-12 17:59:21,136,3
session_3990,home,0,2025-02-19 19:31:26,42,0
session_3990,product_page,1,2025-02-19 19:33:18,112,3
session_3990,cart,2,2025-02-19 19:35:33,135,3
session_3991,home,0,2025-05-01 05:45:54,162,0
session_3991,product_page,1,2025-05-01 05:47:40,106,0
session_3992,home,0,2025-06-18 10:52:19,171,0
session_3992,product_page,1,2025-06-18 10:53:57,98,0
session_3992,cart,2,2025-06-18 10:56:47,170,2
session_3992,checkout,3,2025-06-18 10:58:53,126,2
session_3992,confirmation,4,2025-06-18 10:59:48,55,0
session_3993,home,0,2025-01-27 23:31:21,29,0
session_3993,product_page,1,2025-01-27 23:31:38,17,3
session_3994,home,0,2025-03-21 20:38:11,25,0
session_3994,product_page,1,2025-03-21 20:40:29,138,2
session_3994,cart,2,2025-03-21 20:42:03,94,2
session_3994,checkout,3,2025-03-21 20:44:46,163,2
session_3994,confirmation,4,2025-03-21 20:45:59,73,0
session_3995,home,0,2025-04-26 13:15:56,86,0
session_3995,product_page,1,2025-04-26 13:18:14,138,3
session_3996,home,0,2025-08-08 05:08:25,77,0
session_3997,home,0,2025-04-05 21:06:27,172,0
session_3997,product_page,1,2025-04-05 21:09:11,164,4
session_3998,home,0,2025-08-01 02:35:17,20,0
session_3998,product_page,1,2025-08-01 02:36:08,51,0
session_3999,home,0,2025-08-16 08:55:09,126,0
session_3999,product_page,1,2025-08-16 08:56:51,102,3
session_4000,home,0,2025-02-06 02:01:45,52,0
session_4001,home,0,2025-05-22 06:16:06,122,0
session_4002,home,0,2025-05-22 09:00:30,71,0
session_4002,product_page,1,2025-05-22 09:03:23,173,2
session_4003,home,0,2025-02-03 01:58:11,154,0
session_4003,product_page,1,2025-02-03 01:59:55,104,3
session_4004,home,0,2025-06-20 04:16:10,32,0
session_4004,product_page,1,2025-06-20 04:18:46,156,3
session_4004,cart,2,2025-06-20 04:21:30,164,3
session_4004,checkout,3,2025-06-20 04:22:32,62,3
session_4004,confirmation,4,2025-06-20 04:22:49,17,0
session_4005,home,0,2025-04-25 03:18:43,122,0
session_4006,home,0,2025-02-25 21:45:05,133,0
session_4006,product_page,1,2025-02-25 21:47:40,155,4
session_4006,cart,2,2025-02-25 21:49:35,115,4
session_4006,checkout,3,2025-02-25 21:52:16,161,4
session_4007,home,0,2025-02-28 15:34:45,47,0
session_4007,product_page,1,2025-02-28 15:37:07,142,2
session_4007,cart,2,2025-02-28 15:39:36,149,2
session_4007,checkout,3,2025-02-28 15:41:41,125,2
session_4007,confirmation,4,2025-02-28 15:44:13,152,0
session_4008,home,0,2025-01-08 05:10:22,20,0
session_4008,product_page,1,2025-01-08 05:10:37,15,3
session_4009,home,0,2025-07-05 08:14:42,80,0
session_4009,product_page,1,2025-07-05 08:16:59,137,3
session_4010,home,0,2025-01-09 01:23:02,17,0
session_4010,product_page,1,2025-01-09 01:25:29,147,4
session_4010,cart,2,2025-01-09 01:25:45,16,4
session_4011,home,0,2025-02-07 09:16:56,41,0
session_4012,home,0,2025-02-26 11:09:54,154,0
session_4012,product_page,1,2025-02-26 11:11:34,100,1
session_4013,home,0,2025-06-02 12:17:04,159,0
session_4014,home,0,2025-04-15 10:33:19,57,0
session_4014,product_page,1,2025-04-15 10:36:03,164,4
session_4014,cart,2,2025-04-15 10:38:30,147,4
session_4014,checkout,3,2025-04-15 10:41:06,156,4
session_4014,confirmation,4,2025-04-15 10:42:53,107,0
session_4015,home,0,2025-02-17 23:39:02,141,0
session_4015,product_page,1,2025-02-17 23:40:44,102,0
session_4016,home,0,2025-01-13 09:08:30,115,0
session_4017,home,0,2025-05-18 16:14:26,179,0
session_4017,product_page,1,2025-05-18 16:16:00,94,0
session_4018,home,0,2025-03-16 21:42:39,69,0
session_4019,home,0,2025-05-12 10:57:42,46,0
session_4019,product_page,1,2025-05-12 11:00:06,144,0
session_4020,home,0,2025-05-13 09:22:55,176,0
session_4020,product_page,1,2025-05-13 09:25:07,132,1
session_4021,home,0,2025-04-02 10:40:45,98,0
session_4021,product_page,1,2025-04-02 10:41:59,74,5
session_4022,home,0,2025-03-31 00:52:01,93,0
session_4022,product_page,1,2025-03-31 00:53:59,118,0
session_4023,home,0,2025-03-29 23:14:25,163,0
session_4023,product_page,1,2025-03-29 23:16:07,102,0
session_4023,cart,2,2025-03-29 23:17:10,63,5
session_4023,checkout,3,2025-03-29 23:19:37,147,5
session_4023,confirmation,4,2025-03-29 23:21:29,112,0
session_4024,home,0,2025-08-07 08:09:22,99,0
session_4024,product_page,1,2025-08-07 08:12:15,173,4
session_4024,cart,2,2025-08-07 08:13:12,57,4
session_4024,checkout,3,2025-08-07 08:16:05,173,4
session_4024,confirmation,4,2025-08-07 08:17:49,104,0
session_4025,home,0,2025-01-16 03:42:53,15,0
session_4025,product_page,1,2025-01-16 03:43:46,53,0
session_4025,cart,2,2025-01-16 03:44:08,22,4
session_4025,checkout,3,2025-01-16 03:46:49,161,4
session_4025,confirmation,4,2025-01-16 03:47:19,30,0
session_4026,home,0,2025-07-25 15:39:18,49,0
session_4026,product_page,1,2025-07-25 15:41:13,115,4
session_4026,cart,2,2025-07-25 15:42:10,57,4
session_4026,checkout,3,2025-07-25 15:42:27,17,4
session_4026,confirmation,4,2025-07-25 15:43:22,55,0
session_4027,home,0,2025-06-13 12:31:55,178,0
session_4027,product_page,1,2025-06-13 12:34:24,149,4
session_4028,home,0,2025-08-25 02:46:01,128,0
session_4028,product_page,1,2025-08-25 02:48:40,159,3
session_4029,home,0,2025-07-28 00:49:45,110,0
session_4029,product_page,1,2025-07-28 00:51:53,128,0
session_4030,home,0,2025-02-09 16:01:41,168,0
session_4030,product_page,1,2025-02-09 16:02:42,61,5
session_4030,cart,2,2025-02-09 16:03:53,71,5
session_4030,checkout,3,2025-02-09 16:04:20,27,5
session_4030,confirmation,4,2025-02-09 16:05:56,96,0
session_4031,home,0,2025-03-20 06:32:23,27,0
session_4031,product_page,1,2025-03-20 06:35:03,160,1
session_4032,home,0,2025-06-09 01:24:59,151,0
session_4032,product_page,1,2025-06-09 01:27:37,158,5
session_4033,home,0,2025-03-08 22:09:15,136,0
session_4034,home,0,2025-08-09 14:46:44,76,0
session_4034,product_page,1,2025-08-09 14:48:59,135,3
session_4035,home,0,2025-04-14 03:15:57,151,0
session_4035,product_page,1,2025-04-14 03:16:24,27,3
session_4035,cart,2,2025-04-14 03:16:53,29,3
session_4035,checkout,3,2025-04-14 03:18:00,67,3
session_4035,confirmation,4,2025-04-14 03:19:25,85,0
session_4036,home,0,2025-01-10 20:12:28,67,0
session_4036,product_page,1,2025-01-10 20:14:11,103,5
session_4037,home,0,2025-07-02 01:45:14,35,0
session_4037,product_page,1,2025-07-02 01:45:34,20,0
session_4038,home,0,2025-02-23 13:56:00,23,0
session_4038,product_page,1,2025-02-23 13:58:53,173,0
session_4038,cart,2,2025-02-23 13:59:15,22,5
session_4039,home,0,2025-07-03 13:50:07,111,0
session_4039,product_page,1,2025-07-03 13:51:30,83,3
session_4040,home,0,2025-04-06 02:05:28,88,0
session_4040,product_page,1,2025-04-06 02:08:12,164,5
session_4041,home,0,2025-05-18 20:06:05,156,0
session_4041,product_page,1,2025-05-18 20:07:27,82,3
session_4041,cart,2,2025-05-18 20:08:29,62,3
session_4041,checkout,3,2025-05-18 20:09:09,40,3
session_4041,confirmation,4,2025-05-18 20:11:05,116,0
session_4042,home,0,2025-02-17 15:24:55,110,0
session_4042,product_page,1,2025-02-17 15:26:06,71,3
session_4042,cart,2,2025-02-17 15:27:52,106,3
session_4042,checkout,3,2025-02-17 15:29:23,91,3
session_4042,confirmation,4,2025-02-17 15:31:53,150,0
session_4043,home,0,2025-06-03 13:52:45,39,0
session_4043,product_page,1,2025-06-03 13:53:36,51,0
session_4043,cart,2,2025-06-03 13:55:30,114,2
session_4043,checkout,3,2025-06-03 13:56:30,60,2
session_4043,confirmation,4,2025-06-03 13:57:12,42,0
session_4044,home,0,2025-02-18 05:55:54,61,0
session_4044,product_page,1,2025-02-18 05:56:56,62,2
session_4044,cart,2,2025-02-18 05:59:38,162,2
session_4044,checkout,3,2025-02-18 06:00:19,41,2
session_4044,confirmation,4,2025-02-18 06:00:44,25,0
session_4045,home,0,2025-04-30 15:57:07,17,0
session_4045,product_page,1,2025-04-30 15:57:56,49,3
session_4046,home,0,2025-05-12 02:52:51,108,0
session_4046,product_page,1,2025-05-12 02:53:30,39,0
session_4047,home,0,2025-08-21 10:53:12,149,0
session_4047,product_page,1,2025-08-21 10:54:38,86,2
session_4048,home,0,2025-03-28 08:09:25,86,0
session_4048,product_page,1,2025-03-28 08:12:00,155,4
session_4048,cart,2,2025-03-28 08:12:24,24,4
session_4049,home,0,2025-07-10 14:03:26,124,0
session_4050,home,0,2025-03-12 16:07:02,29,0
session_4050,product_page,1,2025-03-12 16:09:22,140,3
session_4050,cart,2,2025-03-12 16:10:16,54,3
session_4050,checkout,3,2025-03-12 16:13:14,178,3
session_4050,confirmation,4,2025-03-12 16:16:05,171,0
session_4051,home,0,2025-05-12 05:12:43,43,0
session_4051,product_page,1,2025-05-12 05:14:51,128,0
session_4052,home,0,2025-01-27 11:43:19,52,0
session_4053,home,0,2025-07-19 20:59:42,31,0
session_4053,product_page,1,2025-07-19 20:59:58,16,5
session_4053,cart,2,2025-07-19 21:02:17,139,5
session_4053,checkout,3,2025-07-19 21:04:06,109,5
session_4053,confirmation,4,2025-07-19 21:05:50,104,0
session_4054,home,0,2025-05-27 22:56:03,131,0
session_4055,home,0,2025-04-01 23:58:24,117,0
session_4055,product_page,1,2025-04-02 00:00:56,152,4
session_4056,home,0,2025-04-04 14:14:26,74,0
session_4056,product_page,1,2025-04-04 14:14:59,33,0
session_4056,cart,2,2025-04-04 14:16:28,89,0
session_4056,checkout,3,2025-04-04 14:18:37,129,3
session_4056,confirmation,4,2025-04-04 14:19:40,63,0
session_4057,home,0,2025-03-26 06:31:21,23,0
session_4058,home,0,2025-07-25 01:18:41,28,0
session_4058,product_page,1,2025-07-25 01:21:20,159,4
session_4059,home,0,2025-01-01 05:13:22,98,0
session_4059,product_page,1,2025-01-01 05:15:59,157,4
session_4060,home,0,2025-01-22 20:42:34,82,0
session_4060,product_page,1,2025-01-22 20:44:49,135,3
session_4061,home,0,2025-01-23 22:39:33,50,0
session_4061,product_page,1,2025-01-23 22:39:51,18,0
session_4061,cart,2,2025-01-23 22:41:09,78,0
session_4062,home,0,2025-07-28 00:28:46,56,0
session_4062,product_page,1,2025-07-28 00:31:36,170,0
session_4063,home,0,2025-04-27 17:12:19,145,0
session_4063,product_page,1,2025-04-27 17:12:44,25,0
session_4064,home,0,2025-06-10 02:53:32,103,0
session_4064,product_page,1,2025-06-10 02:55:07,95,0
session_4064,cart,2,2025-06-10 02:55:53,46,5
session_4064,checkout,3,2025-06-10 02:58:24,151,5
session_4064,confirmation,4,2025-06-10 02:58:58,34,0
session_4065,home,0,2025-01-16 12:54:40,101,0
session_4065,product_page,1,2025-01-16 12:56:00,80,0
session_4066,home,0,2025-06-19 02:47:52,104,0
session_4067,home,0,2025-06-11 04:04:28,90,0
session_4067,product_page,1,2025-06-11 04:05:36,68,1
session_4068,home,0,2025-03-02 20:21:10,129,0
session_4069,home,0,2025-07-01 21:02:29,79,0
session_4069,product_page,1,2025-07-01 21:03:08,39,0
session_4070,home,0,2025-01-07 13:54:40,79,0
session_4070,product_page,1,2025-01-07 13:55:18,38,0
session_4070,cart,2,2025-01-07 13:57:42,144,4
session_4070,checkout,3,2025-01-07 14:00:31,169,4
session_4070,confirmation,4,2025-01-07 14:03:16,165,0
session_4071,home,0,2025-05-31 05:28:19,101,0
session_4072,home,0,2025-02-23 15:48:06,128,0
session_4073,home,0,2025-08-19 22:20:28,151,0
session_4074,home,0,2025-06-15 01:56:12,86,0
session_4074,product_page,1,2025-06-15 01:58:02,110,0
session_4074,cart,2,2025-06-15 01:59:50,108,0
session_4074,checkout,3,2025-06-15 02:01:46,116,3
session_4074,confirmation,4,2025-06-15 02:02:25,39,0
session_4075,home,0,2025-05-03 20:31:47,20,0
session_4075,product_page,1,2025-05-03 20:34:38,171,2
session_4075,cart,2,2025-05-03 20:36:46,128,2
session_4076,home,0,2025-04-21 13:56:12,51,0
session_4076,product_page,1,2025-04-21 13:58:25,133,0
session_4077,home,0,2025-06-29 20:35:48,136,0
session_4077,product_page,1,2025-06-29 20:38:15,147,1
session_4078,home,0,2025-01-08 21:57:42,65,0
session_4078,product_page,1,2025-01-08 22:00:20,158,1
session_4078,cart,2,2025-01-08 22:02:10,110,1
session_4079,home,0,2025-08-13 09:13:49,18,0
session_4079,product_page,1,2025-08-13 09:15:45,116,5
session_4080,home,0,2025-03-23 11:50:46,16,0
session_4080,product_page,1,2025-03-23 11:53:18,152,0
session_4080,cart,2,2025-03-23 11:54:15,57,4
session_4080,checkout,3,2025-03-23 11:57:11,176,4
session_4080,confirmation,4,2025-03-23 11:58:27,76,0
session_4081,home,0,2025-06-01 20:31:11,170,0
session_4082,home,0,2025-02-22 13:37:25,84,0
session_4082,product_page,1,2025-02-22 13:37:52,27,3
session_4083,home,0,2025-06-24 07:14:28,46,0
session_4083,product_page,1,2025-06-24 07:15:16,48,0
session_4084,home,0,2025-04-05 19:35:26,94,0
session_4084,product_page,1,2025-04-05 19:38:13,167,2
session_4085,home,0,2025-05-15 11:05:31,179,0
session_4085,product_page,1,2025-05-15 11:05:48,17,5
session_4085,cart,2,2025-05-15 11:07:03,75,5
session_4085,checkout,3,2025-05-15 11:08:15,72,5
session_4085,confirmation,4,2025-05-15 11:11:05,170,0
session_4086,home,0,2025-08-18 16:01:05,128,0
session_4086,product_page,1,2025-08-18 16:01:36,31,0
session_4086,cart,2,2025-08-18 16:04:28,172,5
session_4086,checkout,3,2025-08-18 16:05:18,50,5
session_4086,confirmation,4,2025-08-18 16:07:42,144,0
session_4087,home,0,2025-03-08 12:43:22,79,0
session_4088,home,0,2025-07-28 08:31:31,179,0
session_4088,product_page,1,2025-07-28 08:31:57,26,1
session_4089,home,0,2025-02-27 14:53:58,127,0
session_4089,product_page,1,2025-02-27 14:55:42,104,1
session_4090,home,0,2025-04-17 11:41:09,160,0
session_4091,home,0,2025-08-07 17:18:31,118,0
session_4091,product_page,1,2025-08-07 17:19:25,54,0
session_4092,home,0,2025-07-17 06:55:14,61,0
session_4092,product_page,1,2025-07-17 06:57:01,107,0
session_4092,cart,2,2025-07-17 06:58:47,106,0
session_4093,home,0,2025-08-11 03:13:05,140,0
session_4093,product_page,1,2025-08-11 03:14:32,87,1
session_4094,home,0,2025-01-20 23:17:58,151,0
session_4094,product_page,1,2025-01-20 23:18:13,15,0
session_4095,home,0,2025-03-30 21:06:20,69,0
session_4095,product_page,1,2025-03-30 21:07:01,41,0
session_4096,home,0,2025-08-11 15:57:11,96,0
session_4096,product_page,1,2025-08-11 15:59:28,137,4
session_4097,home,0,2025-02-06 02:46:31,126,0
session_4097,product_page,1,2025-02-06 02:47:08,37,3
session_4098,home,0,2025-06-25 00:51:40,72,0
session_4098,product_page,1,2025-06-25 00:53:49,129,0
session_4098,cart,2,2025-06-25 00:54:16,27,5
session_4099,home,0,2025-01-20 04:49:41,35,0
session_4100,home,0,2025-01-24 15:05:24,171,0
session_4100,product_page,1,2025-01-24 15:05:46,22,1
session_4100,cart,2,2025-01-24 15:06:44,58,1
session_4101,home,0,2025-02-27 18:17:29,157,0
session_4101,product_page,1,2025-02-27 18:19:18,109,1
session_4102,home,0,2025-02-26 15:46:07,30,0
session_4102,product_page,1,2025-02-26 15:48:09,122,3
session_4103,home,0,2025-01-23 04:19:11,75,0
session_4103,product_page,1,2025-01-23 04:20:05,54,0
session_4103,cart,2,2025-01-23 04:21:27,82,4
session_4103,checkout,3,2025-01-23 04:23:30,123,4
session_4103,confirmation,4,2025-01-23 04:25:19,109,0
session_4104,home,0,2025-08-27 18:28:16,167,0
session_4105,home,0,2025-03-04 06:15:49,111,0
session_4105,product_page,1,2025-03-04 06:18:17,148,0
session_4106,home,0,2025-02-08 07:44:45,19,0
session_4107,home,0,2025-06-21 21:50:32,58,0
session_4107,product_page,1,2025-06-21 21:51:24,52,0
session_4107,cart,2,2025-06-21 21:51:44,20,4
session_4107,checkout,3,2025-06-21 21:53:31,107,4
session_4107,confirmation,4,2025-06-21 21:54:13,42,0
session_4108,home,0,2025-08-28 06:29:42,149,0
session_4108,product_page,1,2025-08-28 06:31:05,83,0
session_4109,home,0,2025-02-25 18:24:08,151,0
session_4109,product_page,1,2025-02-25 18:26:32,144,3
session_4109,cart,2,2025-02-25 18:27:31,59,3
session_4109,checkout,3,2025-02-25 18:29:57,146,3
session_4109,confirmation,4,2025-02-25 18:31:16,79,0
session_4110,home,0,2025-05-22 16:42:37,120,0
session_4110,product_page,1,2025-05-22 16:43:48,71,2
session_4110,cart,2,2025-05-22 16:45:26,98,2
session_4110,checkout,3,2025-05-22 16:46:02,36,2
session_4110,confirmation,4,2025-05-22 16:47:28,86,0
session_4111,home,0,2025-07-06 22:26:07,153,0
session_4111,product_page,1,2025-07-06 22:28:51,164,1
session_4111,cart,2,2025-07-06 22:29:39,48,1
session_4111,checkout,3,2025-07-06 22:32:20,161,1
session_4111,confirmation,4,2025-07-06 22:34:47,147,0
session_4112,home,0,2025-02-13 18:37:56,125,0
session_4113,home,0,2025-02-14 22:17:34,93,0
session_4113,product_page,1,2025-02-14 22:18:43,69,5
session_4114,home,0,2025-07-07 00:58:19,112,0
session_4114,product_page,1,2025-07-07 01:00:57,158,3
session_4114,cart,2,2025-07-07 01:03:14,137,3
session_4114,checkout,3,2025-07-07 01:05:41,147,3
session_4114,confirmation,4,2025-07-07 01:06:20,39,0
session_4115,home,0,2025-03-04 06:46:38,164,0
session_4115,product_page,1,2025-03-04 06:49:30,172,0
session_4115,cart,2,2025-03-04 06:51:59,149,0
session_4115,checkout,3,2025-03-04 06:53:02,63,3
session_4115,confirmation,4,2025-03-04 06:55:34,152,0
session_4116,home,0,2025-08-13 00:24:25,177,0
session_4116,product_page,1,2025-08-13 00:26:01,96,0
session_4117,home,0,2025-06-16 13:44:48,21,0
session_4117,product_page,1,2025-06-16 13:47:40,172,3
session_4117,cart,2,2025-06-16 13:50:23,163,3
session_4118,home,0,2025-08-14 10:59:49,105,0
session_4119,home,0,2025-01-17 01:52:16,150,0
session_4119,product_page,1,2025-01-17 01:54:28,132,3
session_4120,home,0,2025-07-26 06:40:16,120,0
session_4121,home,0,2025-03-05 11:50:17,102,0
session_4122,home,0,2025-02-22 03:38:42,70,0
session_4122,product_page,1,2025-02-22 03:40:47,125,4
session_4122,cart,2,2025-02-22 03:41:22,35,4
session_4123,home,0,2025-02-23 10:16:25,81,0
session_4123,product_page,1,2025-02-23 10:18:27,122,3
session_4124,home,0,2025-05-31 19:05:21,141,0
session_4124,product_page,1,2025-05-31 19:06:56,95,0
session_4125,home,0,2025-03-27 17:53:51,15,0
session_4125,product_page,1,2025-03-27 17:56:48,177,0
session_4126,home,0,2025-03-27 17:35:43,37,0
session_4126,product_page,1,2025-03-27 17:37:49,126,3
session_4127,home,0,2025-07-01 12:07:05,94,0
session_4127,product_page,1,2025-07-01 12:09:43,158,5
session_4127,cart,2,2025-07-01 12:10:13,30,5
session_4127,checkout,3,2025-07-01 12:12:10,117,5
session_4128,home,0,2025-05-04 16:04:04,171,0
session_4128,product_page,1,2025-05-04 16:06:38,154,3
session_4128,cart,2,2025-05-04 16:06:58,20,3
session_4128,checkout,3,2025-05-04 16:08:01,63,3
session_4128,confirmation,4,2025-05-04 16:10:57,176,0
session_4129,home,0,2025-08-04 07:41:27,99,0
session_4129,product_page,1,2025-08-04 07:43:16,109,5
session_4129,cart,2,2025-08-04 07:46:13,177,5
session_4129,checkout,3,2025-08-04 07:46:37,24,5
session_4129,confirmation,4,2025-08-04 07:48:01,84,0
session_4130,home,0,2025-01-09 05:37:07,47,0
session_4130,product_page,1,2025-01-09 05:39:53,166,0
session_4131,home,0,2025-06-30 20:56:16,97,0
session_4131,product_page,1,2025-06-30 20:58:14,118,0
session_4132,home,0,2025-06-11 14:27:02,81,0
session_4132,product_page,1,2025-06-11 14:27:45,43,5
session_4133,home,0,2025-05-09 15:25:11,46,0
session_4133,product_page,1,2025-05-09 15:27:01,110,4
session_4133,cart,2,2025-05-09 15:27:21,20,4
session_4133,checkout,3,2025-05-09 15:28:12,51,4
session_4133,confirmation,4,2025-05-09 15:29:54,102,0
session_4134,home,0,2025-01-22 22:16:11,16,0
session_4134,product_page,1,2025-01-22 22:16:41,30,5
session_4135,home,0,2025-05-14 08:16:01,36,0
session_4135,product_page,1,2025-05-14 08:18:11,130,4
session_4135,cart,2,2025-05-14 08:21:09,178,4
session_4135,checkout,3,2025-05-14 08:22:14,65,4
session_4135,confirmation,4,2025-05-14 08:22:40,26,0
session_4136,home,0,2025-02-26 19:44:41,87,0
session_4136,product_page,1,2025-02-26 19:46:17,96,0
session_4137,home,0,2025-02-19 07:16:10,125,0
session_4138,home,0,2025-01-14 00:55:15,34,0
session_4138,product_page,1,2025-01-14 00:56:33,78,0
session_4138,cart,2,2025-01-14 00:57:42,69,5
session_4138,checkout,3,2025-01-14 00:59:19,97,5
session_4138,confirmation,4,2025-01-14 01:02:10,171,0
session_4139,home,0,2025-08-13 10:41:18,143,0
session_4139,product_page,1,2025-08-13 10:44:13,175,0
session_4140,home,0,2025-04-05 10:21:17,107,0
session_4140,product_page,1,2025-04-05 10:22:19,62,0
session_4140,cart,2,2025-04-05 10:24:48,149,0
session_4141,home,0,2025-02-21 22:22:07,26,0
session_4141,product_page,1,2025-02-21 22:24:39,152,0
session_4142,home,0,2025-05-11 06:12:31,128,0
session_4142,product_page,1,2025-05-11 06:12:58,27,0
session_4143,home,0,2025-06-17 11:32:01,47,0
session_4143,product_page,1,2025-06-17 11:34:21,140,0
session_4144,home,0,2025-04-24 08:29:54,76,0
session_4144,product_page,1,2025-04-24 08:32:49,175,3
session_4145,home,0,2025-01-15 00:17:09,66,0
session_4145,product_page,1,2025-01-15 00:18:28,79,0
session_4145,cart,2,2025-01-15 00:20:43,135,2
session_4145,checkout,3,2025-01-15 00:21:47,64,2
session_4145,confirmation,4,2025-01-15 00:22:05,18,0
session_4146,home,0,2025-02-05 05:41:14,22,0
session_4146,product_page,1,2025-02-05 05:41:54,40,0
session_4146,cart,2,2025-02-05 05:44:00,126,3
session_4146,checkout,3,2025-02-05 05:46:18,138,3
session_4146,confirmation,4,2025-02-05 05:47:33,75,0
session_4147,home,0,2025-02-26 00:26:24,82,0
session_4147,product_page,1,2025-02-26 00:27:48,84,4
session_4147,cart,2,2025-02-26 00:28:42,54,4
session_4148,home,0,2025-05-06 19:15:18,168,0
session_4149,home,0,2025-07-20 20:00:19,42,0
session_4150,home,0,2025-06-12 08:00:54,147,0
session_4150,product_page,1,2025-06-12 08:03:04,130,3
session_4151,home,0,2025-04-20 02:39:17,169,0
session_4152,home,0,2025-07-19 21:46:06,99,0
session_4152,product_page,1,2025-07-19 21:47:37,91,4
session_4153,home,0,2025-04-07 06:57:02,53,0
session_4153,product_page,1,2025-04-07 06:57:41,39,1
session_4154,home,0,2025-02-25 06:41:40,47,0
session_4154,product_page,1,2025-02-25 06:42:56,76,4
session_4155,home,0,2025-04-28 11:35:45,33,0
session_4156,home,0,2025-03-06 10:19:27,116,0
session_4157,home,0,2025-01-03 17:06:43,160,0
session_4157,product_page,1,2025-01-03 17:08:24,101,0
session_4158,home,0,2025-07-16 19:42:17,20,0
session_4158,product_page,1,2025-07-16 19:44:05,108,0
session_4159,home,0,2025-05-01 05:45:30,95,0
session_4159,product_page,1,2025-05-01 05:46:44,74,4
session_4159,cart,2,2025-05-01 05:48:13,89,4
session_4160,home,0,2025-07-16 12:38:34,79,0
session_4160,product_page,1,2025-07-16 12:39:06,32,1
session_4161,home,0,2025-08-30 21:47:18,131,0
session_4161,product_page,1,2025-08-30 21:50:02,164,5
session_4162,home,0,2025-07-26 17:22:21,89,0
session_4163,home,0,2025-07-12 04:02:24,86,0
session_4163,product_page,1,2025-07-12 04:03:45,81,0
session_4164,home,0,2025-05-11 01:54:11,130,0
session_4164,product_page,1,2025-05-11 01:55:53,102,0
session_4165,home,0,2025-08-21 07:36:24,27,0
session_4166,home,0,2025-06-04 19:05:50,118,0
session_4166,product_page,1,2025-06-04 19:08:40,170,0
session_4167,home,0,2025-05-21 16:32:42,68,0
session_4167,product_page,1,2025-05-21 16:34:14,92,4
session_4168,home,0,2025-07-04 18:51:21,69,0
session_4168,product_page,1,2025-07-04 18:52:56,95,5
session_4169,home,0,2025-07-22 01:10:29,141,0
session_4169,product_page,1,2025-07-22 01:12:26,117,3
session_4169,cart,2,2025-07-22 01:13:36,70,3
session_4169,checkout,3,2025-07-22 01:15:02,86,3
session_4169,confirmation,4,2025-07-22 01:15:53,51,0
session_4170,home,0,2025-06-13 05:38:22,145,0
session_4170,product_page,1,2025-06-13 05:40:08,106,0
session_4170,cart,2,2025-06-13 05:40:27,19,0
session_4170,checkout,3,2025-06-13 05:42:51,144,3
session_4170,confirmation,4,2025-06-13 05:44:55,124,0
session_4171,home,0,2025-03-09 22:00:04,27,0
session_4171,product_page,1,2025-03-09 22:00:49,45,5
session_4171,cart,2,2025-03-09 22:03:48,179,5
session_4172,home,0,2025-04-06 00:47:52,72,0
session_4172,product_page,1,2025-04-06 00:49:19,87,0
session_4172,cart,2,2025-04-06 00:51:03,104,1
session_4172,checkout,3,2025-04-06 00:53:08,125,1
session_4172,confirmation,4,2025-04-06 00:53:23,15,0
session_4173,home,0,2025-03-01 22:19:38,94,0
session_4173,product_page,1,2025-03-01 22:21:00,82,4
session_4173,cart,2,2025-03-01 22:21:38,38,4
session_4173,checkout,3,2025-03-01 22:22:01,23,4
session_4173,confirmation,4,2025-03-01 22:23:57,116,0
session_4174,home,0,2025-03-08 22:20:01,100,0
session_4174,product_page,1,2025-03-08 22:21:48,107,0
session_4175,home,0,2025-02-24 04:34:48,172,0
session_4175,product_page,1,2025-02-24 04:35:47,59,2
session_4176,home,0,2025-03-12 18:02:58,80,0
session_4176,product_page,1,2025-03-12 18:05:28,150,2
session_4176,cart,2,2025-03-12 18:07:27,119,2
session_4177,home,0,2025-05-24 02:37:12,34,0
session_4177,product_page,1,2025-05-24 02:38:06,54,0
session_4178,home,0,2025-05-29 00:45:56,29,0
session_4178,product_page,1,2025-05-29 00:47:40,104,0
session_4179,home,0,2025-03-29 12:42:45,125,0
session_4180,home,0,2025-02-01 17:55:33,34,0
session_4181,home,0,2025-07-03 19:13:57,160,0
session_4181,product_page,1,2025-07-03 19:15:23,86,2
session_4181,cart,2,2025-07-03 19:17:55,152,2
session_4182,home,0,2025-01-25 00:20:12,171,0
session_4182,product_page,1,2025-01-25 00:20:41,29,4
session_4182,cart,2,2025-01-25 00:22:45,124,4
session_4183,home,0,2025-05-24 15:39:34,83,0
session_4183,product_page,1,2025-05-24 15:40:13,39,2
session_4183,cart,2,2025-05-24 15:42:54,161,2
session_4183,checkout,3,2025-05-24 15:45:07,133,2
session_4183,confirmation,4,2025-05-24 15:46:41,94,0
session_4184,home,0,2025-08-09 02:52:44,106,0
session_4185,home,0,2025-07-25 14:41:52,101,0
session_4185,product_page,1,2025-07-25 14:42:09,17,3
session_4186,home,0,2025-01-08 08:20:45,72,0
session_4186,product_page,1,2025-01-08 08:22:06,81,0
session_4187,home,0,2025-01-08 22:25:45,86,0
session_4188,home,0,2025-03-06 23:56:56,39,0
session_4188,product_page,1,2025-03-06 23:58:09,73,1
session_4189,home,0,2025-05-21 14:41:08,136,0
session_4189,product_page,1,2025-05-21 14:42:08,60,0
session_4190,home,0,2025-01-31 16:54:01,124,0
session_4190,product_page,1,2025-01-31 16:56:29,148,2
session_4190,cart,2,2025-01-31 16:59:01,152,2
session_4190,checkout,3,2025-01-31 17:00:46,105,2
session_4190,confirmation,4,2025-01-31 17:02:42,116,0
session_4191,home,0,2025-03-05 19:39:18,128,0
session_4191,product_page,1,2025-03-05 19:39:44,26,4
session_4192,home,0,2025-08-13 07:17:08,110,0
session_4192,product_page,1,2025-08-13 07:19:43,155,3
session_4193,home,0,2025-04-04 22:42:04,98,0
session_4193,product_page,1,2025-04-04 22:43:01,57,0
session_4194,home,0,2025-07-02 13:45:32,134,0
session_4195,home,0,2025-04-18 23:45:29,122,0
session_4195,product_page,1,2025-04-18 23:46:53,84,2
session_4196,home,0,2025-03-30 19:18:06,48,0
session_4196,product_page,1,2025-03-30 19:19:53,107,1
session_4196,cart,2,2025-03-30 19:22:49,176,1
session_4197,home,0,2025-02-25 22:18:27,149,0
session_4198,home,0,2025-07-24 10:03:18,116,0
session_4198,product_page,1,2025-07-24 10:05:35,137,0
session_4199,home,0,2025-03-03 02:50:21,26,0
session_4199,product_page,1,2025-03-03 02:51:02,41,0
session_4200,home,0,2025-06-09 23:59:13,161,0
session_4201,home,0,2025-01-17 12:27:25,117,0
session_4201,product_page,1,2025-01-17 12:30:10,165,2
session_4202,home,0,2025-04-17 08:16:50,85,0
session_4202,product_page,1,2025-04-17 08:17:12,22,0
session_4202,cart,2,2025-04-17 08:18:26,74,5
session_4202,checkout,3,2025-04-17 08:18:51,25,5
session_4202,confirmation,4,2025-04-17 08:20:30,99,0
session_4203,home,0,2025-02-01 07:55:16,84,0
session_4203,product_page,1,2025-02-01 07:55:57,41,1
session_4203,cart,2,2025-02-01 07:57:07,70,1
session_4203,checkout,3,2025-02-01 08:00:02,175,1
session_4203,confirmation,4,2025-02-01 08:00:49,47,0
session_4204,home,0,2025-05-01 21:51:13,103,0
session_4204,product_page,1,2025-05-01 21:52:20,67,2
session_4204,cart,2,2025-05-01 21:53:13,53,2
session_4204,checkout,3,2025-05-01 21:54:24,71,2
session_4204,confirmation,4,2025-05-01 21:56:24,120,0
session_4205,home,0,2025-07-26 12:15:09,75,0
session_4206,home,0,2025-04-06 22:05:00,162,0
session_4206,product_page,1,2025-04-06 22:07:21,141,3
session_4207,home,0,2025-08-05 13:10:10,157,0
session_4207,product_page,1,2025-08-05 13:11:04,54,0
session_4208,home,0,2025-03-22 06:17:05,133,0
session_4208,product_page,1,2025-03-22 06:19:01,116,0
session_4209,home,0,2025-07-11 00:12:03,124,0
session_4209,product_page,1,2025-07-11 00:15:00,177,1
session_4210,home,0,2025-08-07 17:12:41,90,0
session_4211,home,0,2025-01-28 14:56:21,132,0
session_4211,product_page,1,2025-01-28 14:56:39,18,4
session_4212,home,0,2025-04-01 09:03:10,171,0
session_4212,product_page,1,2025-04-01 09:06:01,171,0
session_4213,home,0,2025-08-20 19:05:42,111,0
session_4214,home,0,2025-03-24 13:00:33,63,0
session_4214,product_page,1,2025-03-24 13:01:19,46,1
session_4215,home,0,2025-04-19 04:59:30,46,0
session_4215,product_page,1,2025-04-19 05:00:32,62,5
session_4216,home,0,2025-01-21 08:12:42,34,0
session_4216,product_page,1,2025-01-21 08:14:19,97,0
session_4217,home,0,2025-08-30 20:45:24,125,0
session_4217,product_page,1,2025-08-30 20:47:48,144,0
session_4218,home,0,2025-05-07 13:55:01,155,0
session_4219,home,0,2025-06-23 23:57:40,23,0
session_4219,product_page,1,2025-06-23 23:59:14,94,3
session_4219,cart,2,2025-06-24 00:01:21,127,3
session_4219,checkout,3,2025-06-24 00:01:41,20,3
session_4219,confirmation,4,2025-06-24 00:03:58,137,0
session_4220,home,0,2025-07-23 00:03:20,118,0
session_4220,product_page,1,2025-07-23 00:04:12,52,0
session_4220,cart,2,2025-07-23 00:05:57,105,1
session_4220,checkout,3,2025-07-23 00:07:52,115,1
session_4220,confirmation,4,2025-07-23 00:08:12,20,0
session_4221,home,0,2025-06-25 12:17:35,118,0
session_4221,product_page,1,2025-06-25 12:18:54,79,1
session_4222,home,0,2025-05-19 20:42:26,49,0
session_4222,product_page,1,2025-05-19 20:42:54,28,1
session_4223,home,0,2025-03-18 17:15:46,33,0
session_4223,product_page,1,2025-03-18 17:16:42,56,1
session_4224,home,0,2025-06-17 04:03:51,140,0
session_4224,product_page,1,2025-06-17 04:06:47,176,0
session_4224,cart,2,2025-06-17 04:08:15,88,0
session_4225,home,0,2025-03-16 11:34:27,120,0
session_4226,home,0,2025-01-04 17:25:35,161,0
session_4226,product_page,1,2025-01-04 17:26:09,34,0
session_4227,home,0,2025-02-28 00:21:56,127,0
session_4227,product_page,1,2025-02-28 00:23:10,74,5
session_4227,cart,2,2025-02-28 00:25:19,129,5
session_4227,checkout,3,2025-02-28 00:27:50,151,5
session_4227,confirmation,4,2025-02-28 00:28:57,67,0
session_4228,home,0,2025-08-05 22:38:05,138,0
session_4229,home,0,2025-06-27 22:51:57,100,0
session_4229,product_page,1,2025-06-27 22:54:33,156,1
session_4230,home,0,2025-01-25 00:24:12,27,0
session_4230,product_page,1,2025-01-25 00:24:49,37,2
session_4231,home,0,2025-03-01 18:30:26,105,0
session_4231,product_page,1,2025-03-01 18:33:20,174,0
session_4231,cart,2,2025-03-01 18:34:32,72,5
session_4232,home,0,2025-04-01 08:53:57,91,0
session_4232,product_page,1,2025-04-01 08:55:22,85,0
session_4233,home,0,2025-07-08 19:58:49,154,0
session_4234,home,0,2025-04-26 16:44:51,91,0
session_4234,product_page,1,2025-04-26 16:46:10,79,1
session_4235,home,0,2025-04-16 21:05:49,123,0
session_4235,product_page,1,2025-04-16 21:08:20,151,1
session_4236,home,0,2025-02-08 21:11:10,171,0
session_4236,product_page,1,2025-02-08 21:11:42,32,0
session_4236,cart,2,2025-02-08 21:12:21,39,1
session_4236,checkout,3,2025-02-08 21:13:08,47,1
session_4236,confirmation,4,2025-02-08 21:16:03,175,0
session_4237,home,0,2025-05-02 17:00:55,128,0
session_4237,product_page,1,2025-05-02 17:02:41,106,2
session_4237,cart,2,2025-05-02 17:04:53,132,2
session_4238,home,0,2025-06-16 16:14:26,90,0
session_4238,product_page,1,2025-06-16 16:16:39,133,0
session_4238,cart,2,2025-06-16 16:19:36,177,5
session_4238,checkout,3,2025-06-16 16:21:20,104,5
session_4238,confirmation,4,2025-06-16 16:23:37,137,0
session_4239,home,0,2025-06-09 10:40:52,133,0
session_4240,home,0,2025-05-14 13:10:36,85,0
session_4240,product_page,1,2025-05-14 13:12:12,96,0
session_4240,cart,2,2025-05-14 13:13:29,77,0
session_4240,checkout,3,2025-05-14 13:16:01,152,1
session_4240,confirmation,4,2025-05-14 13:18:18,137,0
session_4241,home,0,2025-05-27 13:11:04,97,0
session_4241,product_page,1,2025-05-27 13:13:57,173,0
session_4242,home,0,2025-03-06 07:13:10,69,0
session_4242,product_page,1,2025-03-06 07:13:35,25,2
session_4243,home,0,2025-01-13 12:50:06,151,0
session_4243,product_page,1,2025-01-13 12:51:59,113,3
session_4244,home,0,2025-08-17 19:32:40,153,0
session_4244,product_page,1,2025-08-17 19:33:57,77,5
session_4245,home,0,2025-01-05 10:29:33,147,0
session_4245,product_page,1,2025-01-05 10:30:15,42,4
session_4246,home,0,2025-04-30 20:19:57,158,0
session_4247,home,0,2025-01-07 17:28:20,138,0
session_4247,product_page,1,2025-01-07 17:29:48,88,2
session_4248,home,0,2025-06-01 17:22:44,95,0
session_4248,product_page,1,2025-06-01 17:25:03,139,5
session_4248,cart,2,2025-06-01 17:26:13,70,5
session_4248,checkout,3,2025-06-01 17:26:43,30,5
session_4248,confirmation,4,2025-06-01 17:27:23,40,0
session_4249,home,0,2025-01-28 15:39:45,112,0
session_4249,product_page,1,2025-01-28 15:40:08,23,5
session_4249,cart,2,2025-01-28 15:42:48,160,5
session_4249,checkout,3,2025-01-28 15:43:26,38,5
session_4249,confirmation,4,2025-01-28 15:44:14,48,0
session_4250,home,0,2025-01-24 01:53:45,106,0
session_4250,product_page,1,2025-01-24 01:56:36,171,1
session_4250,cart,2,2025-01-24 01:58:50,134,1
session_4250,checkout,3,2025-01-24 01:59:16,26,1
session_4250,confirmation,4,2025-01-24 02:00:02,46,0
session_4251,home,0,2025-06-22 18:18:22,49,0
session_4252,home,0,2025-06-05 06:07:11,172,0
session_4252,product_page,1,2025-06-05 06:08:13,62,0
session_4252,cart,2,2025-06-05 06:08:57,44,3
session_4252,checkout,3,2025-06-05 06:11:42,165,3
session_4252,confirmation,4,2025-06-05 06:14:02,140,0
session_4253,home,0,2025-04-12 11:50:09,163,0
session_4254,home,0,2025-01-23 15:27:35,173,0
session_4254,product_page,1,2025-01-23 15:28:41,66,2
session_4255,home,0,2025-04-01 05:15:45,90,0
session_4255,product_page,1,2025-04-01 05:18:41,176,1
session_4256,home,0,2025-06-19 17:11:48,167,0
session_4256,product_page,1,2025-06-19 17:12:57,69,1
session_4256,cart,2,2025-06-19 17:14:02,65,1
session_4256,checkout,3,2025-06-19 17:16:32,150,1
session_4256,confirmation,4,2025-06-19 17:18:42,130,0
session_4257,home,0,2025-02-09 06:01:50,46,0
session_4258,home,0,2025-01-19 16:53:16,75,0
session_4258,product_page,1,2025-01-19 16:54:56,100,0
session_4259,home,0,2025-08-26 01:46:46,107,0
session_4259,product_page,1,2025-08-26 01:47:34,48,3
session_4259,cart,2,2025-08-26 01:48:35,61,3
session_4259,checkout,3,2025-08-26 01:51:02,147,3
session_4259,confirmation,4,2025-08-26 01:53:11,129,0
session_4260,home,0,2025-04-23 14:47:07,141,0
session_4260,product_page,1,2025-04-23 14:48:53,106,5
session_4261,home,0,2025-08-27 13:40:46,86,0
session_4261,product_page,1,2025-08-27 13:43:15,149,1
session_4262,home,0,2025-01-23 00:28:54,141,0
session_4262,product_page,1,2025-01-23 00:31:46,172,4
session_4263,home,0,2025-02-17 07:58:56,113,0
session_4263,product_page,1,2025-02-17 08:01:22,146,4
session_4264,home,0,2025-06-26 10:25:30,55,0
session_4264,product_page,1,2025-06-26 10:25:51,21,1
session_4264,cart,2,2025-06-26 10:26:42,51,1
session_4264,checkout,3,2025-06-26 10:27:16,34,1
session_4264,confirmation,4,2025-06-26 10:27:46,30,0
session_4265,home,0,2025-07-06 21:02:37,46,0
session_4266,home,0,2025-05-09 21:20:58,87,0
session_4266,product_page,1,2025-05-09 21:23:29,151,2
session_4266,cart,2,2025-05-09 21:24:06,37,2
session_4266,checkout,3,2025-05-09 21:27:06,180,2
session_4266,confirmation,4,2025-05-09 21:29:53,167,0
session_4267,home,0,2025-05-14 01:37:31,36,0
session_4267,product_page,1,2025-05-14 01:39:23,112,4
session_4268,home,0,2025-06-28 16:26:53,123,0
session_4268,product_page,1,2025-06-28 16:27:27,34,4
session_4269,home,0,2025-04-25 03:47:37,113,0
session_4270,home,0,2025-06-08 11:09:15,41,0
session_4271,home,0,2025-01-27 11:09:08,123,0
session_4271,product_page,1,2025-01-27 11:11:33,145,2
session_4272,home,0,2025-06-18 11:56:32,79,0
session_4272,product_page,1,2025-06-18 11:56:47,15,0
session_4273,home,0,2025-08-06 20:55:12,100,0
session_4274,home,0,2025-02-01 18:12:18,99,0
session_4274,product_page,1,2025-02-01 18:13:06,48,2
session_4275,home,0,2025-02-17 23:09:17,40,0
session_4275,product_page,1,2025-02-17 23:11:48,151,0
session_4276,home,0,2025-03-18 15:25:50,134,0
session_4277,home,0,2025-07-19 15:31:33,124,0
session_4277,product_page,1,2025-07-19 15:33:28,115,0
session_4277,cart,2,2025-07-19 15:34:49,81,1
session_4277,checkout,3,2025-07-19 15:36:28,99,1
session_4277,confirmation,4,2025-07-19 15:38:53,145,0
session_4278,home,0,2025-04-29 16:56:30,163,0
session_4278,product_page,1,2025-04-29 16:57:09,39,3
session_4278,cart,2,2025-04-29 16:58:58,109,3
session_4278,checkout,3,2025-04-29 17:00:49,111,3
session_4278,confirmation,4,2025-04-29 17:02:03,74,0
session_4279,home,0,2025-04-05 10:26:47,152,0
session_4279,product_page,1,2025-04-05 10:28:34,107,0
session_4280,home,0,2025-06-22 09:03:16,81,0
session_4280,product_page,1,2025-06-22 09:04:19,63,0
session_4280,cart,2,2025-06-22 09:06:15,116,0
session_4280,checkout,3,2025-06-22 09:07:26,71,1
session_4280,confirmation,4,2025-06-22 09:09:40,134,0
session_4281,home,0,2025-02-11 18:02:49,100,0
session_4281,product_page,1,2025-02-11 18:04:17,88,0
session_4281,cart,2,2025-02-11 18:04:44,27,3
session_4281,checkout,3,2025-02-11 18:06:22,98,3
session_4281,confirmation,4,2025-02-11 18:08:16,114,0
session_4282,home,0,2025-06-27 15:03:32,148,0
session_4282,product_page,1,2025-06-27 15:06:22,170,2
session_4283,home,0,2025-08-05 11:58:57,42,0
session_4283,product_page,1,2025-08-05 12:00:17,80,0
session_4284,home,0,2025-07-21 20:34:42,162,0
session_4284,product_page,1,2025-07-21 20:36:17,95,5
session_4285,home,0,2025-07-09 05:37:41,44,0
session_4285,product_page,1,2025-07-09 05:38:23,42,1
session_4285,cart,2,2025-07-09 05:40:35,132,1
session_4285,checkout,3,2025-07-09 05:41:27,52,1
session_4285,confirmation,4,2025-07-09 05:43:02,95,0
session_4286,home,0,2025-03-18 01:50:28,156,0
session_4286,product_page,1,2025-03-18 01:51:38,70,4
session_4287,home,0,2025-03-16 18:11:28,157,0
session_4287,product_page,1,2025-03-16 18:14:04,156,2
session_4288,home,0,2025-01-16 00:12:14,23,0
session_4288,product_page,1,2025-01-16 00:14:53,159,1
session_4289,home,0,2025-03-05 13:48:40,104,0
session_4289,product_page,1,2025-03-05 13:49:41,61,0
session_4289,cart,2,2025-03-05 13:51:19,98,3
session_4289,checkout,3,2025-03-05 13:51:45,26,3
session_4289,confirmation,4,2025-03-05 13:54:21,156,0
session_4290,home,0,2025-04-29 00:33:33,68,0
session_4290,product_page,1,2025-04-29 00:36:17,164,1
session_4291,home,0,2025-08-11 18:38:35,84,0
session_4291,product_page,1,2025-08-11 18:39:27,52,3
session_4291,cart,2,2025-08-11 18:42:04,157,3
session_4291,checkout,3,2025-08-11 18:43:54,110,3
session_4291,confirmation,4,2025-08-11 18:44:23,29,0
session_4292,home,0,2025-05-07 01:53:56,143,0
session_4292,product_page,1,2025-05-07 01:56:26,150,4
session_4292,cart,2,2025-05-07 01:57:08,42,4
session_4292,checkout,3,2025-05-07 01:58:57,109,4
session_4292,confirmation,4,2025-05-07 02:00:37,100,0
session_4293,home,0,2025-01-05 00:46:20,21,0
session_4293,product_page,1,2025-01-05 00:48:54,154,0
session_4293,cart,2,2025-01-05 00:51:53,179,0
session_4294,home,0,2025-07-15 07:53:23,129,0
session_4294,product_page,1,2025-07-15 07:56:19,176,1
session_4294,cart,2,2025-07-15 07:57:28,69,1
session_4295,home,0,2025-04-22 12:50:44,156,0
session_4296,home,0,2025-03-02 14:12:28,23,0
session_4296,product_page,1,2025-03-02 14:13:10,42,0
session_4296,cart,2,2025-03-02 14:14:35,85,4
session_4296,checkout,3,2025-03-02 14:14:52,17,4
session_4296,confirmation,4,2025-03-02 14:16:32,100,0
session_4297,home,0,2025-05-13 09:41:35,158,0
session_4297,product_page,1,2025-05-13 09:43:27,112,0
session_4298,home,0,2025-07-08 21:23:29,54,0
session_4299,home,0,2025-06-07 02:55:15,95,0
session_4299,product_page,1,2025-06-07 02:57:28,133,3
session_4300,home,0,2025-06-23 21:41:22,42,0
session_4301,home,0,2025-03-09 04:00:53,68,0
session_4301,product_page,1,2025-03-09 04:03:46,173,1
session_4302,home,0,2025-03-26 17:28:08,171,0
session_4302,product_page,1,2025-03-26 17:29:59,111,0
session_4302,cart,2,2025-03-26 17:32:10,131,1
session_4302,checkout,3,2025-03-26 17:34:52,162,1
session_4303,home,0,2025-06-05 17:01:35,49,0
session_4304,home,0,2025-03-13 07:29:56,123,0
session_4304,product_page,1,2025-03-13 07:31:34,98,1
session_4305,home,0,2025-02-24 04:53:13,73,0
session_4305,product_page,1,2025-02-24 04:54:40,87,0
session_4305,cart,2,2025-02-24 04:56:34,114,2
session_4306,home,0,2025-05-07 14:57:09,33,0
session_4306,product_page,1,2025-05-07 14:58:34,85,0
session_4306,cart,2,2025-05-07 14:59:14,40,5
session_4306,checkout,3,2025-05-07 15:01:35,141,5
session_4306,confirmation,4,2025-05-07 15:03:56,141,0
session_4307,home,0,2025-01-21 19:03:25,95,0
session_4307,product_page,1,2025-01-21 19:03:48,23,4
session_4307,cart,2,2025-01-21 19:04:32,44,4
session_4307,checkout,3,2025-01-21 19:05:54,82,4
session_4307,confirmation,4,2025-01-21 19:07:17,83,0
session_4308,home,0,2025-06-05 18:12:05,94,0
session_4308,product_page,1,2025-06-05 18:14:28,143,0
session_4309,home,0,2025-01-17 16:59:56,47,0
session_4309,product_page,1,2025-01-17 17:01:57,121,5
session_4309,cart,2,2025-01-17 17:02:53,56,5
session_4309,checkout,3,2025-01-17 17:04:04,71,5
session_4310,home,0,2025-01-19 18:49:49,173,0
session_4310,product_page,1,2025-01-19 18:50:19,30,5
session_4311,home,0,2025-05-22 15:12:06,62,0
session_4311,product_page,1,2025-05-22 15:12:23,17,0
session_4311,cart,2,2025-05-22 15:13:28,65,0
session_4311,checkout,3,2025-05-22 15:15:12,104,2
session_4311,confirmation,4,2025-05-22 15:17:19,127,0
session_4312,home,0,2025-03-27 06:52:32,91,0
session_4313,home,0,2025-05-03 11:00:50,151,0
session_4313,product_page,1,2025-05-03 11:03:28,158,2
session_4314,home,0,2025-04-16 05:09:44,32,0
session_4314,product_page,1,2025-04-16 05:10:12,28,4
session_4315,home,0,2025-02-17 17:55:32,132,0
session_4315,product_page,1,2025-02-17 17:58:25,173,0
session_4315,cart,2,2025-02-17 18:01:00,155,2
session_4315,checkout,3,2025-02-17 18:03:46,166,2
session_4315,confirmation,4,2025-02-17 18:05:46,120,0
session_4316,home,0,2025-02-07 00:48:36,40,0
session_4316,product_page,1,2025-02-07 00:49:05,29,0
session_4317,home,0,2025-05-07 11:35:31,172,0
session_4317,product_page,1,2025-05-07 11:35:49,18,0
session_4317,cart,2,2025-05-07 11:36:07,18,1
session_4317,checkout,3,2025-05-07 11:37:46,99,1
session_4317,confirmation,4,2025-05-07 11:39:39,113,0
session_4318,home,0,2025-02-03 17:42:33,45,0
session_4318,product_page,1,2025-02-03 17:44:45,132,5
session_4318,cart,2,2025-02-03 17:46:41,116,5
session_4318,checkout,3,2025-02-03 17:48:11,90,5
session_4318,confirmation,4,2025-02-03 17:49:48,97,0
session_4319,home,0,2025-08-02 15:19:07,43,0
session_4319,product_page,1,2025-08-02 15:21:29,142,0
session_4319,cart,2,2025-08-02 15:22:10,41,5
session_4320,home,0,2025-04-20 12:43:16,171,0
session_4320,product_page,1,2025-04-20 12:43:45,29,3
session_4321,home,0,2025-07-31 15:42:41,31,0
session_4321,product_page,1,2025-07-31 15:43:20,39,5
session_4321,cart,2,2025-07-31 15:44:21,61,5
session_4321,checkout,3,2025-07-31 15:46:35,134,5
session_4321,confirmation,4,2025-07-31 15:48:27,112,0
session_4322,home,0,2025-04-07 14:09:46,170,0
session_4322,product_page,1,2025-04-07 14:11:53,127,3
session_4323,home,0,2025-07-22 08:39:37,97,0
session_4323,product_page,1,2025-07-22 08:40:37,60,0
session_4323,cart,2,2025-07-22 08:42:00,83,5
session_4323,checkout,3,2025-07-22 08:43:34,94,5
session_4323,confirmation,4,2025-07-22 08:44:18,44,0
session_4324,home,0,2025-01-14 13:16:02,69,0
session_4324,product_page,1,2025-01-14 13:16:39,37,0
session_4325,home,0,2025-07-21 03:56:32,140,0
session_4325,product_page,1,2025-07-21 03:57:18,46,3
session_4326,home,0,2025-04-29 10:09:11,33,0
session_4326,product_page,1,2025-04-29 10:09:33,22,3
session_4327,home,0,2025-05-25 04:30:17,140,0
session_4327,product_page,1,2025-05-25 04:32:19,122,0
session_4327,cart,2,2025-05-25 04:32:51,32,1
session_4327,checkout,3,2025-05-25 04:34:16,85,1
session_4327,confirmation,4,2025-05-25 04:36:18,122,0
session_4328,home,0,2025-05-20 19:08:07,124,0
session_4328,product_page,1,2025-05-20 19:08:52,45,0
session_4328,cart,2,2025-05-20 19:09:38,46,5
session_4328,checkout,3,2025-05-20 19:12:09,151,5
session_4328,confirmation,4,2025-05-20 19:14:28,139,0
session_4329,home,0,2025-08-24 15:37:50,73,0
session_4329,product_page,1,2025-08-24 15:40:41,171,0
session_4329,cart,2,2025-08-24 15:42:22,101,3
session_4329,checkout,3,2025-08-24 15:44:57,155,3
session_4329,confirmation,4,2025-08-24 15:47:25,148,0
session_4330,home,0,2025-06-04 21:20:58,33,0
session_4330,product_page,1,2025-06-04 21:23:23,145,4
session_4331,home,0,2025-08-03 17:15:58,159,0
session_4331,product_page,1,2025-08-03 17:18:26,148,3
session_4331,cart,2,2025-08-03 17:20:43,137,3
session_4331,checkout,3,2025-08-03 17:21:31,48,3
session_4331,confirmation,4,2025-08-03 17:23:06,95,0
session_4332,home,0,2025-04-25 10:11:32,20,0
session_4333,home,0,2025-01-10 10:41:21,143,0
session_4333,product_page,1,2025-01-10 10:43:29,128,4
session_4333,cart,2,2025-01-10 10:43:53,24,4
session_4333,checkout,3,2025-01-10 10:44:11,18,4
session_4333,confirmation,4,2025-01-10 10:44:43,32,0
session_4334,home,0,2025-01-22 02:27:50,65,0
session_4334,product_page,1,2025-01-22 02:29:17,87,3
session_4334,cart,2,2025-01-22 02:31:17,120,3
session_4334,checkout,3,2025-01-22 02:33:14,117,3
session_4334,confirmation,4,2025-01-22 02:36:05,171,0
session_4335,home,0,2025-05-07 15:20:29,133,0
session_4336,home,0,2025-02-12 06:18:24,117,0
session_4336,product_page,1,2025-02-12 06:20:58,154,5
session_4337,home,0,2025-07-02 19:33:46,25,0
session_4337,product_page,1,2025-07-02 19:34:50,64,2
session_4337,cart,2,2025-07-02 19:36:23,93,2
session_4338,home,0,2025-08-12 03:41:45,102,0
session_4338,product_page,1,2025-08-12 03:44:03,138,5
session_4339,home,0,2025-08-22 07:20:06,21,0
session_4339,product_page,1,2025-08-22 07:22:12,126,0
session_4340,home,0,2025-02-09 13:04:20,142,0
session_4341,home,0,2025-03-02 10:45:00,78,0
session_4341,product_page,1,2025-03-02 10:45:35,35,0
session_4342,home,0,2025-08-21 10:01:46,103,0
session_4342,product_page,1,2025-08-21 10:03:19,93,4
session_4343,home,0,2025-02-07 06:10:39,34,0
session_4343,product_page,1,2025-02-07 06:11:51,72,5
session_4344,home,0,2025-07-23 17:03:42,56,0
session_4344,product_page,1,2025-07-23 17:06:33,171,1
session_4345,home,0,2025-07-03 10:01:34,19,0
session_4345,product_page,1,2025-07-03 10:02:02,28,0
session_4345,cart,2,2025-07-03 10:02:39,37,4
session_4346,home,0,2025-03-16 04:16:53,29,0
session_4347,home,0,2025-06-14 12:37:04,72,0
session_4347,product_page,1,2025-06-14 12:38:02,58,0
session_4347,cart,2,2025-06-14 12:38:59,57,2
session_4347,checkout,3,2025-06-14 12:39:15,16,2
session_4347,confirmation,4,2025-06-14 12:40:13,58,0
session_4348,home,0,2025-01-10 06:41:02,82,0
session_4348,product_page,1,2025-01-10 06:43:34,152,2
session_4348,cart,2,2025-01-10 06:46:10,156,2
session_4349,home,0,2025-05-19 10:42:37,27,0
session_4349,product_page,1,2025-05-19 10:44:17,100,3
session_4350,home,0,2025-06-04 08:36:22,131,0
session_4350,product_page,1,2025-06-04 08:36:39,17,4
session_4351,home,0,2025-08-30 14:51:08,141,0
session_4351,product_page,1,2025-08-30 14:52:07,59,0
session_4352,home,0,2025-02-23 20:39:41,74,0
session_4353,home,0,2025-06-20 22:35:24,27,0
session_4353,product_page,1,2025-06-20 22:37:32,128,2
session_4354,home,0,2025-06-01 06:36:19,58,0
session_4354,product_page,1,2025-06-01 06:38:46,147,1
session_4355,home,0,2025-01-26 12:54:29,166,0
session_4355,product_page,1,2025-01-26 12:54:58,29,2
session_4356,home,0,2025-04-26 05:16:21,153,0
session_4356,product_page,1,2025-04-26 05:18:13,112,0
session_4357,home,0,2025-02-05 22:48:23,100,0
session_4357,product_page,1,2025-02-05 22:49:59,96,0
session_4357,cart,2,2025-02-05 22:51:31,92,0
session_4358,home,0,2025-06-09 15:59:54,61,0
session_4358,product_page,1,2025-06-09 16:01:09,75,0
session_4358,cart,2,2025-06-09 16:03:38,149,1
session_4359,home,0,2025-07-30 14:25:14,120,0
session_4360,home,0,2025-02-17 23:08:39,144,0
session_4361,home,0,2025-05-13 21:17:05,16,0
session_4362,home,0,2025-06-05 23:55:55,106,0
session_4362,product_page,1,2025-06-05 23:56:42,47,0
session_4362,cart,2,2025-06-05 23:57:17,35,3
session_4362,checkout,3,2025-06-05 23:58:46,89,3
session_4362,confirmation,4,2025-06-06 00:00:54,128,0
session_4363,home,0,2025-06-26 06:02:44,103,0
session_4363,product_page,1,2025-06-26 06:03:09,25,1
session_4363,cart,2,2025-06-26 06:06:04,175,1
session_4363,checkout,3,2025-06-26 06:06:42,38,1
session_4363,confirmation,4,2025-06-26 06:08:32,110,0
session_4364,home,0,2025-02-07 23:30:10,90,0
session_4364,product_page,1,2025-02-07 23:31:10,60,0
session_4365,home,0,2025-02-27 00:39:24,31,0
session_4365,product_page,1,2025-02-27 00:40:55,91,0
session_4365,cart,2,2025-02-27 00:43:17,142,4
session_4365,checkout,3,2025-02-27 00:44:37,80,4
session_4365,confirmation,4,2025-02-27 00:44:58,21,0
session_4366,home,0,2025-07-22 22:16:47,106,0
session_4366,product_page,1,2025-07-22 22:17:45,58,2
session_4367,home,0,2025-08-17 11:05:04,108,0
session_4367,product_page,1,2025-08-17 11:06:53,109,2
session_4368,home,0,2025-08-11 02:16:46,163,0
session_4368,product_page,1,2025-08-11 02:19:38,172,4
session_4369,home,0,2025-01-02 22:19:15,169,0
session_4369,product_page,1,2025-01-02 22:21:57,162,3
session_4370,home,0,2025-01-23 07:02:22,178,0
session_4370,product_page,1,2025-01-23 07:03:03,41,0
session_4371,home,0,2025-04-05 04:38:15,53,0
session_4371,product_page,1,2025-04-05 04:38:50,35,0
session_4372,home,0,2025-05-23 17:38:41,37,0
session_4372,product_page,1,2025-05-23 17:39:16,35,0
session_4373,home,0,2025-08-04 20:56:44,83,0
session_4374,home,0,2025-03-19 09:14:15,132,0
session_4374,product_page,1,2025-03-19 09:15:05,50,0
session_4374,cart,2,2025-03-19 09:18:00,175,0
session_4374,checkout,3,2025-03-19 09:19:00,60,3
session_4374,confirmation,4,2025-03-19 09:20:49,109,0
session_4375,home,0,2025-07-31 08:16:36,49,0
session_4376,home,0,2025-07-09 10:34:57,32,0
session_4376,product_page,1,2025-07-09 10:37:24,147,0
session_4376,cart,2,2025-07-09 10:39:49,145,0
session_4376,checkout,3,2025-07-09 10:42:41,172,2
session_4376,confirmation,4,2025-07-09 10:44:35,114,0
session_4377,home,0,2025-08-04 00:49:27,154,0
session_4377,product_page,1,2025-08-04 00:50:41,74,5
session_4378,home,0,2025-02-16 11:46:01,109,0
session_4378,product_page,1,2025-02-16 11:48:50,169,0
session_4379,home,0,2025-05-07 08:44:28,21,0
session_4379,product_page,1,2025-05-07 08:46:22,114,0
session_4380,home,0,2025-03-08 01:42:52,83,0
session_4380,product_page,1,2025-03-08 01:43:13,21,1
session_4381,home,0,2025-06-23 11:22:46,38,0
session_4382,home,0,2025-05-07 01:16:27,31,0
session_4382,product_page,1,2025-05-07 01:19:20,173,2
session_4383,home,0,2025-06-20 12:08:38,77,0
session_4384,home,0,2025-02-08 03:17:04,68,0
session_4384,product_page,1,2025-02-08 03:17:37,33,3
session_4385,home,0,2025-03-04 11:47:05,72,0
session_4385,product_page,1,2025-03-04 11:48:08,63,2
session_4386,home,0,2025-02-11 09:14:56,24,0
session_4386,product_page,1,2025-02-11 09:15:54,58,0
session_4387,home,0,2025-02-26 22:08:26,16,0
session_4387,product_page,1,2025-02-26 22:10:00,94,3
session_4388,home,0,2025-08-22 01:00:48,103,0
session_4388,product_page,1,2025-08-22 01:01:06,18,0
session_4389,home,0,2025-08-15 11:04:02,97,0
session_4389,product_page,1,2025-08-15 11:05:38,96,4
session_4390,home,0,2025-06-08 12:40:08,46,0
session_4391,home,0,2025-06-15 12:28:42,162,0
session_4391,product_page,1,2025-06-15 12:29:09,27,1
session_4392,home,0,2025-05-08 21:47:56,159,0
session_4392,product_page,1,2025-05-08 21:50:51,175,0
session_4392,cart,2,2025-05-08 21:51:44,53,1
session_4392,checkout,3,2025-05-08 21:52:55,71,1
session_4392,confirmation,4,2025-05-08 21:55:47,172,0
session_4393,home,0,2025-06-20 21:47:19,66,0
session_4393,product_page,1,2025-06-20 21:47:56,37,5
session_4393,cart,2,2025-06-20 21:48:35,39,5
session_4393,checkout,3,2025-06-20 21:50:31,116,5
session_4393,confirmation,4,2025-06-20 21:51:24,53,0
session_4394,home,0,2025-05-26 06:48:06,129,0
session_4394,product_page,1,2025-05-26 06:50:49,163,0
session_4394,cart,2,2025-05-26 06:53:23,154,3
session_4394,checkout,3,2025-05-26 06:55:16,113,3
session_4394,confirmation,4,2025-05-26 06:58:10,174,0
session_4395,home,0,2025-06-19 23:09:39,132,0
session_4395,product_page,1,2025-06-19 23:10:03,24,0
session_4395,cart,2,2025-06-19 23:12:08,125,0
session_4395,checkout,3,2025-06-19 23:15:04,176,1
session_4395,confirmation,4,2025-06-19 23:16:56,112,0
session_4396,home,0,2025-01-02 03:42:25,59,0
session_4397,home,0,2025-03-29 23:21:36,109,0
session_4398,home,0,2025-06-16 01:22:15,105,0
session_4398,product_page,1,2025-06-16 01:24:16,121,2
session_4399,home,0,2025-03-03 19:50:27,144,0
session_4399,product_page,1,2025-03-03 19:52:43,136,2
session_4399,cart,2,2025-03-03 19:54:36,113,2
session_4400,home,0,2025-07-19 11:02:45,34,0
session_4400,product_page,1,2025-07-19 11:04:06,81,0
session_4400,cart,2,2025-07-19 11:05:55,109,1
session_4400,checkout,3,2025-07-19 11:06:38,43,1
session_4400,confirmation,4,2025-07-19 11:09:09,151,0
session_4401,home,0,2025-05-09 02:04:26,136,0
session_4401,product_page,1,2025-05-09 02:06:31,125,4
session_4402,home,0,2025-06-19 06:11:04,124,0
session_4402,product_page,1,2025-06-19 06:12:36,92,0
session_4402,cart,2,2025-06-19 06:13:01,25,4
session_4403,home,0,2025-02-08 04:52:27,153,0
session_4403,product_page,1,2025-02-08 04:53:09,42,3
session_4404,home,0,2025-08-26 07:49:02,71,0
session_4404,product_page,1,2025-08-26 07:50:45,103,0
session_4404,cart,2,2025-08-26 07:53:34,169,0
session_4404,checkout,3,2025-08-26 07:55:34,120,3
session_4404,confirmation,4,2025-08-26 07:56:00,26,0
session_4405,home,0,2025-06-21 13:14:26,160,0
session_4405,product_page,1,2025-06-21 13:15:19,53,0
session_4406,home,0,2025-05-17 11:06:15,90,0
session_4406,product_page,1,2025-05-17 11:09:00,165,2
session_4407,home,0,2025-01-25 22:18:43,77,0
session_4407,product_page,1,2025-01-25 22:19:33,50,4
session_4407,cart,2,2025-01-25 22:19:50,17,4
session_4408,home,0,2025-02-04 19:48:26,43,0
session_4408,product_page,1,2025-02-04 19:50:26,120,0
session_4409,home,0,2025-02-15 12:54:59,96,0
session_4410,home,0,2025-08-02 14:21:16,35,0
session_4410,product_page,1,2025-08-02 14:21:56,40,5
session_4411,home,0,2025-02-08 05:56:59,137,0
session_4411,product_page,1,2025-02-08 05:57:41,42,1
session_4411,cart,2,2025-02-08 05:58:55,74,1
session_4411,checkout,3,2025-02-08 06:01:02,127,1
session_4411,confirmation,4,2025-02-08 06:03:58,176,0
session_4412,home,0,2025-08-09 18:49:24,46,0
session_4412,product_page,1,2025-08-09 18:50:52,88,0
session_4413,home,0,2025-03-25 14:57:25,34,0
session_4413,product_page,1,2025-03-25 14:59:04,99,3
session_4413,cart,2,2025-03-25 14:59:38,34,3
session_4413,checkout,3,2025-03-25 15:01:43,125,3
session_4413,confirmation,4,2025-03-25 15:02:16,33,0
session_4414,home,0,2025-01-28 03:31:16,16,0
session_4415,home,0,2025-03-16 13:03:50,173,0
session_4415,product_page,1,2025-03-16 13:06:32,162,0
session_4416,home,0,2025-07-01 03:50:24,124,0
session_4416,product_page,1,2025-07-01 03:53:21,177,0
session_4416,cart,2,2025-07-01 03:54:03,42,2
session_4417,home,0,2025-07-08 03:43:37,101,0
session_4417,product_page,1,2025-07-08 03:45:11,94,2
session_4417,cart,2,2025-07-08 03:46:28,77,2
session_4417,checkout,3,2025-07-08 03:49:07,159,2
session_4417,confirmation,4,2025-07-08 03:50:41,94,0
session_4418,home,0,2025-03-16 06:03:13,92,0
session_4418,product_page,1,2025-03-16 06:03:40,27,0
session_4418,cart,2,2025-03-16 06:05:16,96,0
session_4418,checkout,3,2025-03-16 06:07:22,126,2
session_4418,confirmation,4,2025-03-16 06:08:17,55,0
session_4419,home,0,2025-08-30 10:42:42,158,0
session_4419,product_page,1,2025-08-30 10:44:56,134,2
session_4419,cart,2,2025-08-30 10:45:43,47,2
session_4419,checkout,3,2025-08-30 10:46:06,23,2
session_4419,confirmation,4,2025-08-30 10:47:10,64,0
session_4420,home,0,2025-08-24 01:16:35,22,0
session_4420,product_page,1,2025-08-24 01:19:26,171,0
session_4421,home,0,2025-01-22 17:00:09,126,0
session_4421,product_page,1,2025-01-22 17:02:01,112,1
session_4421,cart,2,2025-01-22 17:04:13,132,1
session_4421,checkout,3,2025-01-22 17:04:41,28,1
session_4421,confirmation,4,2025-01-22 17:05:05,24,0
session_4422,home,0,2025-02-20 15:31:08,29,0
session_4422,product_page,1,2025-02-20 15:32:39,91,1
session_4423,home,0,2025-01-26 08:28:36,178,0
session_4423,product_page,1,2025-01-26 08:28:51,15,0
session_4423,cart,2,2025-01-26 08:31:00,129,5
session_4423,checkout,3,2025-01-26 08:32:01,61,5
session_4423,confirmation,4,2025-01-26 08:34:18,137,0
session_4424,home,0,2025-04-27 08:35:53,161,0
session_4424,product_page,1,2025-04-27 08:36:57,64,2
session_4425,home,0,2025-06-07 10:33:29,103,0
session_4425,product_page,1,2025-06-07 10:34:40,71,0
session_4426,home,0,2025-07-30 11:49:20,61,0
session_4426,product_page,1,2025-07-30 11:50:14,54,0
session_4427,home,0,2025-01-10 11:33:58,118,0
session_4427,product_page,1,2025-01-10 11:36:15,137,3
session_4428,home,0,2025-07-31 17:52:57,29,0
session_4428,product_page,1,2025-07-31 17:54:23,86,3
session_4429,home,0,2025-06-15 18:05:33,101,0
session_4429,product_page,1,2025-06-15 18:08:28,175,0
session_4430,home,0,2025-05-24 04:51:03,85,0
session_4430,product_page,1,2025-05-24 04:53:25,142,5
session_4430,cart,2,2025-05-24 04:56:21,176,5
session_4431,home,0,2025-01-13 03:08:29,109,0
session_4432,home,0,2025-04-16 20:34:47,144,0
session_4433,home,0,2025-03-11 16:44:57,167,0
session_4433,product_page,1,2025-03-11 16:47:10,133,0
session_4434,home,0,2025-01-17 14:43:24,114,0
session_4434,product_page,1,2025-01-17 14:45:11,107,3
session_4434,cart,2,2025-01-17 14:46:11,60,3
session_4434,checkout,3,2025-01-17 14:46:40,29,3
session_4434,confirmation,4,2025-01-17 14:47:55,75,0
session_4435,home,0,2025-03-21 15:32:47,108,0
session_4435,product_page,1,2025-03-21 15:33:51,64,0
session_4436,home,0,2025-06-26 08:55:09,173,0
session_4436,product_page,1,2025-06-26 08:56:07,58,2
session_4437,home,0,2025-07-31 17:53:11,84,0
session_4438,home,0,2025-05-28 23:29:19,17,0
session_4438,product_page,1,2025-05-28 23:30:21,62,4
session_4438,cart,2,2025-05-28 23:32:49,148,4
session_4439,home,0,2025-08-08 04:31:59,62,0
session_4439,product_page,1,2025-08-08 04:33:34,95,5
session_4439,cart,2,2025-08-08 04:33:50,16,5
session_4439,checkout,3,2025-08-08 04:34:11,21,5
session_4439,confirmation,4,2025-08-08 04:35:18,67,0
session_4440,home,0,2025-06-23 15:34:41,76,0
session_4440,product_page,1,2025-06-23 15:36:26,105,1
session_4440,cart,2,2025-06-23 15:36:59,33,1
session_4440,checkout,3,2025-06-23 15:37:25,26,1
session_4440,confirmation,4,2025-06-23 15:38:56,91,0
session_4441,home,0,2025-07-09 19:45:54,133,0
session_4441,product_page,1,2025-07-09 19:48:47,173,3
session_4442,home,0,2025-07-21 18:23:44,138,0
session_4442,product_page,1,2025-07-21 18:26:30,166,0
session_4442,cart,2,2025-07-21 18:28:05,95,0
session_4442,checkout,3,2025-07-21 18:28:31,26,3
session_4442,confirmation,4,2025-07-21 18:30:30,119,0
session_4443,home,0,2025-02-08 21:48:28,144,0
session_4444,home,0,2025-06-12 03:05:09,65,0
session_4444,product_page,1,2025-06-12 03:06:38,89,4
session_4445,home,0,2025-07-07 08:02:11,70,0
session_4445,product_page,1,2025-07-07 08:04:14,123,0
session_4446,home,0,2025-08-16 08:30:33,170,0
session_4446,product_page,1,2025-08-16 08:31:13,40,3
session_4447,home,0,2025-02-20 23:11:28,110,0
session_4448,home,0,2025-03-22 15:44:32,133,0
session_4448,product_page,1,2025-03-22 15:45:13,41,4
session_4449,home,0,2025-01-13 05:01:17,42,0
session_4450,home,0,2025-06-03 10:09:30,136,0
session_4450,product_page,1,2025-06-03 10:12:21,171,4
session_4451,home,0,2025-07-15 20:59:49,60,0
session_4451,product_page,1,2025-07-15 21:01:35,106,3
session_4451,cart,2,2025-07-15 21:04:12,157,3
session_4451,checkout,3,2025-07-15 21:06:33,141,3
session_4451,confirmation,4,2025-07-15 21:08:25,112,0
session_4452,home,0,2025-05-03 00:08:46,81,0
session_4452,product_page,1,2025-05-03 00:11:37,171,4
session_4453,home,0,2025-05-29 06:24:49,140,0
session_4453,product_page,1,2025-05-29 06:25:52,63,2
session_4454,home,0,2025-07-31 04:48:51,66,0
session_4454,product_page,1,2025-07-31 04:51:28,157,0
session_4455,home,0,2025-01-15 06:00:12,109,0
session_4455,product_page,1,2025-01-15 06:02:04,112,3
session_4456,home,0,2025-06-27 13:49:02,98,0
session_4457,home,0,2025-08-21 20:18:40,32,0
session_4457,product_page,1,2025-08-21 20:19:57,77,1
session_4457,cart,2,2025-08-21 20:20:43,46,1
session_4457,checkout,3,2025-08-21 20:21:19,36,1
session_4457,confirmation,4,2025-08-21 20:23:09,110,0
session_4458,home,0,2025-08-04 00:32:52,156,0
session_4459,home,0,2025-04-26 15:23:31,66,0
session_4460,home,0,2025-06-13 12:49:40,175,0
session_4460,product_page,1,2025-06-13 12:51:12,92,1
session_4460,cart,2,2025-06-13 12:53:17,125,1
session_4460,checkout,3,2025-06-13 12:54:37,80,1
session_4460,confirmation,4,2025-06-13 12:57:31,174,0
session_4461,home,0,2025-02-19 12:25:39,168,0
session_4461,product_page,1,2025-02-19 12:27:45,126,0
session_4462,home,0,2025-08-10 09:14:41,91,0
session_4462,product_page,1,2025-08-10 09:15:05,24,1
session_4462,cart,2,2025-08-10 09:16:33,88,1
session_4462,checkout,3,2025-08-10 09:17:45,72,1
session_4462,confirmation,4,2025-08-10 09:19:50,125,0
session_4463,home,0,2025-08-03 02:51:43,90,0
session_4463,product_page,1,2025-08-03 02:53:58,135,0
session_4463,cart,2,2025-08-03 02:55:45,107,5
session_4464,home,0,2025-03-17 20:11:58,178,0
session_4464,product_page,1,2025-03-17 20:12:14,16,2
session_4464,cart,2,2025-03-17 20:14:21,127,2
session_4465,home,0,2025-02-23 13:28:17,151,0
session_4465,product_page,1,2025-02-23 13:28:44,27,2
session_4465,cart,2,2025-02-23 13:31:43,179,2
session_4465,checkout,3,2025-02-23 13:33:20,97,2
session_4465,confirmation,4,2025-02-23 13:34:02,42,0
session_4466,home,0,2025-01-25 00:27:16,157,0
session_4466,product_page,1,2025-01-25 00:28:54,98,0
session_4467,home,0,2025-01-21 05:30:14,44,0
session_4467,product_page,1,2025-01-21 05:31:01,47,0
session_4468,home,0,2025-07-13 16:58:51,142,0
session_4468,product_page,1,2025-07-13 17:00:48,117,5
session_4469,home,0,2025-03-09 12:07:49,40,0
session_4469,product_page,1,2025-03-09 12:09:36,107,0
session_4470,home,0,2025-05-08 14:41:05,95,0
session_4470,product_page,1,2025-05-08 14:43:31,146,1
session_4471,home,0,2025-06-28 13:03:30,166,0
session_4471,product_page,1,2025-06-28 13:04:46,76,4
session_4471,cart,2,2025-06-28 13:06:37,111,4
session_4471,checkout,3,2025-06-28 13:07:10,33,4
session_4471,confirmation,4,2025-06-28 13:08:52,102,0
session_4472,home,0,2025-02-14 02:15:43,153,0
session_4473,home,0,2025-06-02 01:51:56,46,0
session_4473,product_page,1,2025-06-02 01:54:41,165,5
session_4474,home,0,2025-02-07 12:41:40,62,0
session_4474,product_page,1,2025-02-07 12:44:10,150,3
session_4475,home,0,2025-08-27 12:15:48,108,0
session_4475,product_page,1,2025-08-27 12:17:31,103,0
session_4476,home,0,2025-03-06 10:27:47,59,0
session_4476,product_page,1,2025-03-06 10:29:13,86,0
session_4477,home,0,2025-07-05 21:21:50,177,0
session_4477,product_page,1,2025-07-05 21:23:00,70,4
session_4477,cart,2,2025-07-05 21:23:36,36,4
session_4477,checkout,3,2025-07-05 21:24:27,51,4
session_4477,confirmation,4,2025-07-05 21:26:14,107,0
session_4478,home,0,2025-01-17 07:12:48,131,0
session_4478,product_page,1,2025-01-17 07:15:40,172,0
session_4478,cart,2,2025-01-17 07:17:30,110,3
session_4478,checkout,3,2025-01-17 07:19:35,125,3
session_4479,home,0,2025-08-05 09:08:50,39,0
session_4479,product_page,1,2025-08-05 09:11:17,147,0
session_4479,cart,2,2025-08-05 09:13:04,107,2
session_4480,home,0,2025-04-11 23:09:50,60,0
session_4480,product_page,1,2025-04-11 23:10:11,21,2
session_4481,home,0,2025-08-18 14:54:16,42,0
session_4481,product_page,1,2025-08-18 14:55:02,46,3
session_4482,home,0,2025-04-04 19:58:50,97,0
session_4482,product_page,1,2025-04-04 19:59:12,22,5
session_4483,home,0,2025-06-08 14:42:40,84,0
session_4484,home,0,2025-03-29 09:45:05,164,0
session_4484,product_page,1,2025-03-29 09:46:14,69,2
session_4484,cart,2,2025-03-29 09:48:47,153,2
session_4484,checkout,3,2025-03-29 09:50:27,100,2
session_4484,confirmation,4,2025-03-29 09:53:18,171,0
session_4485,home,0,2025-08-16 00:22:31,132,0
session_4485,product_page,1,2025-08-16 00:24:29,118,2
session_4485,cart,2,2025-08-16 00:25:50,81,2
session_4485,checkout,3,2025-08-16 00:26:29,39,2
session_4485,confirmation,4,2025-08-16 00:27:31,62,0
session_4486,home,0,2025-06-06 03:57:07,28,0
session_4486,product_page,1,2025-06-06 03:59:08,121,5
session_4487,home,0,2025-02-23 13:00:21,142,0
session_4487,product_page,1,2025-02-23 13:00:58,37,5
session_4488,home,0,2025-06-02 06:15:52,16,0
session_4488,product_page,1,2025-06-02 06:18:51,179,4
session_4489,home,0,2025-01-17 09:23:20,178,0
session_4489,product_page,1,2025-01-17 09:25:14,114,3
session_4490,home,0,2025-02-12 19:43:16,149,0
session_4491,home,0,2025-05-11 05:44:18,163,0
session_4491,product_page,1,2025-05-11 05:46:22,124,3
session_4491,cart,2,2025-05-11 05:48:34,132,3
session_4491,checkout,3,2025-05-11 05:51:20,166,3
session_4491,confirmation,4,2025-05-11 05:52:44,84,0
session_4492,home,0,2025-01-13 04:08:01,18,0
session_4492,product_page,1,2025-01-13 04:08:53,52,0
session_4493,home,0,2025-02-24 01:35:33,162,0
session_4493,product_page,1,2025-02-24 01:37:22,109,1
session_4494,home,0,2025-05-01 02:10:17,26,0
session_4494,product_page,1,2025-05-01 02:12:30,133,3
session_4494,cart,2,2025-05-01 02:14:00,90,3
session_4494,checkout,3,2025-05-01 02:16:09,129,3
session_4494,confirmation,4,2025-05-01 02:16:36,27,0
session_4495,home,0,2025-02-02 23:23:31,44,0
session_4496,home,0,2025-04-06 22:52:00,54,0
session_4497,home,0,2025-06-04 01:52:13,15,0
session_4497,product_page,1,2025-06-04 01:54:31,138,0
session_4497,cart,2,2025-06-04 01:56:22,111,1
session_4497,checkout,3,2025-06-04 01:58:39,137,1
session_4498,home,0,2025-08-19 08:22:26,17,0
session_4499,home,0,2025-08-25 00:15:59,147,0
session_4499,product_page,1,2025-08-25 00:16:27,28,0
session_4499,cart,2,2025-08-25 00:16:56,29,3
session_4499,checkout,3,2025-08-25 00:18:38,102,3
session_4499,confirmation,4,2025-08-25 00:21:24,166,0
session_4500,home,0,2025-03-19 21:50:39,140,0
session_4501,home,0,2025-06-01 17:04:00,114,0
session_4502,home,0,2025-04-27 08:34:40,165,0
session_4502,product_page,1,2025-04-27 08:35:17,37,0
session_4502,cart,2,2025-04-27 08:37:49,152,2
session_4502,checkout,3,2025-04-27 08:38:18,29,2
session_4502,confirmation,4,2025-04-27 08:41:03,165,0
session_4503,home,0,2025-02-09 13:01:50,98,0
session_4503,product_page,1,2025-02-09 13:03:29,99,3
session_4503,cart,2,2025-02-09 13:06:11,162,3
session_4504,home,0,2025-05-19 09:59:35,138,0
session_4504,product_page,1,2025-05-19 10:00:32,57,3
session_4505,home,0,2025-07-11 03:17:58,162,0
session_4505,product_page,1,2025-07-11 03:19:17,79,1
session_4505,cart,2,2025-07-11 03:21:00,103,1
session_4505,checkout,3,2025-07-11 03:22:09,69,1
session_4505,confirmation,4,2025-07-11 03:23:33,84,0
session_4506,home,0,2025-08-16 00:06:01,152,0
session_4506,product_page,1,2025-08-16 00:06:52,51,3
session_4507,home,0,2025-02-22 03:12:00,34,0
session_4507,product_page,1,2025-02-22 03:13:47,107,0
session_4507,cart,2,2025-02-22 03:15:57,130,3
session_4508,home,0,2025-03-03 08:09:34,34,0
session_4509,home,0,2025-06-23 18:18:18,137,0
session_4509,product_page,1,2025-06-23 18:19:01,43,0
session_4509,cart,2,2025-06-23 18:19:22,21,4
session_4510,home,0,2025-04-07 15:04:44,66,0
session_4510,product_page,1,2025-04-07 15:05:30,46,5
session_4511,home,0,2025-01-07 01:31:12,53,0
session_4511,product_page,1,2025-01-07 01:31:48,36,4
session_4512,home,0,2025-02-03 09:51:31,168,0
session_4513,home,0,2025-04-05 19:45:15,166,0
session_4514,home,0,2025-06-22 03:22:36,154,0
session_4515,home,0,2025-04-28 08:10:51,107,0
session_4516,home,0,2025-07-05 00:57:34,87,0
session_4516,product_page,1,2025-07-05 00:58:16,42,5
session_4517,home,0,2025-01-23 12:19:10,103,0
session_4517,product_page,1,2025-01-23 12:21:37,147,1
session_4517,cart,2,2025-01-23 12:22:33,56,1
session_4517,checkout,3,2025-01-23 12:24:54,141,1
session_4517,confirmation,4,2025-01-23 12:25:39,45,0
session_4518,home,0,2025-07-09 13:47:46,141,0
session_4518,product_page,1,2025-07-09 13:49:51,125,0
session_4518,cart,2,2025-07-09 13:50:48,57,5
session_4519,home,0,2025-04-26 13:29:11,99,0
session_4519,product_page,1,2025-04-26 13:31:53,162,0
session_4520,home,0,2025-07-31 12:59:08,86,0
session_4520,product_page,1,2025-07-31 13:01:04,116,0
session_4520,cart,2,2025-07-31 13:03:48,164,1
session_4520,checkout,3,2025-07-31 13:05:42,114,1
session_4520,confirmation,4,2025-07-31 13:06:33,51,0
session_4521,home,0,2025-06-23 13:48:51,136,0
session_4521,product_page,1,2025-06-23 13:51:49,178,5
session_4521,cart,2,2025-06-23 13:54:07,138,5
session_4521,checkout,3,2025-06-23 13:55:09,62,5
session_4521,confirmation,4,2025-06-23 13:57:29,140,0
session_4522,home,0,2025-03-11 19:49:41,171,0
session_4522,product_page,1,2025-03-11 19:51:40,119,4
session_4523,home,0,2025-01-26 05:22:05,18,0
session_4523,product_page,1,2025-01-26 05:22:45,40,0
session_4524,home,0,2025-03-07 15:46:49,73,0
session_4525,home,0,2025-01-27 07:10:48,151,0
session_4525,product_page,1,2025-01-27 07:11:49,61,1
session_4526,home,0,2025-03-29 22:54:34,149,0
session_4526,product_page,1,2025-03-29 22:57:20,166,0
session_4526,cart,2,2025-03-29 22:59:47,147,4
session_4526,checkout,3,2025-03-29 23:02:35,168,4
session_4526,confirmation,4,2025-03-29 23:04:37,122,0
session_4527,home,0,2025-03-05 13:18:13,70,0
session_4527,product_page,1,2025-03-05 13:20:52,159,4
session_4527,cart,2,2025-03-05 13:22:06,74,4
session_4528,home,0,2025-07-17 00:55:17,124,0
session_4528,product_page,1,2025-07-17 00:57:55,158,0
session_4529,home,0,2025-01-14 19:07:41,72,0
session_4529,product_page,1,2025-01-14 19:08:28,47,0
session_4529,cart,2,2025-01-14 19:10:27,119,1
session_4530,home,0,2025-07-26 14:17:46,83,0
session_4530,product_page,1,2025-07-26 14:18:44,58,1
session_4531,home,0,2025-07-21 02:58:25,17,0
session_4531,product_page,1,2025-07-21 02:59:22,57,3
session_4532,home,0,2025-02-07 18:10:49,53,0
session_4532,product_page,1,2025-02-07 18:11:58,69,2
session_4533,home,0,2025-03-15 13:16:51,176,0
session_4533,product_page,1,2025-03-15 13:17:48,57,0
session_4534,home,0,2025-08-05 20:57:27,50,0
session_4534,product_page,1,2025-08-05 20:59:25,118,0
session_4535,home,0,2025-01-26 15:27:59,122,0
session_4535,product_page,1,2025-01-26 15:28:58,59,0
session_4536,home,0,2025-04-07 04:38:25,85,0
session_4537,home,0,2025-01-11 01:47:48,31,0
session_4537,product_page,1,2025-01-11 01:49:26,98,4
session_4537,cart,2,2025-01-11 01:52:04,158,4
session_4537,checkout,3,2025-01-11 01:54:50,166,4
session_4537,confirmation,4,2025-01-11 01:57:48,178,0
session_4538,home,0,2025-01-26 15:56:50,81,0
session_4538,product_page,1,2025-01-26 15:57:23,33,1
session_4539,home,0,2025-03-08 18:51:02,99,0
session_4539,product_page,1,2025-03-08 18:51:20,18,3
session_4540,home,0,2025-06-22 15:48:19,103,0
session_4540,product_page,1,2025-06-22 15:50:09,110,4
session_4540,cart,2,2025-06-22 15:51:21,72,4
session_4540,checkout,3,2025-06-22 15:51:58,37,4
session_4541,home,0,2025-03-28 18:42:02,160,0
session_4542,home,0,2025-01-14 11:36:42,141,0
session_4542,product_page,1,2025-01-14 11:38:22,100,2
session_4542,cart,2,2025-01-14 11:38:54,32,2
session_4542,checkout,3,2025-01-14 11:39:14,20,2
session_4542,confirmation,4,2025-01-14 11:41:08,114,0
session_4543,home,0,2025-03-20 09:23:15,147,0
session_4543,product_page,1,2025-03-20 09:25:42,147,0
session_4544,home,0,2025-05-06 07:28:38,78,0
session_4545,home,0,2025-05-22 12:41:29,93,0
session_4545,product_page,1,2025-05-22 12:42:10,41,2
session_4545,cart,2,2025-05-22 12:42:42,32,2
session_4545,checkout,3,2025-05-22 12:45:20,158,2
session_4545,confirmation,4,2025-05-22 12:46:24,64,0
session_4546,home,0,2025-02-12 18:53:53,88,0
session_4547,home,0,2025-05-30 14:43:52,169,0
session_4547,product_page,1,2025-05-30 14:44:20,28,0
session_4548,home,0,2025-07-31 06:34:25,167,0
session_4548,product_page,1,2025-07-31 06:35:25,60,1
session_4549,home,0,2025-08-12 00:41:18,108,0
session_4549,product_page,1,2025-08-12 00:42:52,94,3
session_4549,cart,2,2025-08-12 00:45:50,178,3
session_4550,home,0,2025-07-28 23:15:49,144,0
session_4550,product_page,1,2025-07-28 23:16:07,18,0
session_4550,cart,2,2025-07-28 23:18:04,117,0
session_4550,checkout,3,2025-07-28 23:18:51,47,2
session_4550,confirmation,4,2025-07-28 23:20:59,128,0
session_4551,home,0,2025-08-22 17:24:50,138,0
session_4551,product_page,1,2025-08-22 17:26:40,110,0
session_4552,home,0,2025-01-01 04:08:46,62,0
session_4553,home,0,2025-05-31 07:29:17,79,0
session_4554,home,0,2025-05-23 02:54:17,141,0
session_4554,product_page,1,2025-05-23 02:56:23,126,0
session_4555,home,0,2025-03-30 09:05:55,142,0
session_4555,product_page,1,2025-03-30 09:07:11,76,0
session_4556,home,0,2025-02-02 18:54:10,94,0
session_4556,product_page,1,2025-02-02 18:55:23,73,4
session_4557,home,0,2025-04-17 06:01:00,70,0
session_4557,product_page,1,2025-04-17 06:03:04,124,2
session_4557,cart,2,2025-04-17 06:05:56,172,2
session_4558,home,0,2025-07-18 00:11:57,86,0
session_4559,home,0,2025-08-17 09:23:24,137,0
session_4559,product_page,1,2025-08-17 09:25:58,154,3
session_4559,cart,2,2025-08-17 09:27:45,107,3
session_4559,checkout,3,2025-08-17 09:29:41,116,3
session_4559,confirmation,4,2025-08-17 09:31:27,106,0
session_4560,home,0,2025-04-04 18:09:20,129,0
session_4560,product_page,1,2025-04-04 18:10:37,77,1
session_4560,cart,2,2025-04-04 18:13:07,150,1
session_4561,home,0,2025-05-31 03:10:48,84,0
session_4562,home,0,2025-01-24 17:15:02,58,0
session_4562,product_page,1,2025-01-24 17:17:36,154,3
session_4563,home,0,2025-04-03 06:53:09,140,0
session_4563,product_page,1,2025-04-03 06:54:11,62,2
session_4564,home,0,2025-07-17 08:11:05,174,0
session_4564,product_page,1,2025-07-17 08:13:41,156,5
session_4565,home,0,2025-04-01 22:59:44,60,0
session_4565,product_page,1,2025-04-01 23:01:32,108,3
session_4565,cart,2,2025-04-01 23:02:34,62,3
session_4566,home,0,2025-06-27 07:05:32,36,0
session_4567,home,0,2025-07-22 20:13:44,77,0
session_4567,product_page,1,2025-07-22 20:15:34,110,0
session_4568,home,0,2025-08-26 17:05:04,122,0
session_4568,product_page,1,2025-08-26 17:05:21,17,4
session_4568,cart,2,2025-08-26 17:06:15,54,4
session_4569,home,0,2025-01-06 04:40:20,168,0
session_4570,home,0,2025-05-16 04:22:07,74,0
session_4570,product_page,1,2025-05-16 04:24:28,141,0
session_4570,cart,2,2025-05-16 04:25:57,89,3
session_4570,checkout,3,2025-05-16 04:27:55,118,3
session_4570,confirmation,4,2025-05-16 04:30:00,125,0
session_4571,home,0,2025-06-09 01:43:01,121,0
session_4571,product_page,1,2025-06-09 01:45:23,142,0
session_4572,home,0,2025-05-13 21:42:51,109,0
session_4572,product_page,1,2025-05-13 21:44:03,72,0
session_4573,home,0,2025-01-13 08:22:14,154,0
session_4573,product_page,1,2025-01-13 08:23:41,87,2
session_4573,cart,2,2025-01-13 08:24:03,22,2
session_4573,checkout,3,2025-01-13 08:24:54,51,2
session_4573,confirmation,4,2025-01-13 08:25:30,36,0
session_4574,home,0,2025-03-22 12:05:51,128,0
session_4574,product_page,1,2025-03-22 12:08:44,173,5
session_4575,home,0,2025-05-04 20:18:23,22,0
session_4575,product_page,1,2025-05-04 20:21:08,165,0
session_4575,cart,2,2025-05-04 20:22:55,107,0
session_4575,checkout,3,2025-05-04 20:23:16,21,2
session_4575,confirmation,4,2025-05-04 20:24:09,53,0
session_4576,home,0,2025-02-08 20:21:13,25,0
session_4576,product_page,1,2025-02-08 20:23:10,117,5
session_4577,home,0,2025-02-09 05:54:52,137,0
session_4577,product_page,1,2025-02-09 05:57:04,132,2
session_4577,cart,2,2025-02-09 05:58:17,73,2
session_4578,home,0,2025-01-06 13:11:13,161,0
session_4578,product_page,1,2025-01-06 13:12:35,82,0
session_4579,home,0,2025-08-23 13:34:43,35,0
session_4579,product_page,1,2025-08-23 13:36:36,113,5
session_4579,cart,2,2025-08-23 13:39:30,174,5
session_4579,checkout,3,2025-08-23 13:41:55,145,5
session_4579,confirmation,4,2025-08-23 13:44:21,146,0
session_4580,home,0,2025-04-19 17:14:15,74,0
session_4580,product_page,1,2025-04-19 17:16:54,159,0
session_4581,home,0,2025-05-14 18:40:19,163,0
session_4581,product_page,1,2025-05-14 18:40:55,36,0
session_4582,home,0,2025-01-17 15:31:29,78,0
session_4582,product_page,1,2025-01-17 15:32:37,68,3
session_4583,home,0,2025-01-17 05:07:27,62,0
session_4583,product_page,1,2025-01-17 05:08:39,72,2
session_4584,home,0,2025-08-04 10:25:39,42,0
session_4584,product_page,1,2025-08-04 10:27:30,111,5
session_4585,home,0,2025-07-24 00:36:27,53,0
session_4585,product_page,1,2025-07-24 00:37:22,55,3
session_4586,home,0,2025-04-19 18:54:21,112,0
session_4586,product_page,1,2025-04-19 18:55:04,43,4
session_4587,home,0,2025-01-29 14:21:44,153,0
session_4587,product_page,1,2025-01-29 14:22:13,29,0
session_4588,home,0,2025-03-27 23:17:34,37,0
session_4588,product_page,1,2025-03-27 23:20:27,173,0
session_4589,home,0,2025-02-26 21:48:12,46,0
session_4589,product_page,1,2025-02-26 21:50:15,123,0
session_4590,home,0,2025-04-11 01:10:03,64,0
session_4590,product_page,1,2025-04-11 01:10:34,31,0
session_4590,cart,2,2025-04-11 01:12:58,144,2
session_4591,home,0,2025-01-23 04:45:02,82,0
session_4591,product_page,1,2025-01-23 04:47:59,177,0
session_4591,cart,2,2025-01-23 04:48:44,45,5
session_4591,checkout,3,2025-01-23 04:50:05,81,5
session_4591,confirmation,4,2025-01-23 04:52:45,160,0
session_4592,home,0,2025-07-22 19:30:28,116,0
session_4592,product_page,1,2025-07-22 19:31:06,38,3
session_4593,home,0,2025-04-20 00:24:47,31,0
session_4593,product_page,1,2025-04-20 00:26:32,105,3
session_4594,home,0,2025-05-20 04:53:04,65,0
session_4594,product_page,1,2025-05-20 04:53:27,23,3
session_4594,cart,2,2025-05-20 04:55:01,94,3
session_4594,checkout,3,2025-05-20 04:57:48,167,3
session_4594,confirmation,4,2025-05-20 04:59:25,97,0
session_4595,home,0,2025-03-28 15:39:54,88,0
session_4595,product_page,1,2025-03-28 15:40:55,61,4
session_4595,cart,2,2025-03-28 15:41:33,38,4
session_4596,home,0,2025-02-09 06:58:15,172,0
session_4596,product_page,1,2025-02-09 06:59:58,103,3
session_4597,home,0,2025-03-08 17:33:29,23,0
session_4597,product_page,1,2025-03-08 17:34:03,34,5
session_4598,home,0,2025-08-29 06:45:59,86,0
session_4598,product_page,1,2025-08-29 06:47:14,75,0
session_4599,home,0,2025-03-25 18:34:57,98,0
session_4599,product_page,1,2025-03-25 18:36:19,82,0
session_4599,cart,2,2025-03-25 18:37:41,82,4
session_4599,checkout,3,2025-03-25 18:38:46,65,4
session_4599,confirmation,4,2025-03-25 18:41:38,172,0
session_4600,home,0,2025-01-25 06:45:12,92,0
session_4601,home,0,2025-02-12 01:47:27,50,0
session_4601,product_page,1,2025-02-12 01:49:21,114,0
session_4602,home,0,2025-01-18 14:55:04,132,0
session_4602,product_page,1,2025-01-18 14:57:31,147,0
session_4603,home,0,2025-05-26 12:33:43,21,0
session_4603,product_page,1,2025-05-26 12:36:32,169,2
session_4604,home,0,2025-08-01 14:34:15,123,0
session_4604,product_page,1,2025-08-01 14:36:55,160,5
session_4604,cart,2,2025-08-01 14:39:33,158,5
session_4605,home,0,2025-02-23 06:20:31,15,0
session_4605,product_page,1,2025-02-23 06:21:23,52,4
session_4606,home,0,2025-04-24 16:20:46,78,0
session_4606,product_page,1,2025-04-24 16:22:58,132,5
session_4606,cart,2,2025-04-24 16:25:27,149,5
session_4607,home,0,2025-07-31 22:13:32,90,0
session_4607,product_page,1,2025-07-31 22:15:41,129,0
session_4608,home,0,2025-02-22 23:46:18,157,0
session_4608,product_page,1,2025-02-22 23:47:46,88,2
session_4609,home,0,2025-06-26 02:15:56,33,0
session_4609,product_page,1,2025-06-26 02:16:33,37,2
session_4610,home,0,2025-03-28 19:34:23,46,0
session_4610,product_page,1,2025-03-28 19:35:29,66,0
session_4611,home,0,2025-01-13 16:23:11,77,0
session_4612,home,0,2025-06-10 03:15:03,72,0
session_4612,product_page,1,2025-06-10 03:15:51,48,5
session_4612,cart,2,2025-06-10 03:18:33,162,5
session_4612,checkout,3,2025-06-10 03:20:41,128,5
session_4612,confirmation,4,2025-06-10 03:23:17,156,0
session_4613,home,0,2025-08-25 11:28:32,72,0
session_4613,product_page,1,2025-08-25 11:29:59,87,1
session_4614,home,0,2025-04-30 12:09:22,109,0
session_4614,product_page,1,2025-04-30 12:12:17,175,5
session_4614,cart,2,2025-04-30 12:14:05,108,5
session_4614,checkout,3,2025-04-30 12:16:10,125,5
session_4615,home,0,2025-05-23 20:28:31,80,0
session_4615,product_page,1,2025-05-23 20:29:22,51,0
session_4615,cart,2,2025-05-23 20:30:11,49,1
session_4615,checkout,3,2025-05-23 20:31:18,67,1
session_4615,confirmation,4,2025-05-23 20:33:02,104,0
session_4616,home,0,2025-06-07 21:06:01,50,0
session_4616,product_page,1,2025-06-07 21:08:55,174,2
session_4617,home,0,2025-07-11 18:57:28,91,0
session_4617,product_page,1,2025-07-11 19:00:20,172,0
session_4618,home,0,2025-03-19 12:29:02,133,0
session_4619,home,0,2025-03-24 18:18:12,54,0
session_4620,home,0,2025-07-13 18:42:32,90,0
session_4620,product_page,1,2025-07-13 18:43:18,46,4
session_4620,cart,2,2025-07-13 18:43:58,40,4
session_4620,checkout,3,2025-07-13 18:44:49,51,4
session_4620,confirmation,4,2025-07-13 18:45:22,33,0
session_4621,home,0,2025-06-14 07:14:43,83,0
session_4621,product_page,1,2025-06-14 07:15:32,49,4
session_4621,cart,2,2025-06-14 07:16:46,74,4
session_4621,checkout,3,2025-06-14 07:17:13,27,4
session_4621,confirmation,4,2025-06-14 07:18:33,80,0
session_4622,home,0,2025-06-10 20:38:02,148,0
session_4622,product_page,1,2025-06-10 20:39:38,96,0
session_4623,home,0,2025-02-17 12:55:51,81,0
session_4623,product_page,1,2025-02-17 12:57:43,112,1
session_4623,cart,2,2025-02-17 12:58:28,45,1
session_4624,home,0,2025-01-22 04:45:57,73,0
session_4624,product_page,1,2025-01-22 04:46:32,35,0
session_4625,home,0,2025-04-08 08:55:41,142,0
session_4625,product_page,1,2025-04-08 08:57:50,129,5
session_4625,cart,2,2025-04-08 08:58:13,23,5
session_4625,checkout,3,2025-04-08 09:01:04,171,5
session_4625,confirmation,4,2025-04-08 09:01:32,28,0
session_4626,home,0,2025-08-09 20:45:54,114,0
session_4626,product_page,1,2025-08-09 20:46:34,40,0
session_4626,cart,2,2025-08-09 20:47:39,65,4
session_4627,home,0,2025-06-28 18:53:47,107,0
session_4627,product_page,1,2025-06-28 18:56:29,162,5
session_4627,cart,2,2025-06-28 18:59:11,162,5
session_4628,home,0,2025-06-04 11:11:49,28,0
session_4628,product_page,1,2025-06-04 11:12:46,57,0
session_4628,cart,2,2025-06-04 11:14:55,129,1
session_4628,checkout,3,2025-06-04 11:17:16,141,1
session_4628,confirmation,4,2025-06-04 11:20:07,171,0
session_4629,home,0,2025-08-17 06:35:07,137,0
session_4629,product_page,1,2025-08-17 06:38:03,176,2
session_4629,cart,2,2025-08-17 06:39:49,106,2
session_4629,checkout,3,2025-08-17 06:40:08,19,2
session_4629,confirmation,4,2025-08-17 06:41:16,68,0
session_4630,home,0,2025-04-02 10:06:40,119,0
session_4630,product_page,1,2025-04-02 10:07:01,21,1
session_4630,cart,2,2025-04-02 10:09:33,152,1
session_4630,checkout,3,2025-04-02 10:09:53,20,1
session_4630,confirmation,4,2025-04-02 10:12:31,158,0
session_4631,home,0,2025-02-11 09:12:03,103,0
session_4631,product_page,1,2025-02-11 09:13:35,92,3
session_4632,home,0,2025-08-22 04:06:28,81,0
session_4633,home,0,2025-06-18 09:04:49,22,0
session_4633,product_page,1,2025-06-18 09:06:48,119,4
session_4634,home,0,2025-08-04 02:53:40,59,0
session_4634,product_page,1,2025-08-04 02:56:09,149,2
session_4634,cart,2,2025-08-04 02:57:58,109,2
session_4634,checkout,3,2025-08-04 02:59:27,89,2
session_4634,confirmation,4,2025-08-04 03:01:38,131,0
session_4635,home,0,2025-06-26 00:15:02,180,0
session_4636,home,0,2025-06-25 16:50:07,100,0
session_4636,product_page,1,2025-06-25 16:53:07,180,4
session_4637,home,0,2025-05-16 02:36:13,83,0
session_4637,product_page,1,2025-05-16 02:38:48,155,4
session_4638,home,0,2025-08-07 15:01:52,125,0
session_4638,product_page,1,2025-08-07 15:02:56,64,5
session_4639,home,0,2025-07-07 20:01:32,125,0
session_4639,product_page,1,2025-07-07 20:02:58,86,5
session_4640,home,0,2025-06-04 14:15:18,133,0
session_4640,product_page,1,2025-06-04 14:17:31,133,2
session_4641,home,0,2025-04-15 15:38:23,132,0
session_4641,product_page,1,2025-04-15 15:40:08,105,3
session_4641,cart,2,2025-04-15 15:42:38,150,3
session_4641,checkout,3,2025-04-15 15:44:17,99,3
session_4641,confirmation,4,2025-04-15 15:45:58,101,0
session_4642,home,0,2025-08-10 11:25:00,45,0
session_4643,home,0,2025-07-02 01:06:51,41,0
session_4643,product_page,1,2025-07-02 01:09:29,158,0
session_4643,cart,2,2025-07-02 01:11:20,111,4
session_4644,home,0,2025-03-29 14:17:06,50,0
session_4644,product_page,1,2025-03-29 14:18:05,59,0
session_4645,home,0,2025-02-12 01:07:06,127,0
session_4645,product_page,1,2025-02-12 01:07:33,27,4
session_4646,home,0,2025-06-26 13:46:04,125,0
session_4647,home,0,2025-07-19 13:41:32,125,0
session_4647,product_page,1,2025-07-19 13:42:12,40,0
session_4648,home,0,2025-07-18 04:59:58,21,0
session_4648,product_page,1,2025-07-18 05:00:40,42,2
session_4649,home,0,2025-05-06 06:09:31,35,0
session_4649,product_page,1,2025-05-06 06:12:23,172,3
session_4649,cart,2,2025-05-06 06:14:50,147,3
session_4649,checkout,3,2025-05-06 06:16:34,104,3
session_4649,confirmation,4,2025-05-06 06:18:24,110,0
session_4650,home,0,2025-04-01 09:17:23,113,0
session_4650,product_page,1,2025-04-01 09:19:46,143,0
session_4650,cart,2,2025-04-01 09:20:10,24,3
session_4650,checkout,3,2025-04-01 09:22:00,110,3
session_4650,confirmation,4,2025-04-01 09:23:24,84,0
session_4651,home,0,2025-06-19 06:14:39,127,0
session_4652,home,0,2025-04-07 08:16:39,163,0
session_4652,product_page,1,2025-04-07 08:17:15,36,5
session_4653,home,0,2025-07-19 12:48:00,29,0
session_4653,product_page,1,2025-07-19 12:49:30,90,0
session_4653,cart,2,2025-07-19 12:51:57,147,0
session_4654,home,0,2025-08-27 00:22:24,77,0
session_4655,home,0,2025-06-28 18:56:56,88,0
session_4656,home,0,2025-03-01 00:04:11,145,0
session_4657,home,0,2025-08-31 22:37:31,145,0
session_4657,product_page,1,2025-08-31 22:40:09,158,0
session_4658,home,0,2025-06-02 03:13:58,17,0
session_4658,product_page,1,2025-06-02 03:15:24,86,0
session_4659,home,0,2025-02-25 06:10:24,171,0
session_4659,product_page,1,2025-02-25 06:12:15,111,3
session_4660,home,0,2025-01-30 06:58:59,175,0
session_4660,product_page,1,2025-01-30 07:01:14,135,3
session_4661,home,0,2025-07-20 08:39:40,119,0
session_4661,product_page,1,2025-07-20 08:41:14,94,3
session_4662,home,0,2025-02-01 14:42:33,132,0
session_4662,product_page,1,2025-02-01 14:44:19,106,4
session_4663,home,0,2025-05-19 09:43:52,112,0
session_4663,product_page,1,2025-05-19 09:46:24,152,0
session_4663,cart,2,2025-05-19 09:47:38,74,0
session_4663,checkout,3,2025-05-19 09:48:20,42,3
session_4663,confirmation,4,2025-05-19 09:49:17,57,0
session_4664,home,0,2025-06-29 11:55:55,160,0
session_4664,product_page,1,2025-06-29 11:57:40,105,3
session_4664,cart,2,2025-06-29 12:00:37,177,3
session_4665,home,0,2025-05-17 11:31:27,71,0
session_4665,product_page,1,2025-05-17 11:34:17,170,0
session_4665,cart,2,2025-05-17 11:36:22,125,5
session_4665,checkout,3,2025-05-17 11:38:10,108,5
session_4666,home,0,2025-01-17 16:44:10,130,0
session_4666,product_page,1,2025-01-17 16:45:44,94,0
session_4667,home,0,2025-04-16 00:23:27,42,0
session_4667,product_page,1,2025-04-16 00:24:12,45,5
session_4668,home,0,2025-01-18 12:40:57,67,0
session_4668,product_page,1,2025-01-18 12:41:15,18,1
session_4669,home,0,2025-01-12 09:47:06,122,0
session_4669,product_page,1,2025-01-12 09:48:01,55,0
session_4670,home,0,2025-07-28 00:13:47,56,0
session_4670,product_page,1,2025-07-28 00:15:45,118,2
session_4671,home,0,2025-03-20 18:36:05,167,0
session_4671,product_page,1,2025-03-20 18:36:37,32,0
session_4672,home,0,2025-03-07 11:57:50,20,0
session_4673,home,0,2025-06-25 13:56:19,71,0
session_4673,product_page,1,2025-06-25 13:58:05,106,5
session_4673,cart,2,2025-06-25 14:00:43,158,5
session_4673,checkout,3,2025-06-25 14:02:14,91,5
session_4673,confirmation,4,2025-06-25 14:04:25,131,0
session_4674,home,0,2025-01-17 08:45:39,28,0
session_4674,product_page,1,2025-01-17 08:48:16,157,0
session_4674,cart,2,2025-01-17 08:50:51,155,2
session_4674,checkout,3,2025-01-17 08:53:27,156,2
session_4675,home,0,2025-06-29 14:27:26,57,0
session_4675,product_page,1,2025-06-29 14:28:21,55,0
session_4675,cart,2,2025-06-29 14:30:14,113,0
session_4675,checkout,3,2025-06-29 14:30:37,23,3
session_4676,home,0,2025-03-19 05:58:07,91,0
session_4676,product_page,1,2025-03-19 05:59:46,99,3
session_4676,cart,2,2025-03-19 06:02:22,156,3
session_4676,checkout,3,2025-03-19 06:04:16,114,3
session_4676,confirmation,4,2025-03-19 06:05:08,52,0
session_4677,home,0,2025-02-16 15:29:02,98,0
session_4678,home,0,2025-03-31 06:04:58,102,0
session_4679,home,0,2025-04-10 02:53:49,118,0
session_4679,product_page,1,2025-04-10 02:54:19,30,0
session_4680,home,0,2025-05-24 17:53:44,141,0
session_4681,home,0,2025-01-01 08:11:09,106,0
session_4681,product_page,1,2025-01-01 08:13:53,164,5
session_4681,cart,2,2025-01-01 08:16:46,173,5
session_4681,checkout,3,2025-01-01 08:18:10,84,5
session_4681,confirmation,4,2025-01-01 08:18:25,15,0
session_4682,home,0,2025-01-30 06:06:46,97,0
session_4682,product_page,1,2025-01-30 06:09:04,138,1
session_4683,home,0,2025-07-27 06:04:17,159,0
session_4683,product_page,1,2025-07-27 06:05:17,60,0
session_4684,home,0,2025-03-12 16:41:39,50,0
session_4684,product_page,1,2025-03-12 16:42:18,39,3
session_4684,cart,2,2025-03-12 16:42:46,28,3
session_4685,home,0,2025-08-28 13:48:42,51,0
session_4685,product_page,1,2025-08-28 13:50:41,119,3
session_4685,cart,2,2025-08-28 13:53:35,174,3
session_4685,checkout,3,2025-08-28 13:56:35,180,3
session_4685,confirmation,4,2025-08-28 13:57:50,75,0
session_4686,home,0,2025-04-05 08:01:09,95,0
session_4686,product_page,1,2025-04-05 08:03:51,162,1
session_4687,home,0,2025-03-07 19:28:16,170,0
session_4687,product_page,1,2025-03-07 19:31:05,169,0
session_4687,cart,2,2025-03-07 19:31:38,33,5
session_4687,checkout,3,2025-03-07 19:34:36,178,5
session_4687,confirmation,4,2025-03-07 19:34:55,19,0
session_4688,home,0,2025-01-17 20:55:23,135,0
session_4688,product_page,1,2025-01-17 20:56:53,90,0
session_4688,cart,2,2025-01-17 20:57:18,25,0
session_4688,checkout,3,2025-01-17 21:00:08,170,1
session_4688,confirmation,4,2025-01-17 21:03:07,179,0
session_4689,home,0,2025-04-12 12:19:17,147,0
session_4689,product_page,1,2025-04-12 12:19:47,30,3
session_4689,cart,2,2025-04-12 12:22:40,173,3
session_4689,checkout,3,2025-04-12 12:23:43,63,3
session_4689,confirmation,4,2025-04-12 12:26:04,141,0
session_4690,home,0,2025-01-27 08:57:42,55,0
session_4690,product_page,1,2025-01-27 08:59:39,117,2
session_4691,home,0,2025-06-21 09:16:13,167,0
session_4692,home,0,2025-04-17 09:53:08,85,0
session_4692,product_page,1,2025-04-17 09:54:06,58,5
session_4693,home,0,2025-02-03 21:17:12,163,0
session_4693,product_page,1,2025-02-03 21:18:18,66,0
session_4694,home,0,2025-05-14 21:32:42,100,0
session_4695,home,0,2025-02-13 17:43:55,85,0
session_4695,product_page,1,2025-02-13 17:45:25,90,5
session_4695,cart,2,2025-02-13 17:45:42,17,5
session_4695,checkout,3,2025-02-13 17:46:43,61,5
session_4695,confirmation,4,2025-02-13 17:47:48,65,0
session_4696,home,0,2025-08-29 13:26:09,151,0
session_4696,product_page,1,2025-08-29 13:29:05,176,0
session_4697,home,0,2025-03-05 22:58:50,103,0
session_4697,product_page,1,2025-03-05 23:01:37,167,1
session_4697,cart,2,2025-03-05 23:03:12,95,1
session_4697,checkout,3,2025-03-05 23:04:02,50,1
session_4697,confirmation,4,2025-03-05 23:06:53,171,0
session_4698,home,0,2025-01-19 01:27:39,159,0
session_4699,home,0,2025-05-27 02:00:23,114,0
session_4699,product_page,1,2025-05-27 02:01:39,76,0
session_4699,cart,2,2025-05-27 02:03:34,115,1
session_4699,checkout,3,2025-05-27 02:05:32,118,1
session_4699,confirmation,4,2025-05-27 02:06:58,86,0
session_4700,home,0,2025-08-24 16:18:13,28,0
session_4700,product_page,1,2025-08-24 16:20:53,160,0
session_4701,home,0,2025-08-18 09:23:02,134,0
session_4702,home,0,2025-02-17 13:06:03,113,0
session_4702,product_page,1,2025-02-17 13:06:37,34,2
session_4702,cart,2,2025-02-17 13:08:08,91,2
session_4702,checkout,3,2025-02-17 13:10:12,124,2
session_4702,confirmation,4,2025-02-17 13:10:31,19,0
session_4703,home,0,2025-07-03 01:10:05,127,0
session_4703,product_page,1,2025-07-03 01:12:32,147,5
session_4703,cart,2,2025-07-03 01:13:02,30,5
session_4703,checkout,3,2025-07-03 01:14:27,85,5
session_4703,confirmation,4,2025-07-03 01:17:06,159,0
session_4704,home,0,2025-06-13 04:57:03,103,0
session_4704,product_page,1,2025-06-13 04:59:26,143,4
session_4705,home,0,2025-07-03 15:38:40,30,0
session_4705,product_page,1,2025-07-03 15:40:07,87,0
session_4705,cart,2,2025-07-03 15:42:17,130,3
session_4706,home,0,2025-04-28 13:39:25,25,0
session_4706,product_page,1,2025-04-28 13:42:11,166,0
session_4707,home,0,2025-03-20 15:30:45,24,0
session_4707,product_page,1,2025-03-20 15:31:17,32,2
session_4707,cart,2,2025-03-20 15:31:46,29,2
session_4708,home,0,2025-04-12 10:25:41,158,0
session_4709,home,0,2025-05-22 14:27:54,99,0
session_4710,home,0,2025-05-17 07:17:37,105,0
session_4710,product_page,1,2025-05-17 07:19:34,117,1
session_4710,cart,2,2025-05-17 07:20:48,74,1
session_4710,checkout,3,2025-05-17 07:22:45,117,1
session_4710,confirmation,4,2025-05-17 07:23:37,52,0
session_4711,home,0,2025-08-14 16:11:47,42,0
session_4711,product_page,1,2025-08-14 16:12:14,27,4
session_4712,home,0,2025-01-03 20:48:09,154,0
session_4712,product_page,1,2025-01-03 20:48:42,33,4
session_4712,cart,2,2025-01-03 20:49:44,62,4
session_4712,checkout,3,2025-01-03 20:50:17,33,4
session_4712,confirmation,4,2025-01-03 20:50:34,17,0
session_4713,home,0,2025-05-03 15:14:30,60,0
session_4713,product_page,1,2025-05-03 15:16:21,111,5
session_4713,cart,2,2025-05-03 15:16:37,16,5
session_4713,checkout,3,2025-05-03 15:17:29,52,5
session_4713,confirmation,4,2025-05-03 15:20:14,165,0
session_4714,home,0,2025-04-03 19:55:38,48,0
session_4714,product_page,1,2025-04-03 19:57:06,88,2
session_4715,home,0,2025-02-10 17:52:09,56,0
session_4715,product_page,1,2025-02-10 17:53:41,92,0
session_4716,home,0,2025-07-04 05:10:09,131,0
session_4716,product_page,1,2025-07-04 05:12:19,130,0
session_4717,home,0,2025-05-03 05:48:03,128,0
session_4717,product_page,1,2025-05-03 05:50:56,173,0
session_4717,cart,2,2025-05-03 05:52:13,77,0
session_4717,checkout,3,2025-05-03 05:53:29,76,3
session_4717,confirmation,4,2025-05-03 05:53:54,25,0
session_4718,home,0,2025-08-01 11:36:58,21,0
session_4718,product_page,1,2025-08-01 11:38:24,86,1
session_4719,home,0,2025-04-22 23:37:41,102,0
session_4719,product_page,1,2025-04-22 23:40:17,156,0
session_4719,cart,2,2025-04-22 23:41:35,78,0
session_4719,checkout,3,2025-04-22 23:42:16,41,2
session_4719,confirmation,4,2025-04-22 23:42:48,32,0
session_4720,home,0,2025-04-28 06:12:35,37,0
session_4720,product_page,1,2025-04-28 06:14:57,142,0
session_4721,home,0,2025-08-15 21:39:26,86,0
session_4721,product_page,1,2025-08-15 21:41:06,100,2
session_4721,cart,2,2025-08-15 21:42:31,85,2
session_4721,checkout,3,2025-08-15 21:45:04,153,2
session_4721,confirmation,4,2025-08-15 21:45:30,26,0
session_4722,home,0,2025-08-08 16:03:37,61,0
session_4722,product_page,1,2025-08-08 16:05:28,111,5
session_4722,cart,2,2025-08-08 16:06:46,78,5
session_4722,checkout,3,2025-08-08 16:08:58,132,5
session_4722,confirmation,4,2025-08-08 16:10:29,91,0
session_4723,home,0,2025-07-04 21:50:22,178,0
session_4723,product_page,1,2025-07-04 21:52:34,132,0
session_4723,cart,2,2025-07-04 21:53:12,38,4
session_4724,home,0,2025-05-08 12:26:17,74,0
session_4724,product_page,1,2025-05-08 12:28:08,111,0
session_4725,home,0,2025-01-25 12:44:07,164,0
session_4725,product_page,1,2025-01-25 12:45:08,61,0
session_4726,home,0,2025-01-02 14:04:50,92,0
session_4726,product_page,1,2025-01-02 14:05:05,15,0
session_4727,home,0,2025-08-22 04:07:41,49,0
session_4727,product_page,1,2025-08-22 04:10:36,175,3
session_4728,home,0,2025-05-07 21:43:00,168,0
session_4729,home,0,2025-01-18 03:23:03,100,0
session_4729,product_page,1,2025-01-18 03:24:07,64,0
session_4730,home,0,2025-07-17 18:50:36,69,0
session_4730,product_page,1,2025-07-17 18:53:28,172,2
session_4731,home,0,2025-05-25 01:52:17,39,0
session_4731,product_page,1,2025-05-25 01:52:36,19,4
session_4731,cart,2,2025-05-25 01:53:45,69,4
session_4731,checkout,3,2025-05-25 01:55:49,124,4
session_4731,confirmation,4,2025-05-25 01:56:43,54,0
session_4732,home,0,2025-05-24 05:31:30,37,0
session_4732,product_page,1,2025-05-24 05:32:31,61,1
session_4732,cart,2,2025-05-24 05:33:16,45,1
session_4732,checkout,3,2025-05-24 05:34:24,68,1
session_4732,confirmation,4,2025-05-24 05:35:01,37,0
session_4733,home,0,2025-06-11 05:06:11,36,0
session_4733,product_page,1,2025-06-11 05:07:36,85,5
session_4734,home,0,2025-01-13 06:37:54,98,0
session_4734,product_page,1,2025-01-13 06:39:04,70,0
session_4735,home,0,2025-04-15 10:25:02,86,0
session_4736,home,0,2025-02-17 23:19:00,54,0
session_4736,product_page,1,2025-02-17 23:19:53,53,0
session_4736,cart,2,2025-02-17 23:21:46,113,0
session_4736,checkout,3,2025-02-17 23:22:41,55,2
session_4736,confirmation,4,2025-02-17 23:23:26,45,0
session_4737,home,0,2025-04-12 11:16:28,162,0
session_4737,product_page,1,2025-04-12 11:19:07,159,4
session_4738,home,0,2025-07-19 09:14:39,141,0
session_4738,product_page,1,2025-07-19 09:15:44,65,0
session_4738,cart,2,2025-07-19 09:16:15,31,0
session_4739,home,0,2025-07-27 12:48:44,75,0
session_4740,home,0,2025-07-26 10:37:21,119,0
session_4740,product_page,1,2025-07-26 10:37:57,36,0
session_4740,cart,2,2025-07-26 10:40:30,153,0
session_4740,checkout,3,2025-07-26 10:41:29,59,2
session_4740,confirmation,4,2025-07-26 10:43:33,124,0
session_4741,home,0,2025-02-21 20:20:02,150,0
session_4741,product_page,1,2025-02-21 20:20:23,21,3
session_4741,cart,2,2025-02-21 20:21:28,65,3
session_4742,home,0,2025-08-26 02:40:17,151,0
session_4742,product_page,1,2025-08-26 02:42:54,157,3
session_4743,home,0,2025-05-16 18:50:59,122,0
session_4744,home,0,2025-05-27 06:38:48,127,0
session_4744,product_page,1,2025-05-27 06:41:04,136,3
session_4744,cart,2,2025-05-27 06:43:13,129,3
session_4745,home,0,2025-01-17 14:43:38,133,0
session_4745,product_page,1,2025-01-17 14:45:56,138,0
session_4745,cart,2,2025-01-17 14:48:29,153,1
session_4746,home,0,2025-01-20 19:56:16,180,0
session_4746,product_page,1,2025-01-20 19:57:47,91,2
session_4747,home,0,2025-06-03 18:13:19,108,0
session_4747,product_page,1,2025-06-03 18:15:07,108,0
session_4748,home,0,2025-07-01 18:24:50,103,0
session_4748,product_page,1,2025-07-01 18:26:43,113,0
session_4749,home,0,2025-04-28 06:28:12,158,0
session_4749,product_page,1,2025-04-28 06:28:42,30,2
session_4750,home,0,2025-07-07 17:00:20,46,0
session_4750,product_page,1,2025-07-07 17:02:39,139,1
session_4751,home,0,2025-01-08 10:56:38,143,0
session_4751,product_page,1,2025-01-08 10:57:11,33,0
session_4752,home,0,2025-08-18 10:41:53,35,0
session_4752,product_page,1,2025-08-18 10:43:57,124,1
session_4752,cart,2,2025-08-18 10:46:46,169,1
session_4753,home,0,2025-06-15 14:30:42,157,0
session_4753,product_page,1,2025-06-15 14:32:24,102,5
session_4753,cart,2,2025-06-15 14:33:38,74,5
session_4754,home,0,2025-06-14 13:22:51,175,0
session_4754,product_page,1,2025-06-14 13:23:08,17,1
session_4754,cart,2,2025-06-14 13:25:47,159,1
session_4755,home,0,2025-04-15 15:20:49,171,0
session_4755,product_page,1,2025-04-15 15:21:11,22,3
session_4756,home,0,2025-06-01 19:48:12,15,0
session_4756,product_page,1,2025-06-01 19:51:11,179,0
session_4757,home,0,2025-06-14 09:46:57,161,0
session_4757,product_page,1,2025-06-14 09:49:38,161,0
session_4757,cart,2,2025-06-14 09:50:44,66,0
session_4757,checkout,3,2025-06-14 09:51:01,17,2
session_4757,confirmation,4,2025-06-14 09:52:13,72,0
session_4758,home,0,2025-01-19 16:46:34,50,0
session_4758,product_page,1,2025-01-19 16:48:05,91,1
session_4758,cart,2,2025-01-19 16:48:33,28,1
session_4759,home,0,2025-04-28 03:26:10,99,0
session_4759,product_page,1,2025-04-28 03:27:04,54,3
session_4760,home,0,2025-07-29 15:42:44,163,0
session_4761,home,0,2025-01-29 03:51:51,75,0
session_4761,product_page,1,2025-01-29 03:52:27,36,0
session_4761,cart,2,2025-01-29 03:54:11,104,0
session_4762,home,0,2025-03-16 00:12:02,74,0
session_4763,home,0,2025-08-02 13:11:13,114,0
session_4763,product_page,1,2025-08-02 13:13:58,165,0
session_4764,home,0,2025-05-21 12:50:47,114,0
session_4764,product_page,1,2025-05-21 12:52:22,95,1
session_4765,home,0,2025-07-14 05:04:53,127,0
session_4765,product_page,1,2025-07-14 05:07:22,149,0
session_4766,home,0,2025-05-21 08:14:18,137,0
session_4766,product_page,1,2025-05-21 08:15:16,58,0
session_4766,cart,2,2025-05-21 08:17:56,160,0
session_4767,home,0,2025-05-21 02:35:17,42,0
session_4767,product_page,1,2025-05-21 02:37:48,151,0
session_4768,home,0,2025-06-15 04:21:45,166,0
session_4769,home,0,2025-06-01 07:23:54,164,0
session_4769,product_page,1,2025-06-01 07:25:56,122,0
session_4769,cart,2,2025-06-01 07:28:27,151,0
session_4770,home,0,2025-04-13 13:05:36,65,0
session_4770,product_page,1,2025-04-13 13:06:45,69,4
session_4770,cart,2,2025-04-13 13:08:09,84,4
session_4770,checkout,3,2025-04-13 13:08:51,42,4
session_4770,confirmation,4,2025-04-13 13:11:46,175,0
session_4771,home,0,2025-05-14 17:12:33,52,0
session_4771,product_page,1,2025-05-14 17:13:11,38,0
session_4771,cart,2,2025-05-14 17:14:00,49,0
session_4771,checkout,3,2025-05-14 17:14:27,27,2
session_4771,confirmation,4,2025-05-14 17:16:53,146,0
session_4772,home,0,2025-05-28 13:40:36,15,0
session_4772,product_page,1,2025-05-28 13:43:09,153,2
session_4773,home,0,2025-05-02 13:13:37,120,0
session_4773,product_page,1,2025-05-02 13:16:21,164,3
session_4774,home,0,2025-05-12 15:55:33,55,0
session_4774,product_page,1,2025-05-12 15:56:44,71,3
session_4774,cart,2,2025-05-12 15:59:34,170,3
session_4774,checkout,3,2025-05-12 16:02:12,158,3
session_4774,confirmation,4,2025-05-12 16:05:09,177,0
session_4775,home,0,2025-07-11 07:08:21,100,0
session_4775,product_page,1,2025-07-11 07:09:38,77,0
session_4776,home,0,2025-01-16 05:22:23,140,0
session_4777,home,0,2025-05-22 10:16:32,128,0
session_4777,product_page,1,2025-05-22 10:16:55,23,2
session_4777,cart,2,2025-05-22 10:17:45,50,2
session_4778,home,0,2025-05-21 23:51:19,20,0
session_4778,product_page,1,2025-05-21 23:54:17,178,3
session_4779,home,0,2025-06-26 07:19:53,70,0
session_4779,product_page,1,2025-06-26 07:22:50,177,0
session_4780,home,0,2025-05-26 22:50:22,164,0
session_4780,product_page,1,2025-05-26 22:50:41,19,1
session_4781,home,0,2025-08-31 07:01:58,177,0
session_4781,product_page,1,2025-08-31 07:04:20,142,4
session_4782,home,0,2025-03-19 23:48:25,176,0
session_4782,product_page,1,2025-03-19 23:51:21,176,0
session_4782,cart,2,2025-03-19 23:52:11,50,0
session_4783,home,0,2025-01-24 00:00:27,170,0
session_4783,product_page,1,2025-01-24 00:01:38,71,0
session_4784,home,0,2025-08-03 15:06:20,56,0
session_4784,product_page,1,2025-08-03 15:07:03,43,2
session_4784,cart,2,2025-08-03 15:08:44,101,2
session_4784,checkout,3,2025-08-03 15:11:07,143,2
session_4784,confirmation,4,2025-08-03 15:13:17,130,0
session_4785,home,0,2025-02-12 09:00:03,55,0
session_4785,product_page,1,2025-02-12 09:01:05,62,2
session_4786,home,0,2025-05-23 08:17:03,104,0
session_4787,home,0,2025-02-05 02:04:39,37,0
session_4787,product_page,1,2025-02-05 02:05:54,75,0
session_4788,home,0,2025-01-28 13:21:10,75,0
session_4788,product_page,1,2025-01-28 13:24:09,179,3
session_4789,home,0,2025-05-08 09:12:05,112,0
session_4789,product_page,1,2025-05-08 09:14:39,154,1
session_4790,home,0,2025-06-05 18:56:39,154,0
session_4790,product_page,1,2025-06-05 18:59:34,175,5
session_4790,cart,2,2025-06-05 19:01:28,114,5
session_4791,home,0,2025-06-29 04:09:32,96,0
session_4791,product_page,1,2025-06-29 04:11:14,102,3
session_4791,cart,2,2025-06-29 04:12:03,49,3
session_4791,checkout,3,2025-06-29 04:12:44,41,3
session_4791,confirmation,4,2025-06-29 04:15:30,166,0
session_4792,home,0,2025-07-28 17:27:29,174,0
session_4792,product_page,1,2025-07-28 17:29:38,129,0
session_4793,home,0,2025-08-22 09:14:19,50,0
session_4793,product_page,1,2025-08-22 09:15:13,54,4
session_4794,home,0,2025-07-21 08:50:57,141,0
session_4794,product_page,1,2025-07-21 08:53:11,134,1
session_4794,cart,2,2025-07-21 08:55:21,130,1
session_4794,checkout,3,2025-07-21 08:56:54,93,1
session_4794,confirmation,4,2025-07-21 08:59:48,174,0
session_4795,home,0,2025-05-18 07:16:42,55,0
session_4796,home,0,2025-01-25 21:23:52,137,0
session_4797,home,0,2025-03-30 17:56:06,149,0
session_4797,product_page,1,2025-03-30 17:58:36,150,0
session_4798,home,0,2025-07-22 16:24:52,133,0
session_4798,product_page,1,2025-07-22 16:26:57,125,2
session_4799,home,0,2025-04-13 15:44:22,110,0
session_4799,product_page,1,2025-04-13 15:47:13,171,3
session_4800,home,0,2025-05-25 01:56:37,35,0
session_4800,product_page,1,2025-05-25 01:57:24,47,0
session_4801,home,0,2025-03-17 17:26:59,19,0
session_4801,product_page,1,2025-03-17 17:29:58,179,0
session_4801,cart,2,2025-03-17 17:32:33,155,4
session_4801,checkout,3,2025-03-17 17:34:29,116,4
session_4801,confirmation,4,2025-03-17 17:35:48,79,0
session_4802,home,0,2025-03-04 23:42:16,31,0
session_4802,product_page,1,2025-03-04 23:44:09,113,2
session_4803,home,0,2025-06-24 23:23:42,104,0
session_4804,home,0,2025-05-09 04:54:48,72,0
session_4804,product_page,1,2025-05-09 04:56:40,112,0
session_4805,home,0,2025-05-19 20:51:10,92,0
session_4805,product_page,1,2025-05-19 20:53:27,137,4
session_4806,home,0,2025-02-06 10:43:47,106,0
session_4806,product_page,1,2025-02-06 10:45:37,110,0
session_4807,home,0,2025-08-05 10:25:08,84,0
session_4808,home,0,2025-04-13 06:27:41,82,0
session_4808,product_page,1,2025-04-13 06:30:00,139,4
session_4809,home,0,2025-01-14 04:36:26,159,0
session_4809,product_page,1,2025-01-14 04:38:20,114,1
session_4809,cart,2,2025-01-14 04:41:05,165,1
session_4809,checkout,3,2025-01-14 04:43:39,154,1
session_4809,confirmation,4,2025-01-14 04:46:15,156,0
session_4810,home,0,2025-02-03 15:26:23,76,0
session_4811,home,0,2025-01-03 23:37:37,165,0
session_4811,product_page,1,2025-01-03 23:38:30,53,4
session_4811,cart,2,2025-01-03 23:39:23,53,4
session_4811,checkout,3,2025-01-03 23:40:21,58,4
session_4812,home,0,2025-01-07 00:17:28,51,0
session_4812,product_page,1,2025-01-07 00:18:33,65,2
session_4813,home,0,2025-08-01 18:13:47,117,0
session_4813,product_page,1,2025-08-01 18:15:37,110,1
session_4813,cart,2,2025-08-01 18:17:56,139,1
session_4813,checkout,3,2025-08-01 18:18:55,59,1
session_4813,confirmation,4,2025-08-01 18:21:03,128,0
session_4814,home,0,2025-04-18 19:20:42,100,0
session_4814,product_page,1,2025-04-18 19:20:58,16,0
session_4815,home,0,2025-02-04 04:52:45,70,0
session_4815,product_page,1,2025-02-04 04:54:38,113,0
session_4816,home,0,2025-06-03 18:52:34,160,0
session_4817,home,0,2025-04-12 06:21:45,156,0
session_4817,product_page,1,2025-04-12 06:22:56,71,0
session_4818,home,0,2025-04-14 07:33:55,104,0
session_4818,product_page,1,2025-04-14 07:36:35,160,0
session_4819,home,0,2025-05-26 05:08:03,94,0
session_4820,home,0,2025-02-23 12:40:01,180,0
session_4820,product_page,1,2025-02-23 12:41:49,108,3
session_4821,home,0,2025-07-03 19:28:09,68,0
session_4821,product_page,1,2025-07-03 19:31:01,172,3
session_4822,home,0,2025-05-28 05:18:41,136,0
session_4822,product_page,1,2025-05-28 05:21:26,165,5
session_4823,home,0,2025-01-14 10:28:13,118,0
session_4823,product_page,1,2025-01-14 10:29:26,73,1
session_4824,home,0,2025-01-07 23:05:40,96,0
session_4825,home,0,2025-05-30 12:56:56,97,0
session_4826,home,0,2025-07-17 10:09:22,111,0
session_4826,product_page,1,2025-07-17 10:10:30,68,0
session_4826,cart,2,2025-07-17 10:12:20,110,2
session_4827,home,0,2025-05-23 14:36:24,159,0
session_4828,home,0,2025-06-18 14:27:41,123,0
session_4828,product_page,1,2025-06-18 14:29:49,128,3
session_4828,cart,2,2025-06-18 14:32:34,165,3
session_4828,checkout,3,2025-06-18 14:33:23,49,3
session_4828,confirmation,4,2025-06-18 14:35:16,113,0
session_4829,home,0,2025-06-17 06:30:40,142,0
session_4830,home,0,2025-08-04 19:24:07,159,0
session_4831,home,0,2025-02-11 20:53:23,32,0
session_4831,product_page,1,2025-02-11 20:54:51,88,0
session_4831,cart,2,2025-02-11 20:56:22,91,0
session_4831,checkout,3,2025-02-11 20:58:52,150,2
session_4831,confirmation,4,2025-02-11 21:01:45,173,0
session_4832,home,0,2025-01-22 00:21:32,105,0
session_4832,product_page,1,2025-01-22 00:23:08,96,3
session_4833,home,0,2025-01-16 12:39:09,164,0
session_4833,product_page,1,2025-01-16 12:40:34,85,0
session_4834,home,0,2025-07-06 04:26:44,177,0
session_4834,product_page,1,2025-07-06 04:27:44,60,0
session_4835,home,0,2025-02-20 14:10:24,144,0
session_4835,product_page,1,2025-02-20 14:12:37,133,4
session_4836,home,0,2025-06-15 20:16:11,64,0
session_4837,home,0,2025-04-15 17:34:30,153,0
session_4838,home,0,2025-03-12 18:47:53,56,0
session_4838,product_page,1,2025-03-12 18:48:52,59,0
session_4839,home,0,2025-03-13 15:19:36,27,0
session_4839,product_page,1,2025-03-13 15:20:15,39,0
session_4840,home,0,2025-06-10 04:30:59,20,0
session_4840,product_page,1,2025-06-10 04:33:35,156,1
session_4841,home,0,2025-07-08 12:13:47,125,0
session_4842,home,0,2025-08-16 05:01:14,16,0
session_4842,product_page,1,2025-08-16 05:03:46,152,0
session_4842,cart,2,2025-08-16 05:06:03,137,3
session_4842,checkout,3,2025-08-16 05:08:10,127,3
session_4842,confirmation,4,2025-08-16 05:10:12,122,0
session_4843,home,0,2025-01-30 19:26:57,77,0
session_4843,product_page,1,2025-01-30 19:28:50,113,5
session_4844,home,0,2025-03-31 15:08:56,20,0
session_4844,product_page,1,2025-03-31 15:09:34,38,2
session_4844,cart,2,2025-03-31 15:11:00,86,2
session_4844,checkout,3,2025-03-31 15:13:48,168,2
session_4844,confirmation,4,2025-03-31 15:14:45,57,0
session_4845,home,0,2025-08-12 16:37:32,120,0
session_4845,product_page,1,2025-08-12 16:39:40,128,4
session_4846,home,0,2025-01-14 09:48:04,35,0
session_4846,product_page,1,2025-01-14 09:50:45,161,0
session_4847,home,0,2025-08-17 04:56:46,167,0
session_4847,product_page,1,2025-08-17 04:59:46,180,0
session_4848,home,0,2025-04-19 18:59:05,145,0
session_4848,product_page,1,2025-04-19 18:59:59,54,0
session_4849,home,0,2025-02-20 23:01:34,62,0
session_4849,product_page,1,2025-02-20 23:02:41,67,1
session_4849,cart,2,2025-02-20 23:05:31,170,1
session_4849,checkout,3,2025-02-20 23:06:36,65,1
session_4849,confirmation,4,2025-02-20 23:08:56,140,0
session_4850,home,0,2025-06-28 15:25:55,28,0
session_4851,home,0,2025-02-21 14:05:54,75,0
session_4851,product_page,1,2025-02-21 14:07:22,88,3
session_4852,home,0,2025-03-26 03:00:38,96,0
session_4852,product_page,1,2025-03-26 03:00:56,18,4
session_4853,home,0,2025-03-08 03:24:50,94,0
session_4853,product_page,1,2025-03-08 03:25:13,23,1
session_4854,home,0,2025-06-06 01:22:26,153,0
session_4854,product_page,1,2025-06-06 01:23:43,77,3
session_4855,home,0,2025-02-02 04:52:25,152,0
session_4855,product_page,1,2025-02-02 04:53:07,42,4
session_4856,home,0,2025-02-27 03:04:39,133,0
session_4856,product_page,1,2025-02-27 03:04:59,20,3
session_4857,home,0,2025-03-08 13:40:29,112,0
session_4858,home,0,2025-02-04 02:31:18,101,0
session_4859,home,0,2025-02-08 03:33:49,148,0
session_4859,product_page,1,2025-02-08 03:35:06,77,3
session_4860,home,0,2025-02-07 08:49:35,170,0
session_4860,product_page,1,2025-02-07 08:51:49,134,0
session_4861,home,0,2025-07-24 10:11:32,88,0
session_4861,product_page,1,2025-07-24 10:13:44,132,3
session_4862,home,0,2025-08-05 10:19:32,55,0
session_4863,home,0,2025-04-30 23:20:25,44,0
session_4863,product_page,1,2025-04-30 23:23:08,163,1
session_4864,home,0,2025-04-10 21:28:43,21,0
session_4864,product_page,1,2025-04-10 21:30:49,126,5
session_4864,cart,2,2025-04-10 21:33:04,135,5
session_4865,home,0,2025-08-23 08:23:08,145,0
session_4865,product_page,1,2025-08-23 08:24:40,92,4
session_4866,home,0,2025-06-15 16:31:26,133,0
session_4867,home,0,2025-06-03 20:38:14,136,0
session_4868,home,0,2025-02-18 23:36:45,27,0
session_4868,product_page,1,2025-02-18 23:39:05,140,0
session_4869,home,0,2025-06-26 12:36:55,169,0
session_4870,home,0,2025-04-13 08:19:52,55,0
session_4871,home,0,2025-05-24 07:43:22,48,0
session_4871,product_page,1,2025-05-24 07:43:48,26,0
session_4872,home,0,2025-05-30 13:35:04,83,0
session_4873,home,0,2025-05-01 23:43:26,179,0
session_4873,product_page,1,2025-05-01 23:46:22,176,4
session_4873,cart,2,2025-05-01 23:48:50,148,4
session_4874,home,0,2025-06-02 07:13:50,68,0
session_4875,home,0,2025-03-26 06:40:50,57,0
session_4875,product_page,1,2025-03-26 06:43:20,150,4
session_4876,home,0,2025-08-26 14:29:14,64,0
session_4877,home,0,2025-08-21 10:35:19,32,0
session_4877,product_page,1,2025-08-21 10:38:00,161,5
session_4877,cart,2,2025-08-21 10:39:10,70,5
session_4877,checkout,3,2025-08-21 10:41:18,128,5
session_4877,confirmation,4,2025-08-21 10:41:48,30,0
session_4878,home,0,2025-02-06 05:03:33,104,0
session_4878,product_page,1,2025-02-06 05:03:59,26,3
session_4879,home,0,2025-05-15 16:25:06,15,0
session_4879,product_page,1,2025-05-15 16:25:46,40,0
session_4879,cart,2,2025-05-15 16:26:10,24,2
session_4879,checkout,3,2025-05-15 16:28:10,120,2
session_4879,confirmation,4,2025-05-15 16:28:51,41,0
session_4880,home,0,2025-03-19 21:01:15,57,0
session_4880,product_page,1,2025-03-19 21:03:51,156,0
session_4881,home,0,2025-01-17 05:55:27,159,0
session_4881,product_page,1,2025-01-17 05:56:47,80,2
session_4881,cart,2,2025-01-17 05:58:58,131,2
session_4882,home,0,2025-04-12 11:25:43,65,0
session_4882,product_page,1,2025-04-12 11:27:17,94,2
session_4883,home,0,2025-02-15 17:38:48,52,0
session_4883,product_page,1,2025-02-15 17:40:49,121,1
session_4883,cart,2,2025-02-15 17:42:01,72,1
session_4883,checkout,3,2025-02-15 17:43:10,69,1
session_4883,confirmation,4,2025-02-15 17:44:08,58,0
session_4884,home,0,2025-08-25 02:28:56,77,0
session_4884,product_page,1,2025-08-25 02:30:32,96,0
session_4884,cart,2,2025-08-25 02:31:24,52,3
session_4884,checkout,3,2025-08-25 02:32:30,66,3
session_4884,confirmation,4,2025-08-25 02:34:07,97,0
session_4885,home,0,2025-08-31 11:37:56,133,0
session_4885,product_page,1,2025-08-31 11:40:38,162,2
session_4886,home,0,2025-05-26 13:55:24,33,0
session_4886,product_page,1,2025-05-26 13:57:29,125,3
session_4886,cart,2,2025-05-26 13:58:33,64,3
session_4886,checkout,3,2025-05-26 13:59:30,57,3
session_4886,confirmation,4,2025-05-26 14:00:30,60,0
session_4887,home,0,2025-01-19 08:40:48,86,0
session_4887,product_page,1,2025-01-19 08:42:28,100,2
session_4887,cart,2,2025-01-19 08:45:23,175,2
session_4887,checkout,3,2025-01-19 08:47:05,102,2
session_4888,home,0,2025-06-24 04:46:28,88,0
session_4888,product_page,1,2025-06-24 04:48:38,130,2
session_4889,home,0,2025-05-14 08:27:17,79,0
session_4889,product_page,1,2025-05-14 08:29:36,139,0
session_4889,cart,2,2025-05-14 08:31:37,121,5
session_4890,home,0,2025-01-24 09:31:23,97,0
session_4891,home,0,2025-06-14 08:36:41,88,0
session_4891,product_page,1,2025-06-14 08:37:43,62,4
session_4892,home,0,2025-07-18 07:50:57,168,0
session_4893,home,0,2025-08-07 10:50:04,50,0
session_4893,product_page,1,2025-08-07 10:50:19,15,0
session_4894,home,0,2025-03-02 07:28:00,135,0
session_4894,product_page,1,2025-03-02 07:28:29,29,3
session_4895,home,0,2025-08-23 02:23:42,134,0
session_4896,home,0,2025-05-21 06:35:49,118,0
session_4897,home,0,2025-05-02 08:48:12,89,0
session_4897,product_page,1,2025-05-02 08:51:08,176,3
session_4897,cart,2,2025-05-02 08:51:42,34,3
session_4897,checkout,3,2025-05-02 08:53:56,134,3
session_4897,confirmation,4,2025-05-02 08:54:46,50,0
session_4898,home,0,2025-07-29 11:47:38,152,0
session_4898,product_page,1,2025-07-29 11:49:54,136,3
session_4898,cart,2,2025-07-29 11:51:08,74,3
session_4898,checkout,3,2025-07-29 11:53:11,123,3
session_4898,confirmation,4,2025-07-29 11:53:54,43,0
session_4899,home,0,2025-02-16 17:07:56,178,0
session_4899,product_page,1,2025-02-16 17:10:20,144,1
session_4900,home,0,2025-07-31 23:45:00,69,0
session_4901,home,0,2025-05-19 10:27:32,19,0
session_4901,product_page,1,2025-05-19 10:30:21,169,4
session_4902,home,0,2025-06-18 19:08:57,98,0
session_4903,home,0,2025-08-28 19:52:59,45,0
session_4903,product_page,1,2025-08-28 19:53:22,23,0
session_4904,home,0,2025-07-26 18:10:58,149,0
session_4904,product_page,1,2025-07-26 18:11:58,60,1
session_4904,cart,2,2025-07-26 18:12:47,49,1
session_4904,checkout,3,2025-07-26 18:15:43,176,1
session_4904,confirmation,4,2025-07-26 18:17:20,97,0
session_4905,home,0,2025-03-02 23:10:06,56,0
session_4905,product_page,1,2025-03-02 23:10:38,32,2
session_4906,home,0,2025-04-23 14:26:55,88,0
session_4906,product_page,1,2025-04-23 14:29:54,179,0
session_4906,cart,2,2025-04-23 14:32:24,150,0
session_4906,checkout,3,2025-04-23 14:32:49,25,3
session_4907,home,0,2025-01-27 11:23:27,121,0
session_4907,product_page,1,2025-01-27 11:23:56,29,0
session_4907,cart,2,2025-01-27 11:26:27,151,3
session_4907,checkout,3,2025-01-27 11:28:33,126,3
session_4908,home,0,2025-07-28 18:21:03,110,0
session_4908,product_page,1,2025-07-28 18:22:50,107,4
session_4909,home,0,2025-05-28 19:44:49,153,0
session_4910,home,0,2025-08-19 02:20:44,55,0
session_4910,product_page,1,2025-08-19 02:23:27,163,0
session_4911,home,0,2025-01-05 14:49:43,50,0
session_4911,product_page,1,2025-01-05 14:51:56,133,0
session_4911,cart,2,2025-01-05 14:53:08,72,3
session_4911,checkout,3,2025-01-05 14:53:54,46,3
session_4911,confirmation,4,2025-01-05 14:54:12,18,0
session_4912,home,0,2025-08-04 13:55:22,106,0
session_4912,product_page,1,2025-08-04 13:55:44,22,0
session_4913,home,0,2025-02-14 09:56:50,54,0
session_4913,product_page,1,2025-02-14 09:58:48,118,1
session_4914,home,0,2025-06-28 14:57:41,171,0
session_4914,product_page,1,2025-06-28 14:58:14,33,0
session_4914,cart,2,2025-06-28 14:59:35,81,5
session_4914,checkout,3,2025-06-28 15:00:25,50,5
session_4914,confirmation,4,2025-06-28 15:02:00,95,0
session_4915,home,0,2025-06-13 22:35:58,35,0
session_4915,product_page,1,2025-06-13 22:38:25,147,1
session_4916,home,0,2025-01-29 14:20:02,98,0
session_4917,home,0,2025-06-13 19:36:19,96,0
session_4917,product_page,1,2025-06-13 19:37:05,46,2
session_4917,cart,2,2025-06-13 19:38:01,56,2
session_4917,checkout,3,2025-06-13 19:39:09,68,2
session_4917,confirmation,4,2025-06-13 19:39:46,37,0
session_4918,home,0,2025-04-25 10:38:45,122,0
session_4918,product_page,1,2025-04-25 10:41:06,141,1
session_4919,home,0,2025-06-06 16:18:33,44,0
session_4920,home,0,2025-05-31 08:23:40,125,0
session_4920,product_page,1,2025-05-31 08:25:59,139,4
session_4921,home,0,2025-03-12 07:46:18,166,0
session_4921,product_page,1,2025-03-12 07:47:56,98,2
session_4922,home,0,2025-01-09 01:44:32,177,0
session_4922,product_page,1,2025-01-09 01:45:08,36,4
session_4923,home,0,2025-05-03 14:23:31,111,0
session_4923,product_page,1,2025-05-03 14:23:50,19,0
session_4923,cart,2,2025-05-03 14:25:37,107,1
session_4923,checkout,3,2025-05-03 14:28:32,175,1
session_4923,confirmation,4,2025-05-03 14:29:37,65,0
session_4924,home,0,2025-03-23 05:20:42,87,0
session_4924,product_page,1,2025-03-23 05:22:51,129,2
session_4924,cart,2,2025-03-23 05:24:27,96,2
session_4925,home,0,2025-08-06 02:31:31,40,0
session_4926,home,0,2025-05-06 17:27:00,82,0
session_4927,home,0,2025-07-05 11:54:40,50,0
session_4928,home,0,2025-02-01 17:12:12,124,0
session_4928,product_page,1,2025-02-01 17:12:53,41,4
session_4929,home,0,2025-01-26 11:32:36,35,0
session_4929,product_page,1,2025-01-26 11:35:06,150,0
session_4929,cart,2,2025-01-26 11:37:41,155,5
session_4930,home,0,2025-06-07 00:35:27,84,0
session_4930,product_page,1,2025-06-07 00:38:24,177,0
session_4931,home,0,2025-06-26 18:22:16,104,0
session_4931,product_page,1,2025-06-26 18:22:52,36,3
session_4932,home,0,2025-07-05 16:03:22,46,0
session_4933,home,0,2025-04-26 01:30:02,150,0
session_4934,home,0,2025-07-16 20:59:55,168,0
session_4934,product_page,1,2025-07-16 21:01:41,106,2
session_4935,home,0,2025-01-27 02:11:19,33,0
session_4935,product_page,1,2025-01-27 02:12:30,71,1
session_4935,cart,2,2025-01-27 02:13:51,81,1
session_4936,home,0,2025-06-25 17:38:19,177,0
session_4936,product_page,1,2025-06-25 17:40:59,160,3
session_4937,home,0,2025-05-18 14:08:34,43,0
session_4938,home,0,2025-03-22 15:34:30,151,0
session_4938,product_page,1,2025-03-22 15:35:36,66,0
session_4939,home,0,2025-01-22 16:47:20,48,0
session_4939,product_page,1,2025-01-22 16:47:56,36,2
session_4940,home,0,2025-03-23 21:13:06,127,0
session_4940,product_page,1,2025-03-23 21:15:31,145,1
session_4940,cart,2,2025-03-23 21:17:58,147,1
session_4941,home,0,2025-01-29 23:10:06,67,0
session_4941,product_page,1,2025-01-29 23:10:49,43,0
session_4941,cart,2,2025-01-29 23:11:21,32,5
session_4941,checkout,3,2025-01-29 23:11:44,23,5
session_4941,confirmation,4,2025-01-29 23:14:18,154,0
session_4942,home,0,2025-03-07 07:56:30,130,0
session_4942,product_page,1,2025-03-07 07:58:04,94,3
session_4942,cart,2,2025-03-07 07:59:50,106,3
session_4943,home,0,2025-06-09 13:46:54,164,0
session_4943,product_page,1,2025-06-09 13:48:30,96,0
session_4943,cart,2,2025-06-09 13:50:37,127,0
session_4943,checkout,3,2025-06-09 13:51:57,80,1
session_4943,confirmation,4,2025-06-09 13:54:26,149,0
session_4944,home,0,2025-03-28 15:51:01,79,0
session_4944,product_page,1,2025-03-28 15:53:00,119,0
session_4945,home,0,2025-07-06 21:46:43,103,0
session_4945,product_page,1,2025-07-06 21:48:34,111,0
session_4946,home,0,2025-05-10 00:46:00,139,0
session_4946,product_page,1,2025-05-10 00:47:59,119,3
session_4946,cart,2,2025-05-10 00:49:39,100,3
session_4946,checkout,3,2025-05-10 00:51:08,89,3
session_4947,home,0,2025-04-10 02:52:00,128,0
session_4947,product_page,1,2025-04-10 02:53:52,112,2
session_4947,cart,2,2025-04-10 02:55:49,117,2
session_4948,home,0,2025-05-18 20:49:36,110,0
session_4948,product_page,1,2025-05-18 20:50:28,52,0
session_4949,home,0,2025-01-05 21:56:45,52,0
session_4949,product_page,1,2025-01-05 21:57:33,48,5
session_4949,cart,2,2025-01-05 21:59:46,133,5
session_4950,home,0,2025-04-21 00:47:51,116,0
session_4950,product_page,1,2025-04-21 00:49:07,76,0
session_4951,home,0,2025-01-30 03:49:34,128,0
session_4952,home,0,2025-04-29 19:40:38,163,0
session_4952,product_page,1,2025-04-29 19:41:59,81,0
session_4952,cart,2,2025-04-29 19:44:59,180,0
session_4953,home,0,2025-02-15 05:17:51,25,0
session_4954,home,0,2025-01-15 10:37:53,34,0
session_4955,home,0,2025-05-07 23:44:50,141,0
session_4955,product_page,1,2025-05-07 23:47:39,169,1
session_4956,home,0,2025-06-16 09:05:05,70,0
session_4957,home,0,2025-07-29 22:45:16,36,0
session_4957,product_page,1,2025-07-29 22:48:04,168,0
session_4957,cart,2,2025-07-29 22:50:30,146,5
session_4957,checkout,3,2025-07-29 22:51:28,58,5
session_4958,home,0,2025-01-07 21:50:52,63,0
session_4958,product_page,1,2025-01-07 21:53:49,177,0
session_4959,home,0,2025-05-11 06:36:56,85,0
session_4959,product_page,1,2025-05-11 06:39:44,168,0
session_4960,home,0,2025-04-28 00:53:18,93,0
session_4960,product_page,1,2025-04-28 00:54:17,59,0
session_4960,cart,2,2025-04-28 00:56:57,160,0
session_4960,checkout,3,2025-04-28 00:59:19,142,1
session_4961,home,0,2025-04-23 08:41:20,149,0
session_4962,home,0,2025-05-18 21:30:13,151,0
session_4963,home,0,2025-01-12 18:51:42,83,0
session_4963,product_page,1,2025-01-12 18:52:10,28,2
session_4963,cart,2,2025-01-12 18:53:02,52,2
session_4964,home,0,2025-02-21 03:54:55,87,0
session_4964,product_page,1,2025-02-21 03:56:29,94,1
session_4965,home,0,2025-06-09 20:35:23,19,0
session_4965,product_page,1,2025-06-09 20:38:09,166,0
session_4965,cart,2,2025-06-09 20:39:13,64,4
session_4965,checkout,3,2025-06-09 20:39:44,31,4
session_4965,confirmation,4,2025-06-09 20:41:49,125,0
session_4966,home,0,2025-08-17 16:04:27,74,0
session_4966,product_page,1,2025-08-17 16:06:56,149,5
session_4967,home,0,2025-03-09 09:54:33,129,0
session_4967,product_page,1,2025-03-09 09:56:37,124,0
session_4968,home,0,2025-04-05 23:05:46,63,0
session_4968,product_page,1,2025-04-05 23:06:51,65,1
session_4968,cart,2,2025-04-05 23:09:14,143,1
session_4968,checkout,3,2025-04-05 23:11:20,126,1
session_4968,confirmation,4,2025-04-05 23:11:40,20,0
session_4969,home,0,2025-05-06 02:02:35,52,0
session_4969,product_page,1,2025-05-06 02:04:44,129,0
session_4970,home,0,2025-07-01 22:08:22,167,0
session_4970,product_page,1,2025-07-01 22:10:37,135,0
session_4971,home,0,2025-03-19 23:52:56,101,0
session_4971,product_page,1,2025-03-19 23:55:18,142,0
session_4971,cart,2,2025-03-19 23:57:55,157,4
session_4971,checkout,3,2025-03-19 23:58:30,35,4
session_4971,confirmation,4,2025-03-19 23:59:09,39,0
session_4972,home,0,2025-01-02 10:23:33,172,0
session_4972,product_page,1,2025-01-02 10:24:39,66,4
session_4973,home,0,2025-04-11 19:21:55,90,0
session_4974,home,0,2025-01-05 02:40:06,69,0
session_4974,product_page,1,2025-01-05 02:41:05,59,0
session_4975,home,0,2025-05-29 14:01:38,114,0
session_4975,product_page,1,2025-05-29 14:04:24,166,4
session_4975,cart,2,2025-05-29 14:06:02,98,4
session_4975,checkout,3,2025-05-29 14:06:45,43,4
session_4975,confirmation,4,2025-05-29 14:09:20,155,0
session_4976,home,0,2025-02-01 21:18:41,165,0
session_4976,product_page,1,2025-02-01 21:20:37,116,5
session_4977,home,0,2025-03-24 20:08:46,113,0
session_4977,product_page,1,2025-03-24 20:10:44,118,0
session_4977,cart,2,2025-03-24 20:12:06,82,2
session_4978,home,0,2025-03-27 13:41:52,161,0
session_4978,product_page,1,2025-03-27 13:44:42,170,5
session_4978,cart,2,2025-03-27 13:47:38,176,5
session_4979,home,0,2025-05-15 06:39:55,177,0
session_4979,product_page,1,2025-05-15 06:40:54,59,5
session_4979,cart,2,2025-05-15 06:43:01,127,5
session_4979,checkout,3,2025-05-15 06:45:59,178,5
session_4979,confirmation,4,2025-05-15 06:48:10,131,0
session_4980,home,0,2025-06-06 21:49:50,146,0
session_4980,product_page,1,2025-06-06 21:50:13,23,1
session_4981,home,0,2025-03-18 22:30:45,21,0
session_4981,product_page,1,2025-03-18 22:31:51,66,0
session_4981,cart,2,2025-03-18 22:34:38,167,0
session_4981,checkout,3,2025-03-18 22:35:03,25,1
session_4981,confirmation,4,2025-03-18 22:36:07,64,0
session_4982,home,0,2025-03-14 23:37:24,42,0
session_4983,home,0,2025-08-08 04:03:00,177,0
session_4983,product_page,1,2025-08-08 04:03:44,44,0
session_4984,home,0,2025-04-24 00:56:43,117,0
session_4984,product_page,1,2025-04-24 00:57:06,23,0
session_4984,cart,2,2025-04-24 00:57:50,44,0
session_4984,checkout,3,2025-04-24 01:00:15,145,2
session_4984,confirmation,4,2025-04-24 01:03:15,180,0
session_4985,home,0,2025-07-18 15:29:53,114,0
session_4985,product_page,1,2025-07-18 15:30:48,55,0
session_4986,home,0,2025-03-05 12:49:44,139,0
session_4987,home,0,2025-04-25 03:27:46,85,0
session_4987,product_page,1,2025-04-25 03:28:29,43,5
session_4988,home,0,2025-02-04 20:56:38,141,0
session_4988,product_page,1,2025-02-04 20:57:30,52,4
session_4989,home,0,2025-01-05 14:38:33,106,0
session_4989,product_page,1,2025-01-05 14:38:53,20,2
session_4989,cart,2,2025-01-05 14:41:05,132,2
session_4989,checkout,3,2025-01-05 14:43:20,135,2
session_4989,confirmation,4,2025-01-05 14:45:02,102,0
session_4990,home,0,2025-02-13 14:32:23,19,0
session_4990,product_page,1,2025-02-13 14:34:14,111,3
session_4991,home,0,2025-05-10 00:16:12,78,0
session_4992,home,0,2025-02-16 04:26:35,179,0
session_4993,home,0,2025-02-16 00:51:39,41,0
session_4993,product_page,1,2025-02-16 00:52:17,38,0
session_4994,home,0,2025-02-25 11:06:50,68,0
session_4994,product_page,1,2025-02-25 11:08:34,104,0
session_4995,home,0,2025-02-08 18:59:21,108,0
session_4996,home,0,2025-07-11 10:19:43,85,0
session_4996,product_page,1,2025-07-11 10:21:00,77,0
session_4997,home,0,2025-05-27 19:54:51,57,0
session_4998,home,0,2025-01-07 04:26:16,167,0
session_4998,product_page,1,2025-01-07 04:26:54,38,2
session_4999,home,0,2025-05-24 05:09:58,113,0
